season,team,providerId,player_name,age,position_group,games,ratings,age_cat
2019,Adelaide Crows,1000908,Myles Poholke,21,Gen Fwd,2,50.7425358237293,Rising Stars
2019,Adelaide Crows,1000932,Tom Doedee,22,Gen Def,1,52.4659123868864,Established Youth
2019,Adelaide Crows,1000998,Lachlan Murphy,20,Gen Fwd,21,54.5533304835026,Rising Stars
2019,Adelaide Crows,1005199,Elliott Himmelberg,21,Key Fwd,7,56.5429571302948,Rising Stars
2019,Adelaide Crows,1006203,Chayce Jones,19,Gen Fwd,8,50.1196727957251,Rising Stars
2019,Adelaide Crows,240060,Eddie Betts,32,Gen Fwd,21,62.1137233743735,Veterans
2019,Adelaide Crows,240370,Richard Douglas,32,Gen Fwd,9,54.1493946185943,Veterans
2019,Adelaide Crows,250362,David Mackay,31,Wing,18,66.2364661768146,Veterans
2019,Adelaide Crows,250417,Bryce Gibbs,30,Mid,12,69.4082945663638,Veterans
2019,Adelaide Crows,270296,Andy Otten,30,Gen Def,3,69.5901306625088,Veterans
2019,Adelaide Crows,270811,Sam Jacobs,31,Ruck,5,79.8827031522612,Veterans
2019,Adelaide Crows,270938,Tom Lynch,28,Gen Fwd,16,84.7226189374326,Prime
2019,Adelaide Crows,270963,Rory Sloane,29,Mid,22,102.999274238304,Prime
2019,Adelaide Crows,280506,Taylor Walker,29,Key Fwd,22,67.1373359646823,Prime
2019,Adelaide Crows,280934,Daniel Talia,28,Key Def,22,69.2672976747719,Prime
2019,Adelaide Crows,281091,Hugh Greenwood,27,Mid-Fwd,14,85.526976762273,Prime
2019,Adelaide Crows,290228,Kyle Hartigan,27,Key Def,19,43.8840599402809,Prime
2019,Adelaide Crows,290797,Alex Keath,27,Key Def,18,76.2194628355821,Prime
2019,Adelaide Crows,291748,Brodie Smith,27,Gen Def,22,89.2338418911846,Prime
2019,Adelaide Crows,293193,Luke Brown,26,Gen Def,15,67.5806319893054,Prime
2019,Adelaide Crows,293222,Rory Laird,25,Gen Def,22,96.7596721455797,Established Youth
2019,Adelaide Crows,293479,Cameron Ellis-Yolmen,26,Mid,10,93.3778720514966,Prime
2019,Adelaide Crows,294307,Brad Crouch,25,Mid,22,97.5000406498179,Established Youth
2019,Adelaide Crows,294472,Rory Atkins,25,Wing,20,75.2118268777127,Established Youth
2019,Adelaide Crows,294733,Paul Seedsman,27,Wing,13,72.307454169213,Prime
2019,Adelaide Crows,294828,Josh Jenkins,30,Key Fwd,11,68.2954482142395,Veterans
2019,Adelaide Crows,295103,Riley Knight,24,Gen Fwd,15,62.9484776502127,Established Youth
2019,Adelaide Crows,295964,Patrick Wilson,24,Mid,1,50.078054085709,Established Youth
2019,Adelaide Crows,297401,Matt Crouch,24,Mid,19,104.605202381708,Established Youth
2019,Adelaide Crows,297473,Jake Kelly,24,Gen Def,22,74.9221182198212,Established Youth
2019,Adelaide Crows,297523,Reilly O'Brien,24,Ruck,18,95.0227443933686,Established Youth
2019,Adelaide Crows,298417,Ben Davis,22,Gen Fwd,1,21.5839389724128,Established Youth
2019,Adelaide Crows,990882,Wayne Milera,22,Gen Def,17,74.4139538923287,Established Youth
2019,Adelaide Crows,997230,Tyson Stengle,20,Gen Fwd,2,61.6323435233237,Rising Stars
2019,Adelaide Crows,998106,Jordan Gallucci,21,Gen Fwd,10,49.6629054917381,Rising Stars
2019,Adelaide Crows,999331,Darcy Fogarty,20,Key Fwd,4,65.4803874168413,Rising Stars
2019,Brisbane Lions,1000978,Hugh McCluggage,21,Wing,23,93.6730059087907,Rising Stars
2019,Brisbane Lions,1002235,Cam Rayner,19,Gen Fwd,24,46.7633981169377,Rising Stars
2019,Brisbane Lions,1002312,Zac Bailey,20,Gen Def,15,49.3591273545147,Rising Stars
2019,Brisbane Lions,1002401,Brandon Starcevich,20,Gen Def,1,33.5972755984499,Rising Stars
2019,Brisbane Lions,1004863,Mitchell Hinge,21,Wing,2,64.4697397515418,Rising Stars
2019,Brisbane Lions,1005053,Noah Answerth,20,Gen Def,19,59.7035811557166,Rising Stars
2019,Brisbane Lions,1005521,Oscar McInerney,25,Ruck,21,67.1081261800608,Established Youth
2019,Brisbane Lions,220047,Luke Hodge,35,Gen Def,22,71.8879626368938,Old Timers
2019,Brisbane Lions,261224,Dayne Zorko,30,Mid,24,107.039701956303,Veterans
2019,Brisbane Lions,271072,Daniel Rich,29,Gen Def,24,97.1724700166154,Prime
2019,Brisbane Lions,280763,Stefan Martin,32,Ruck,24,93.9625204500754,Veterans
2019,Brisbane Lions,280863,Ryan Bastinac,28,Wing,3,47.8532444805108,Prime
2019,Brisbane Lions,280918,Allen Christensen,28,Gen Fwd,13,69.5342169866191,Prime
2019,Brisbane Lions,290311,Mitch Robinson,30,Wing,23,94.5089315479237,Veterans
2019,Brisbane Lions,291548,Ryan Lester,27,Gen Def,9,60.8537339161729,Prime
2019,Brisbane Lions,291550,Josh Walker,26,Key Def,11,63.9671417504425,Prime
2019,Brisbane Lions,293535,Lachie Neale,26,Mid,24,118.668356091159,Prime
2019,Brisbane Lions,293581,Lincoln McCarthy,25,Gen Fwd,24,66.1996407653554,Established Youth
2019,Brisbane Lions,293716,Jarryd Lyons,27,Mid,24,100.575241430408,Prime
2019,Brisbane Lions,294168,Marcus Adams,26,Key Def,10,54.8085367477293,Prime
2019,Brisbane Lions,296211,Lewis Taylor,24,Wing,5,71.1889585086346,Established Youth
2019,Brisbane Lions,296269,Darcy Gardiner,24,Gen Def,24,67.429097310467,Established Youth
2019,Brisbane Lions,297258,Nicholas Robertson,24,Gen Def,5,62.0385184801695,Established Youth
2019,Brisbane Lions,297406,Tom Cutler,24,Wing,3,78.3273009961723,Established Youth
2019,Brisbane Lions,297504,Daniel McStay,24,Key Fwd,24,57.3497858995747,Established Youth
2019,Brisbane Lions,990609,Charlie Cameron,25,Gen Fwd,24,77.6225574188551,Established Youth
2019,Brisbane Lions,992752,Archie Smith,24,Ruck,2,58.9308969391735,Established Youth
2019,Brisbane Lions,993828,Rhys Mathieson,22,Mid-Fwd,9,60.2115571200371,Established Youth
2019,Brisbane Lions,993946,Ben Keays,22,Mid-Fwd,2,68.1551737396441,Established Youth
2019,Brisbane Lions,993953,Eric Hipwood,22,Key Fwd,23,53.3696787858826,Established Youth
2019,Brisbane Lions,994047,Cedric Cox,22,Gen Fwd,1,44.1771237563824,Established Youth
2019,Brisbane Lions,996059,Harris Andrews,22,Key Def,21,80.8319002792854,Established Youth
2019,Brisbane Lions,998128,Alex Witherden,20,Gen Def,23,72.2746205315452,Rising Stars
2019,Brisbane Lions,998133,Jarrod Berry,21,Mid,20,86.25103896395,Rising Stars
2019,Brisbane Lions,998268,Jacob Allison,21,Wing,2,46.3773930794094,Rising Stars
2019,Carlton,1000953,Harry McKay,21,Key Fwd,20,61.4905106797017,Rising Stars
2019,Carlton,1001028,Jack Silvagni,21,Gen Fwd,17,60.0959633540966,Rising Stars
2019,Carlton,1001398,Matthew Kennedy,22,Gen Fwd,10,57.3473663957368,Established Youth
2019,Carlton,1002256,Paddy Dow,19,Mid-Fwd,19,54.3543882169813,Rising Stars
2019,Carlton,1002259,Lochie O'Brien,20,Wing,17,45.239049874446,Rising Stars
2019,Carlton,1004767,Angus Schumacher,20,Key Def,1,42.0342733189222,Rising Stars
2019,Carlton,1006094,Sam Walsh,19,Wing,22,86.7202913030138,Rising Stars
2019,Carlton,1008312,Liam Stocker,19,Gen Def,5,50.0217257711713,Rising Stars
2019,Carlton,230202,Kade Simpson,35,Gen Def,18,81.2670201831474,Old Timers
2019,Carlton,240359,Dale Thomas,32,Gen Def,20,82.2926764503926,Veterans
2019,Carlton,250105,Marc Murphy,32,Mid,19,90.7369626115111,Veterans
2019,Carlton,261230,Matthew Lobbe,30,Ruck,2,47.8831336935142,Veterans
2019,Carlton,261299,Matthew Kreuzer,30,Ruck,15,97.4144566842042,Veterans
2019,Carlton,270146,Ed Curnow,29,Mid,22,90.7573411740574,Prime
2019,Carlton,281078,Liam Jones,28,Key Def,13,66.0661260297078,Prime
2019,Carlton,281124,Levi Casboult,29,Key Fwd,20,74.2832012880488,Prime
2019,Carlton,290821,Alex Fasolo,27,Gen Fwd,3,29.9931266011985,Prime
2019,Carlton,294068,Andrew Phillips,28,Ruck,5,93.4410542402455,Prime
2019,Carlton,294624,Lachie Plowman,24,Gen Def,21,71.973042519544,Established Youth
2019,Carlton,296200,Michael Gibbons,24,Gen Fwd,21,59.4004959517133,Established Youth
2019,Carlton,296439,Darcy Lang,23,Gen Fwd,8,45.0089133952158,Established Youth
2019,Carlton,297255,Mitch McGovern,24,Key Fwd,16,48.702529922907,Established Youth
2019,Carlton,297907,Nic Newman,26,Gen Def,20,96.8015167595494,Prime
2019,Carlton,298302,Caleb Marchbank,22,Gen Def,13,63.5122765836366,Established Youth
2019,Carlton,298316,Hugh Goddard,23,Key Def,2,26.4263299397248,Established Youth
2019,Carlton,298446,Josh Deluca,23,Gen Fwd,6,55.7896633499003,Established Youth
2019,Carlton,990424,Jarrod Garlett,23,Gen Def,2,42.1710175828126,Established Youth
2019,Carlton,990704,Patrick Cripps,24,Mid,20,117.513433148216,Established Youth
2019,Carlton,993795,David Cuningham,22,Gen Fwd,9,66.3690694124325,Established Youth
2019,Carlton,993832,Jacob Weitering,21,Key Def,20,71.1555020429319,Rising Stars
2019,Carlton,994539,Sam Petrevski-Seton,21,Gen Def,22,81.3780097598741,Rising Stars
2019,Carlton,996731,Charlie Curnow,22,Key Fwd,11,68.5615298254206,Established Youth
2019,Carlton,998100,Cam Polson,21,Gen Fwd,3,27.3526000226359,Rising Stars
2019,Carlton,998167,Thomas Williamson,20,Gen Def,2,38.3914725627046,Rising Stars
2019,Carlton,998215,Will Setterfield,21,Wing,18,60.9387172837648,Rising Stars
2019,Carlton,998226,Harrison Macreadie,21,Key Def,1,13.5854276527448,Rising Stars
2019,Carlton,999827,Zac Fisher,21,Mid-Fwd,21,65.6894934466182,Rising Stars
2019,Collingwood,1000072,John Noble,22,Gen Def,5,52.5662071271571,Established Youth
2019,Collingwood,1001448,Rupert Wills,26,Mid,9,71.0734533729203,Prime
2019,Collingwood,1002240,Jaidyn Stephenson,20,Gen Fwd,14,80.1781853213212,Rising Stars
2019,Collingwood,1002770,Callum Brown,21,Gen Fwd,22,66.0511578349884,Rising Stars
2019,Collingwood,1003029,Brayden Sier,21,Mid,6,49.5741611059616,Rising Stars
2019,Collingwood,1005013,Flynn Appleby,20,Gen Def,1,20.5152378722952,Rising Stars
2019,Collingwood,1005054,Josh Daicos,20,Wing,5,53.2554760181241,Rising Stars
2019,Collingwood,1008089,Isaac Quaynor,19,Gen Def,4,60.1440038645777,Rising Stars
2019,Collingwood,1010841,Jack Madgen,26,Key Def,4,54.3070227101301,Prime
2019,Collingwood,230232,Daniel Wells,34,Gen Fwd,1,64.0580753747914,Old Timers
2019,Collingwood,240232,Ben Reid,30,Key Fwd,8,71.0145815574324,Veterans
2019,Collingwood,250290,Travis Varcoe,31,Gen Fwd,16,58.6940244845531,Veterans
2019,Collingwood,260257,Scott Pendlebury,31,Mid,24,104.749271116089,Veterans
2019,Collingwood,270861,Levi Greenwood,30,Gen Def,17,63.192473492413,Veterans
2019,Collingwood,271001,Dayne Beams,29,Mid,9,81.3065964781495,Prime
2019,Collingwood,280012,Jordan Roughead,28,Key Def,24,63.2609259072578,Prime
2019,Collingwood,280416,Christopher Mayne,30,Wing,21,74.3924123142266,Veterans
2019,Collingwood,280965,Steele Sidebottom,28,Wing,23,95.7688300082071,Prime
2019,Collingwood,290289,Josh Thomas,28,Gen Fwd,22,63.5550580763499,Prime
2019,Collingwood,291313,Jeremy Howe,29,Key Def,21,83.659219194381,Prime
2019,Collingwood,291720,Will Hoskin-Elliott,26,Gen Fwd,19,68.0256384034543,Prime
2019,Collingwood,291776,Taylor Adams,26,Mid,12,96.0464729888565,Prime
2019,Collingwood,291790,Adam Treloar,26,Mid,24,111.518484042899,Prime
2019,Collingwood,291849,Brody Mihocek,26,Key Fwd,24,68.9466367617718,Prime
2019,Collingwood,293801,Jamie Elliott,27,Gen Fwd,16,73.3722122026235,Prime
2019,Collingwood,293871,Jack Crisp,26,Gen Def,24,88.9549655823541,Prime
2019,Collingwood,293957,Brodie Grundy,25,Ruck,24,130.607301599847,Established Youth
2019,Collingwood,295012,Matthew Scharenberg,24,Gen Def,7,56.0912043021693,Established Youth
2019,Collingwood,295067,James Aish,23,Gen Def,14,63.0703422702587,Established Youth
2019,Collingwood,295444,Tom Langdon,25,Gen Def,9,74.617837429376,Established Youth
2019,Collingwood,298288,Darcy Moore,23,Key Def,17,78.6998735071435,Established Youth
2019,Collingwood,992010,Brayden Maynard,22,Gen Def,24,81.9890823396528,Established Youth
2019,Collingwood,993796,Ben Crocker,21,Gen Fwd,3,34.8115266573358,Rising Stars
2019,Collingwood,994185,Jordan De Goey,23,Gen Fwd,17,81.8915185916896,Established Youth
2019,Collingwood,996487,Tom Phillips,23,Wing,24,82.6084653421199,Established Youth
2019,Collingwood,998647,Mason Cox,28,Key Fwd,14,53.9378577908499,Prime
2019,Essendon,1001026,Jordan Ridley,20,Gen Def,6,65.7854784120904,Rising Stars
2019,Essendon,1004034,Brandon Zerk-Thatcher,21,Key Def,1,58.051233652833,Rising Stars
2019,Essendon,1005721,Joshua Begley,21,Gen Fwd,8,52.7694258769418,Rising Stars
2019,Essendon,1008190,Brayden Ham,20,Mid-Fwd,5,47.4577260372688,Rising Stars
2019,Essendon,261314,David Myers,30,Mid-Fwd,7,51.320038852763,Veterans
2019,Essendon,261320,Tom Bellchambers,30,Ruck,16,84.529197812078,Veterans
2019,Essendon,270588,Cale Hooker,30,Key Def,18,77.9716687667569,Veterans
2019,Essendon,270935,Michael Hurley,29,Key Def,19,79.9440405288372,Prime
2019,Essendon,270951,David Zaharakis,29,Wing,20,78.8399488711536,Prime
2019,Essendon,280038,Shaun McKernan,29,Key Fwd,16,64.4039743767348,Prime
2019,Essendon,290251,Zac Clarke,29,Ruck,9,62.3941522247957,Prime
2019,Essendon,290622,Mitch Brown,29,Key Fwd,16,63.2123820127795,Prime
2019,Essendon,290629,Dyson Heppell,27,Mid,18,95.4847146109162,Prime
2019,Essendon,291771,Devon Smith,26,Mid-Fwd,7,68.6192516332621,Prime
2019,Essendon,291783,Dylan Shiel,26,Mid,22,97.9043587587671,Prime
2019,Essendon,293884,Jake Stringer,25,Gen Fwd,19,69.1743127925872,Established Youth
2019,Essendon,294077,Michael Hartley,26,Key Def,3,71.4987916424893,Prime
2019,Essendon,294092,Anthony McDonald-Tipungwuti,26,Gen Fwd,23,74.2732413564927,Prime
2019,Essendon,294339,Ben McNiece,27,Gen Def,5,42.9530697968261,Prime
2019,Essendon,294518,Joe Daniher,25,Key Fwd,4,60.9047344173958,Established Youth
2019,Essendon,294798,Mark Baguley,32,Gen Fwd,10,52.6085643631006,Veterans
2019,Essendon,295461,Adam Saad,25,Gen Def,22,82.726929545609,Established Youth
2019,Essendon,295599,Patrick Ambrose,28,Key Def,20,52.7593606225252,Prime
2019,Essendon,296334,Orazio Fantasia,24,Gen Fwd,15,59.1170874443296,Established Youth
2019,Essendon,297438,Martin Gleeson,25,Gen Def,9,70.9020748513569,Established Youth
2019,Essendon,298280,Jayden Laverde,23,Key Fwd,10,65.6215992991211,Established Youth
2019,Essendon,298630,Kyle Langford,22,Mid-Fwd,18,71.6853907238804,Established Youth
2019,Essendon,990606,Will Snelling,22,Gen Fwd,4,78.3354164098586,Established Youth
2019,Essendon,990816,Aaron Francis,22,Key Def,17,66.0576419053272,Established Youth
2019,Essendon,992016,Zach Merrett,24,Mid,23,104.512130519773,Established Youth
2019,Essendon,993817,Darcy Parish,22,Mid-Fwd,21,84.9401059078385,Established Youth
2019,Essendon,994073,Tom Jok,22,Wing,1,48.9399442342604,Established Youth
2019,Essendon,996232,Matt Guelfi,22,Wing,17,56.3281021994119,Established Youth
2019,Essendon,997078,Mason Redman,22,Gen Def,20,69.5585165845836,Established Youth
2019,Essendon,997846,Conor McKenna,23,Gen Def,22,80.2933758798939,Established Youth
2019,Essendon,998102,Andrew McGrath,21,Wing,23,74.8724773717375,Rising Stars
2019,Essendon,998109,Dylan Clarke,20,Mid,11,64.8206741886578,Rising Stars
2019,Essendon,998212,Kobe Mutch,21,Wing,1,0.09775,Rising Stars
2019,Fremantle,1000860,Lachie Schultz,21,Gen Fwd,7,42.334151108756,Rising Stars
2019,Fremantle,1002232,Andrew Brayshaw,19,Mid-Fwd,22,70.6520895914286,Rising Stars
2019,Fremantle,1002239,Adam Cerra,20,Gen Def,20,62.76596548351,Rising Stars
2019,Fremantle,1002353,Mitch Crowden,20,Gen Fwd,5,62.1481850493834,Rising Stars
2019,Fremantle,1002372,Hugh Dixon,20,Key Fwd,1,45.2069363006421,Rising Stars
2019,Fremantle,1006151,Jason Carter,19,Gen Def,2,32.8085853240829,Rising Stars
2019,Fremantle,220096,Aaron Sandilands,36,Ruck,6,86.5715130910508,Old Timers
2019,Fremantle,240052,David Mundy,34,Mid,22,88.5536577807874,Old Timers
2019,Fremantle,260069,Hayden Ballantyne,32,Gen Fwd,3,46.4125775911028,Veterans
2019,Fremantle,280336,Stephen Hill,29,Gen Fwd,3,40.2160368556068,Prime
2019,Fremantle,280988,Travis Colyer,28,Gen Fwd,10,53.6607472252193,Prime
2019,Fremantle,281007,Michael Walters,28,Mid-Fwd,22,100.486126085303,Prime
2019,Fremantle,290817,Brandon Matera,27,Gen Fwd,20,63.1054774335242,Prime
2019,Fremantle,290823,Reece Conca,27,Mid,22,68.3787491547188,Prime
2019,Fremantle,291570,Nat Fyfe,28,Mid,20,120.363776396823,Prime
2019,Fremantle,293854,Matt Taberner,26,Key Fwd,9,78.1058706738399,Prime
2019,Fremantle,294125,Nathan Wilson,26,Gen Def,18,68.5282133928603,Prime
2019,Fremantle,295222,Joel Hamling,26,Key Def,22,62.6554731068252,Prime
2019,Fremantle,295584,Bradley Hill,26,Wing,22,84.0592365551894,Prime
2019,Fremantle,296317,Scott Jones,24,Ruck,1,80.4758536121601,Established Youth
2019,Fremantle,296324,Jesse Hogan,24,Key Fwd,12,59.8981653683215,Established Youth
2019,Fremantle,296371,Brett Bewley,24,Gen Fwd,7,53.2471440202763,Established Youth
2019,Fremantle,298264,Ed Langdon,23,Wing,22,85.7717109725109,Established Youth
2019,Fremantle,298352,Ryan Nyhuis,22,Gen Def,5,55.6984799161651,Established Youth
2019,Fremantle,298409,Alex Pearce,24,Key Def,11,54.928518410853,Established Youth
2019,Fremantle,298450,Connor Blakely,23,Gen Def,14,75.5577216935124,Established Youth
2019,Fremantle,990740,Rory Lobb,26,Ruck,15,88.514317104417,Prime
2019,Fremantle,992059,Sam Switkowski,22,Gen Fwd,18,65.1624289153151,Established Youth
2019,Fremantle,993816,Darcy Tucker,22,Mid-Fwd,22,73.0973863592569,Established Youth
2019,Fremantle,995192,Cameron McCarthy,24,Key Fwd,12,53.339848734701,Established Youth
2019,Fremantle,996580,Ethan Hughes,24,Gen Def,21,67.5007864804449,Established Youth
2019,Fremantle,997033,Brennan Cox,21,Key Fwd,8,56.212097376463,Rising Stars
2019,Fremantle,997933,Griffin Logue,21,Key Def,10,62.5484644576292,Rising Stars
2019,Fremantle,998115,Taylin Duman,21,Gen Def,14,61.6986889988997,Rising Stars
2019,Fremantle,998145,Sean Darcy,21,Ruck,11,73.8740212683468,Rising Stars
2019,Fremantle,998180,Bailey Banfield,21,Gen Fwd,7,54.8611744982845,Rising Stars
2019,Fremantle,998659,Luke Ryan,23,Gen Def,18,95.712277374149,Established Youth
2019,GWS GIANTS,1001396,Isaac Cumming,21,Gen Def,5,56.3791054792741,Rising Stars
2019,GWS GIANTS,1002251,Brent Daniels,20,Gen Fwd,26,65.6814836610747,Rising Stars
2019,GWS GIANTS,1004286,Zac Langdon,23,Gen Fwd,3,45.0364155777935,Established Youth
2019,GWS GIANTS,1004894,Aiden Bonar,20,Mid-Fwd,2,41.528237416526,Rising Stars
2019,GWS GIANTS,1005247,Sam Taylor,20,Key Def,22,61.5491260108268,Rising Stars
2019,GWS GIANTS,1006103,Jye Caldwell,18,Mid,2,50.057140923241,Rising Stars
2019,GWS GIANTS,1006148,Bobby Hill,19,Gen Fwd,8,54.2120064552201,Rising Stars
2019,GWS GIANTS,1007238,Jake Stein,25,Key Def,5,53.3714341893386,Established Youth
2019,GWS GIANTS,1008083,Connor Idun,19,Gen Def,1,32.8388273355395,Rising Stars
2019,GWS GIANTS,240336,Brett Deledio,32,Gen Fwd,14,76.0411681787078,Veterans
2019,GWS GIANTS,240700,Heath Shaw,33,Gen Def,26,84.6348011129897,Veterans
2019,GWS GIANTS,261374,Sam Reid,29,Gen Def,26,66.3696140533306,Prime
2019,GWS GIANTS,270340,Dawson Simpson,30,Ruck,9,79.4569388043535,Veterans
2019,GWS GIANTS,271015,Matt de Boer,29,Mid,19,71.722560956038,Prime
2019,GWS GIANTS,280109,Callan Ward,29,Mid,1,4.28602260417821,Prime
2019,GWS GIANTS,280762,Shane Mumford,33,Ruck,20,79.062156442626,Veterans
2019,GWS GIANTS,280804,Phil Davis,29,Key Def,23,75.912777171646,Prime
2019,GWS GIANTS,290314,Lachlan Keeffe,29,Key Def,10,50.6330870584914,Prime
2019,GWS GIANTS,290675,Daniel Lloyd,27,Gen Fwd,18,59.4337791741371,Prime
2019,GWS GIANTS,291509,Adam Kennedy,27,Gen Def,23,63.5146686561818,Prime
2019,GWS GIANTS,291792,Tommy Sheridan,25,Wing,1,1.89650460056464,Established Youth
2019,GWS GIANTS,291797,Matthew Buntine,25,Gen Def,9,52.7084380685232,Established Youth
2019,GWS GIANTS,291819,Adam Tomlinson,26,Wing,25,68.9280921673416,Prime
2019,GWS GIANTS,291969,Stephen Coniglio,25,Mid,15,107.787315009024,Established Youth
2019,GWS GIANTS,293845,Jeremy Cameron,26,Key Fwd,24,91.0013643485931,Prime
2019,GWS GIANTS,294305,Lachie Whitfield,25,Mid-Fwd,19,106.608491887927,Established Youth
2019,GWS GIANTS,294508,Aidan Corr,25,Key Def,8,57.4723150021619,Established Youth
2019,GWS GIANTS,294685,Zac Williams,24,Gen Def,24,101.624722291507,Established Youth
2019,GWS GIANTS,295265,Nick Haynes,27,Gen Def,23,88.0400435278994,Prime
2019,GWS GIANTS,295344,Toby Greene,26,Gen Fwd,19,93.7993898461456,Prime
2019,GWS GIANTS,296347,Josh Kelly,24,Mid,18,114.046814376616,Established Youth
2019,GWS GIANTS,298111,Jeremy Finlayson,23,Key Fwd,23,78.9676638671649,Established Youth
2019,GWS GIANTS,993107,Harry Himmelberg,23,Key Fwd,25,73.009678258773,Established Youth
2019,GWS GIANTS,993903,Jacob Hopper,22,Mid,23,95.9191450557837,Established Youth
2019,GWS GIANTS,998172,Tim Taranto,21,Mid,26,103.594277737423,Rising Stars
2019,GWS GIANTS,998205,Harry Perryman,20,Wing,19,78.3321173363759,Rising Stars
2019,GWS GIANTS,998225,Zachary Sproule,21,Key Fwd,1,25.6788530741243,Rising Stars
2019,GWS GIANTS,999309,Jackson Hately,18,Wing,7,61.5888841628974,Rising Stars
2019,Geelong Cats,1000937,Jack Henry,21,Gen Def,23,56.4183789426551,Rising Stars
2019,Geelong Cats,1002220,Esava Ratugolea,21,Key Fwd,20,61.4363210983604,Rising Stars
2019,Geelong Cats,1002228,Lachie Fogarty,20,Wing,2,50.3397928436752,Rising Stars
2019,Geelong Cats,1002242,Charlie Constable,20,Mid,7,80.8973323141284,Rising Stars
2019,Geelong Cats,1004870,Zach Guthrie,21,Gen Def,1,50.5574362739675,Rising Stars
2019,Geelong Cats,1004938,Gryan Miers,20,Gen Fwd,25,67.1148738335819,Rising Stars
2019,Geelong Cats,1005530,Ryan Abbott,28,Ruck,1,65.9711729379177,Prime
2019,Geelong Cats,1006152,Jordan Clark,18,Wing,18,60.9435016536913,Rising Stars
2019,Geelong Cats,1007102,Mark O'Connor,22,Gen Def,23,64.3783740299375,Established Youth
2019,Geelong Cats,220001,Gary Ablett,35,Gen Fwd,24,93.3735497730444,Old Timers
2019,Geelong Cats,250321,Joel Selwood,31,Mid,23,88.6791627706907,Veterans
2019,Geelong Cats,261497,Harry Taylor,33,Key Def,24,69.0081696774819,Veterans
2019,Geelong Cats,261510,Tom Hawkins,31,Key Fwd,24,85.2739085511753,Veterans
2019,Geelong Cats,270326,Lachie Henderson,29,Key Def,6,67.0067238321295,Prime
2019,Geelong Cats,270917,Patrick Dangerfield,29,Mid,24,114.671588627091,Prime
2019,Geelong Cats,270928,Scott Selwood,29,Wing,2,72.5389293826234,Prime
2019,Geelong Cats,280317,Rhys Stanley,28,Ruck,18,86.6340044509871,Prime
2019,Geelong Cats,280722,Zac Smith,29,Ruck,3,65.6709636515627,Prime
2019,Geelong Cats,281065,Mitch Duncan,28,Wing,23,100.690047161067,Prime
2019,Geelong Cats,290550,Cameron Guthrie,27,Mid,20,79.0614943178041,Prime
2019,Geelong Cats,291357,Gary Rohan,28,Gen Fwd,19,58.3069116437414,Prime
2019,Geelong Cats,291526,Luke Dahlhaus,27,Gen Fwd,24,82.020271682414,Prime
2019,Geelong Cats,291800,Tom Stewart,26,Gen Def,25,98.2764888345653,Prime
2019,Geelong Cats,292511,Zach Tuohy,29,Gen Def,18,74.0111492244863,Prime
2019,Geelong Cats,293883,Jed Bews,25,Gen Def,12,53.2297892786075,Established Youth
2019,Geelong Cats,294199,Sam Menegola,27,Wing,12,81.5543541543092,Prime
2019,Geelong Cats,295898,Tim Kelly,25,Mid,25,103.951220344271,Established Youth
2019,Geelong Cats,296291,Jake Kolodjashnij,24,Gen Def,23,55.4276217488559,Established Youth
2019,Geelong Cats,296733,Mark Blicavs,28,Key Def,25,81.1065343069452,Prime
2019,Geelong Cats,298211,Darcy Fort,26,Key Fwd,3,69.6166526739841,Prime
2019,Geelong Cats,298419,Brandan Parfitt,21,Mid-Fwd,20,78.3479641392869,Rising Stars
2019,Geelong Cats,993798,James Parsons,22,Wing,4,64.9835349215606,Established Youth
2019,Geelong Cats,994386,Tom Atkins,24,Gen Fwd,23,60.72919194697,Established Youth
2019,Geelong Cats,999824,Quinton Narkle,21,Mid,6,79.5461992864209,Rising Stars
2019,Gold Coast SUNS,1000068,Chris Burgess,23,Key Def,14,48.7064408532257,Established Youth
2019,Gold Coast SUNS,1002328,Jacob Heron,19,Gen Fwd,5,36.8308131710731,Rising Stars
2019,Gold Coast SUNS,1002331,Jacob Dawson,20,Gen Def,6,63.7316286292435,Rising Stars
2019,Gold Coast SUNS,1004095,Jack Lukosius,19,Gen Def,21,50.8894697502177,Rising Stars
2019,Gold Coast SUNS,1005547,Josh Corbett,23,Key Fwd,9,41.7130265138659,Established Youth
2019,Gold Coast SUNS,1006087,Caleb Graham,18,Key Def,3,54.512536068854,Rising Stars
2019,Gold Coast SUNS,1006144,Ben King,19,Key Fwd,14,41.6225539657664,Rising Stars
2019,Gold Coast SUNS,1007881,Wil Powell,20,Wing,13,55.2773093447639,Rising Stars
2019,Gold Coast SUNS,1008882,Charlie Ballard,20,Key Def,21,59.840598173792,Rising Stars
2019,Gold Coast SUNS,240254,Jarrod Harbrow,31,Gen Def,21,76.919119220046,Veterans
2019,Gold Coast SUNS,240712,Michael Rischitelli,33,Gen Fwd,7,50.2808361397403,Veterans
2019,Gold Coast SUNS,270512,Pearce Hanley,30,Gen Def,16,77.5695681957119,Veterans
2019,Gold Coast SUNS,290546,Aaron Young,26,Gen Fwd,2,43.1792656614395,Prime
2019,Gold Coast SUNS,290671,Anthony Miles,27,Mid,17,83.6631622902273,Prime
2019,Gold Coast SUNS,290832,David Swallow,26,Mid,22,87.7295744419613,Prime
2019,Gold Coast SUNS,291753,Sam Day,26,Key Fwd,10,68.3129399467383,Prime
2019,Gold Coast SUNS,291964,Jack Hombsch,26,Key Def,18,53.4918682041987,Prime
2019,Gold Coast SUNS,291975,Jarrod Witts,26,Ruck,22,99.6894295372274,Prime
2019,Gold Coast SUNS,293255,George Horlin-Smith,26,Gen Def,7,45.9324216811526,Prime
2019,Gold Coast SUNS,294013,Sean Lemmens,24,Mid-Fwd,8,47.623510301253,Established Youth
2019,Gold Coast SUNS,294643,Alex Sexton,25,Gen Fwd,22,54.9133532489495,Established Youth
2019,Gold Coast SUNS,295446,Sam Collins,25,Key Def,9,60.9700435058256,Established Youth
2019,Gold Coast SUNS,295942,Jordan Murdoch,27,Gen Def,14,58.5969721108374,Prime
2019,Gold Coast SUNS,296190,Jack Martin,24,Mid-Fwd,16,77.3091840602287,Established Youth
2019,Gold Coast SUNS,297456,Nick Holman,24,Gen Fwd,12,68.4518875098721,Established Youth
2019,Gold Coast SUNS,298272,Touk Miller,23,Mid,18,84.6227314434101,Established Youth
2019,Gold Coast SUNS,298289,Peter Wright,22,Key Fwd,17,68.2611112074673,Established Youth
2019,Gold Coast SUNS,298437,Callum Ah Chee,21,Mid-Fwd,1,81.6020102974196,Rising Stars
2019,Gold Coast SUNS,298524,Lachie Weller,23,Gen Def,17,88.6797598673891,Established Youth
2019,Gold Coast SUNS,991953,Corey Ellis,22,Gen Def,4,64.2088568305983,Established Youth
2019,Gold Coast SUNS,993799,Brayden Fiorini,22,Mid,21,88.1617537014526,Established Youth
2019,Gold Coast SUNS,996064,Jesse Joyce,22,Gen Def,16,60.2140340542306,Established Youth
2019,Gold Coast SUNS,996464,Darcy Macpherson,21,Mid-Fwd,22,81.8181591843284,Rising Stars
2019,Gold Coast SUNS,998129,Will Brodie,21,Mid,8,80.4251392355046,Rising Stars
2019,Gold Coast SUNS,998130,Ben Ainsworth,21,Mid-Fwd,12,60.284000329713,Rising Stars
2019,Gold Coast SUNS,998257,Brad Scheer,21,Gen Fwd,3,34.3817927035329,Rising Stars
2019,Gold Coast SUNS,998260,Jack Bowes,21,Mid,15,76.2918027535712,Rising Stars
2019,Gold Coast SUNS,998511,Joshua Schoenfeld,22,Wing,1,47.2002907451709,Established Youth
2019,Hawthorn,1000887,Mitch Lewis,20,Key Fwd,12,67.5966725612923,Rising Stars
2019,Hawthorn,1000959,James Cousins,21,Mid,12,69.6337481156054,Rising Stars
2019,Hawthorn,1000963,Harry Morrison,20,Wing,9,53.3251155529762,Rising Stars
2019,Hawthorn,1001043,Oliver Hanrahan,21,Gen Fwd,9,52.3991046059437,Rising Stars
2019,Hawthorn,1002222,James Worpel,20,Mid,22,96.9185362298755,Rising Stars
2019,Hawthorn,1003547,Conor Glass,22,Gen Def,7,49.8875242615927,Established Youth
2019,Hawthorn,1006314,Dylan Moore,20,Gen Fwd,7,56.3924656426883,Rising Stars
2019,Hawthorn,1007124,Conor Nash,21,Key Fwd,14,49.6955822960994,Rising Stars
2019,Hawthorn,210012,Shaun Burgoyne,36,Gen Def,18,76.8920415891332,Old Timers
2019,Hawthorn,240302,Grant Birchall,31,Gen Def,3,77.2014893957936,Veterans
2019,Hawthorn,240357,Jarryd Roughead,32,Key Fwd,8,71.7602512559653,Veterans
2019,Hawthorn,260288,James Frawley,30,Key Def,18,55.2471085562958,Veterans
2019,Hawthorn,260710,Paul Puopolo,31,Gen Fwd,22,63.7691385631197,Veterans
2019,Hawthorn,261323,Ben McEvoy,30,Ruck,19,92.7049344196748,Veterans
2019,Hawthorn,280471,Ben Stratton,30,Gen Def,19,43.6060544561531,Veterans
2019,Hawthorn,280737,Liam Shiels,28,Mid,19,86.7617732234459,Prime
2019,Hawthorn,280744,Luke Breust,28,Gen Fwd,22,77.1506286470205,Prime
2019,Hawthorn,280969,Tom Scully,28,Wing,21,65.7751769394615,Prime
2019,Hawthorn,291201,Ricky Henderson,30,Wing,22,94.8912019046487,Veterans
2019,Hawthorn,291327,Jonathon Ceglar,28,Ruck,15,76.3723597804052,Prime
2019,Hawthorn,291334,David Mirra,28,Gen Def,4,70.9903335863436,Prime
2019,Hawthorn,291351,Jack Gunston,27,Key Fwd,20,79.85280891404,Prime
2019,Hawthorn,291962,Chad Wingard,26,Mid-Fwd,14,75.8689599128562,Prime
2019,Hawthorn,294613,Jaeger O'Meara,25,Mid,21,90.0523635976051,Established Youth
2019,Hawthorn,294877,Isaac Smith,30,Wing,19,82.9552703693778,Veterans
2019,Hawthorn,295156,Kaiden Brand,25,Key Def,5,57.3210825619523,Established Youth
2019,Hawthorn,296041,Tim O'Brien,25,Key Def,16,71.9618045557235,Established Youth
2019,Hawthorn,296254,Jarman Impey,24,Gen Def,17,74.021050013323,Established Youth
2019,Hawthorn,297566,James Sicily,24,Key Def,22,93.7376693894537,Established Youth
2019,Hawthorn,298290,Marc Pittonet,23,Ruck,2,71.2412281342071,Established Youth
2019,Hawthorn,992462,Daniel Howe,23,Mid,12,74.2073854264701,Established Youth
2019,Hawthorn,993794,Blake Hardwick,22,Gen Def,22,78.9908658492067,Established Youth
2019,Hawthorn,998114,Jack Scrimshaw,20,Gen Def,10,64.8392456037095,Rising Stars
2019,Hawthorn,998390,Changkuoth Jiath,20,Gen Def,2,67.2176434846526,Rising Stars
2019,Melbourne,1001438,Bayley Fritsch,22,Gen Def,22,76.547344958101,Established Youth
2019,Melbourne,1001449,Mitch Hannan,25,Gen Fwd,6,41.0465029130314,Established Youth
2019,Melbourne,1002282,Charlie Spargo,19,Gen Fwd,8,43.1533782810625,Rising Stars
2019,Melbourne,1005330,Kade Chandler,19,Gen Fwd,1,57.3067014489149,Rising Stars
2019,Melbourne,1006106,Kyle Dunkley,19,Mid-Fwd,5,48.4005427613338,Rising Stars
2019,Melbourne,1008855,Oskar Baker,21,Wing,9,48.299295973375,Rising Stars
2019,Melbourne,1008893,Harrison Petty,19,Key Fwd,10,52.5313094598701,Rising Stars
2019,Melbourne,250089,Jordan Lewis,33,Mid-Fwd,12,66.2250401501055,Veterans
2019,Melbourne,250222,Nathan Jones,31,Gen Def,22,73.4466406364786,Veterans
2019,Melbourne,270653,Jeff Garlett,30,Gen Fwd,7,52.029019006414,Veterans
2019,Melbourne,280824,Jake Melksham,28,Gen Fwd,12,66.6725070242478,Prime
2019,Melbourne,281085,Steven May,27,Key Def,8,70.995882197326,Prime
2019,Melbourne,281280,Neville Jetta,29,Gen Def,7,49.7576573160205,Prime
2019,Melbourne,290160,Michael Hibberd,29,Gen Def,19,64.5966001673325,Prime
2019,Melbourne,290528,Max Gawn,27,Ruck,21,128.240680939922,Prime
2019,Melbourne,291533,Tom McDonald,26,Key Fwd,15,70.880814536737,Prime
2019,Melbourne,291902,Jack Viney,25,Mid,21,80.9613509228703,Established Youth
2019,Melbourne,293738,Sam Frost,26,Key Def,22,64.2643185397118,Prime
2019,Melbourne,294675,Josh Wagner,25,Gen Def,12,60.7652492817934,Established Youth
2019,Melbourne,294823,Tim Smith,28,Key Fwd,7,58.0125845455437,Prime
2019,Melbourne,296209,Kade Kolodjashnij,24,Wing,2,40.4430459829243,Established Youth
2019,Melbourne,296343,Jay Kennedy Harris,24,Wing,5,62.7426918009225,Established Youth
2019,Melbourne,296359,Christian Salem,24,Gen Def,20,90.6530234160935,Established Youth
2019,Melbourne,296420,Alex Neal-Bullen,23,Gen Fwd,14,61.4367243751614,Established Youth
2019,Melbourne,297139,Billy Stretch,22,Wing,9,71.5461796292407,Established Youth
2019,Melbourne,297899,James Harmes,24,Mid,22,94.3958338912289,Established Youth
2019,Melbourne,298210,Christian Petracca,23,Gen Fwd,22,80.9075715655651,Established Youth
2019,Melbourne,298279,Angus Brayshaw,23,Mid,22,83.4718754868415,Established Youth
2019,Melbourne,298281,Jake Lever,23,Key Def,8,70.6446829237705,Established Youth
2019,Melbourne,298390,Jay Lockhart,23,Gen Fwd,12,52.4450679690294,Established Youth
2019,Melbourne,992465,Declan Keilty,24,Key Fwd,2,37.6087160490766,Established Youth
2019,Melbourne,992472,Oscar McDonald,23,Key Def,12,49.3711439521411,Established Youth
2019,Melbourne,992644,Braydon Preuss,24,Ruck,7,67.2420396100519,Established Youth
2019,Melbourne,993806,Sam Weideman,22,Key Fwd,11,58.7284529813049,Established Youth
2019,Melbourne,993940,Corey Wagner,22,Mid-Fwd,11,57.195496834171,Established Youth
2019,Melbourne,994385,Jayden Hunt,24,Gen Fwd,21,58.4374586370056,Established Youth
2019,Melbourne,996692,Marty Hore,23,Gen Def,14,70.5998647341018,Established Youth
2019,Melbourne,996701,Clayton Oliver,22,Mid,22,109.166293151813,Established Youth
2019,Melbourne,999391,Tom Sparrow,19,Gen Fwd,2,47.6452188704382,Rising Stars
2019,North Melbourne,1001017,Nick Larkey,21,Key Fwd,17,60.4453463240928,Rising Stars
2019,North Melbourne,1002143,Ben McKay,21,Key Def,3,34.3550824478584,Rising Stars
2019,North Melbourne,1002267,Luke Davies-Uniacke,20,Mid-Fwd,14,63.148747761102896,Rising Stars
2019,North Melbourne,1005729,Tarryn Thomas,19,Gen Fwd,20,62.4681668939837,Rising Stars
2019,North Melbourne,1006058,Bailey Scott,19,Mid-Fwd,4,53.8166604532019,Rising Stars
2019,North Melbourne,1006137,Curtis Taylor,19,Gen Fwd,2,20.0782356553993,Rising Stars
2019,North Melbourne,260227,Shaun Higgins,31,Mid,17,94.4199855632431,Veterans
2019,North Melbourne,270325,Robbie Tarrant,30,Key Def,22,82.4474050985115,Veterans
2019,North Melbourne,271129,Todd Goldstein,31,Ruck,22,112.142808858178,Veterans
2019,North Melbourne,280864,Sam Wright,29,Gen Def,4,52.266854910485,Prime
2019,North Melbourne,280921,Ben Cunnington,28,Mid,22,102.280402481533,Prime
2019,North Melbourne,280944,Jack Ziebell,28,Mid-Fwd,22,90.9359539057165,Prime
2019,North Melbourne,281395,Scott D. Thompson,33,Key Def,19,70.5076704828668,Veterans
2019,North Melbourne,290156,Jasper Pittard,28,Gen Def,22,79.7467621114156,Prime
2019,North Melbourne,290194,Jamie Macmillan,28,Gen Def,18,81.522185840047,Prime
2019,North Melbourne,290246,Tom Campbell,27,Ruck,2,54.1571757561383,Prime
2019,North Melbourne,290738,Jared Polec,26,Wing,22,87.459059842202,Prime
2019,North Melbourne,290787,Shaun Atley,26,Gen Def,21,74.8590053804422,Prime
2019,North Melbourne,291784,Dom Tyson,26,Mid,3,75.3712634247816,Prime
2019,North Melbourne,291861,Jed Anderson,25,Mid,17,86.9836365402117,Established Youth
2019,North Melbourne,291867,Ben Brown,26,Key Fwd,22,79.4309256241758,Prime
2019,North Melbourne,294556,Nathan Hrovat,25,Gen Fwd,5,59.4881419362797,Established Youth
2019,North Melbourne,295256,Marley Williams,26,Gen Def,17,61.3453456128205,Prime
2019,North Melbourne,295340,Mason Wood,26,Gen Fwd,18,65.4467458818519,Prime
2019,North Melbourne,296035,Trent Dumont,24,Wing,21,83.6815063610029,Established Youth
2019,North Melbourne,296078,Taylor Garner,25,Gen Fwd,9,62.0849644325489,Established Youth
2019,North Melbourne,296355,Luke McDonald,24,Gen Def,13,60.7534671094451,Established Youth
2019,North Melbourne,296735,Aaron Hall,28,Wing,6,75.7708935324793,Prime
2019,North Melbourne,297767,Sam Durdin,23,Key Def,10,52.541618527417,Established Youth
2019,North Melbourne,298271,Paul Ahern,23,Gen Def,7,69.0678075803288,Established Youth
2019,North Melbourne,298287,Ed Vickers-Willis,23,Gen Def,1,1.22915187518721,Established Youth
2019,North Melbourne,992499,Kayne Turner,23,Gen Fwd,21,60.8485072506703,Established Youth
2019,North Melbourne,993998,Jy Simpkin,21,Mid-Fwd,21,70.4886530239129,Rising Stars
2019,North Melbourne,998327,Kyron Hayden,20,Mid,1,31.2171689684466,Rising Stars
2019,North Melbourne,998484,Cameron Zurhaar,21,Gen Fwd,19,65.051246353524,Rising Stars
2019,Port Adelaide,1000972,Willem Drew,20,Mid,10,72.5488370815286,Rising Stars
2019,Port Adelaide,1001299,Connor Rozee,19,Gen Fwd,22,77.3249549474107,Rising Stars
2019,Port Adelaide,1002253,Kane Farrell,20,Gen Fwd,7,47.8153649761085,Rising Stars
2019,Port Adelaide,1004998,Todd Marshall,20,Key Fwd,10,53.0061675496684,Rising Stars
2019,Port Adelaide,1006096,Xavier Duursma,19,Wing,20,73.6509952161745,Rising Stars
2019,Port Adelaide,1006121,Zak Butters,18,Gen Fwd,19,60.6257231345002,Rising Stars
2019,Port Adelaide,250267,Paddy Ryder,31,Ruck,17,82.9262996377239,Veterans
2019,Port Adelaide,250365,Travis Boak,31,Mid,21,107.547184581393,Veterans
2019,Port Adelaide,260750,Justin Westhoff,32,Key Fwd,20,79.9271750689548,Veterans
2019,Port Adelaide,261396,Robbie Gray,31,Mid-Fwd,19,83.9015021152072,Veterans
2019,Port Adelaide,261892,Hamish Hartlett,29,Gen Def,11,80.5739559028659,Prime
2019,Port Adelaide,261911,Brad Ebert,29,Gen Fwd,11,76.597183219343,Prime
2019,Port Adelaide,270919,Tom Rockliff,29,Mid,18,91.5280597175518,Prime
2019,Port Adelaide,271078,Matthew Broadbent,29,Gen Def,10,69.6104785706485,Prime
2019,Port Adelaide,280711,Charlie Dixon,28,Key Fwd,9,64.3350939543443,Prime
2019,Port Adelaide,280972,Jack Watts,28,Key Def,2,83.0760487652289,Prime
2019,Port Adelaide,280990,Steven Motlop,28,Gen Fwd,14,62.4760704581798,Prime
2019,Port Adelaide,290527,Trent McKenzie,27,Gen Def,1,110.259082421812,Prime
2019,Port Adelaide,290722,Sam Gray,27,Gen Fwd,20,70.9604211876014,Prime
2019,Port Adelaide,290733,Cam Sutcliffe,27,Gen Fwd,5,50.4426433395564,Prime
2019,Port Adelaide,290746,Scott Lycett,26,Ruck,18,100.689942794459,Prime
2019,Port Adelaide,292145,Tom Jonas,28,Key Def,18,76.9957009012797,Prime
2019,Port Adelaide,293987,Jarrod Lienert,25,Gen Def,7,82.3587754303938,Established Youth
2019,Port Adelaide,294318,Ollie Wines,24,Mid,12,88.1414576391242,Established Youth
2019,Port Adelaide,294504,Tom Clurey,25,Key Def,21,73.8751934382497,Established Youth
2019,Port Adelaide,297354,Karl Amon,24,Wing,17,77.454159295543107,Established Youth
2019,Port Adelaide,298430,Aidyn Johnson,21,Gen Fwd,1,54.0750434162263,Rising Stars
2019,Port Adelaide,991773,Billy Frampton,22,Key Fwd,2,43.387912937642,Established Youth
2019,Port Adelaide,991930,Darcy Byrne-Jones,24,Gen Def,22,86.961247329385,Established Youth
2019,Port Adelaide,992128,Ryan Burton,22,Gen Def,16,74.271012987467,Established Youth
2019,Port Adelaide,993480,Dougal Howard,23,Key Def,15,69.3715708498118,Established Youth
2019,Port Adelaide,993979,Sam Powell-Pepper,21,Mid-Fwd,19,73.5759882215333,Rising Stars
2019,Port Adelaide,994295,Dan Houston,22,Gen Def,21,89.324102731257,Established Youth
2019,Port Adelaide,994599,Riley Bonner,22,Gen Def,19,68.9301950796724,Established Youth
2019,Port Adelaide,997142,Peter Ladhams,21,Ruck,5,76.6756995287176,Rising Stars
2019,Port Adelaide,998126,Joe Atley,21,Mid,1,73.5331316413567,Rising Stars
2019,Port Adelaide,998321,Joel Garner,20,Gen Def,4,50.3633423097724,Rising Stars
2019,Richmond,1000061,Callum Coleman-Jones,20,Ruck,1,60.0263293340279,Rising Stars
2019,Richmond,1000223,Liam Baker,21,Gen Def,19,69.8656674035976,Rising Stars
2019,Richmond,1000981,Daniel Rioli,22,Gen Fwd,22,60.1293354799359,Established Youth
2019,Richmond,1002227,Jack Higgins,20,Gen Fwd,13,66.0292672135362,Rising Stars
2019,Richmond,1002231,Patrick Naish,20,Wing,2,72.5894251585472,Rising Stars
2019,Richmond,1002245,Noah Balta,19,Ruck,13,47.3980149337218,Rising Stars
2019,Richmond,1002583,Sydney Stack,19,Gen Def,17,79.9365490766843,Rising Stars
2019,Richmond,1006133,Jack Ross,18,Mid,7,62.591622153472,Rising Stars
2019,Richmond,1006276,Derek Eggmolesse-Smith,21,Gen Def,2,60.8685910737417,Rising Stars
2019,Richmond,250312,Bachar Houli,31,Gen Def,22,105.470097850276,Veterans
2019,Richmond,250395,Jack Riewoldt,30,Key Fwd,13,68.8959368841751,Veterans
2019,Richmond,260930,Shane Edwards,30,Gen Def,24,86.7130679402391,Veterans
2019,Richmond,261362,Alex Rance,29,Key Def,1,36.3453585270386,Prime
2019,Richmond,270896,Trent Cotchin,29,Mid,14,77.0329919849483,Prime
2019,Richmond,280819,Dylan Grimes,28,Key Def,24,74.4099741012201,Prime
2019,Richmond,281024,Maverick Weller,27,Gen Fwd,2,57.4311648420328,Prime
2019,Richmond,290032,Kane Lambert,27,Gen Fwd,21,86.5413900907411,Prime
2019,Richmond,290198,David Astbury,28,Key Def,22,67.1523507334591,Prime
2019,Richmond,290623,Josh Caddy,26,Mid-Fwd,18,77.2111487226013,Prime
2019,Richmond,290627,Dion Prestia,26,Mid,25,103.475562013632,Prime
2019,Richmond,290847,Dustin Martin,28,Mid-Fwd,23,101.636206472366,Prime
2019,Richmond,291891,Jacob Townsend,26,Gen Fwd,1,28.6490717354783,Prime
2019,Richmond,293713,Brandon Ellis,26,Wing,23,82.5021250544209,Prime
2019,Richmond,293813,Tom Lynch,26,Key Fwd,25,75.7983536832279,Prime
2019,Richmond,294592,Kamdyn McIntosh,25,Wing,16,63.3584986876476,Established Youth
2019,Richmond,294674,Nick Vlastuin,25,Gen Def,24,91.2646924108192,Established Youth
2019,Richmond,295203,Nathan Broad,26,Gen Def,24,51.7828155955412,Prime
2019,Richmond,298174,Toby Nankervis,25,Ruck,12,72.7061016034229,Established Youth
2019,Richmond,298358,Oleg Markov,23,Wing,2,48.1347879811165,Established Youth
2019,Richmond,990827,Jack Graham,21,Mid,16,73.4721639704199,Rising Stars
2019,Richmond,991933,Jason Castagna,23,Gen Fwd,24,66.3884286181902,Established Youth
2019,Richmond,992015,Connor Menadue,22,Gen Def,6,62.5547026148383,Established Youth
2019,Richmond,992049,Jayden Short,23,Gen Def,15,64.7752853001327,Established Youth
2019,Richmond,992374,Dan Butler,23,Gen Fwd,7,48.0895500887091,Established Youth
2019,Richmond,993771,Marlion Pickett,27,Mid,1,96.7668317114877,Prime
2019,Richmond,993993,Shai Bolton,20,Gen Fwd,19,67.3675251826911,Rising Stars
2019,Richmond,994077,Mabior Chol,22,Ruck,9,58.5335909890041,Established Youth
2019,Richmond,998218,Ryan Garthwaite,21,Key Def,7,49.9053608374658,Rising Stars
2019,Richmond,998529,Ivan Soldo,23,Ruck,14,72.8721593007596,Established Youth
2019,St Kilda,1000267,Matthew Parker,23,Gen Fwd,17,53.4183807313474,Established Youth
2019,St Kilda,1002213,Ed Phillips,21,Wing,4,63.2168384368748,Rising Stars
2019,St Kilda,1002264,Hunter Clark,20,Gen Def,14,73.9811671945918,Rising Stars
2019,St Kilda,1003520,Darragh Joyce,22,Key Def,3,55.2093276652399,Established Youth
2019,St Kilda,1004985,Ben Paton,20,Gen Def,13,58.0323138342332,Rising Stars
2019,St Kilda,1004989,Doulton Langlands,20,Wing,3,53.2545159392052,Rising Stars
2019,St Kilda,1005717,Nick Coffield,19,Gen Def,8,57.0350405904388,Rising Stars
2019,St Kilda,250340,David Armitage,31,Gen Def,2,62.3072620637713,Veterans
2019,St Kilda,260113,Jarryn Geary,31,Gen Def,5,70.29498577161,Veterans
2019,St Kilda,260278,Samuel Rowe,31,Key Fwd,1,46.3897438734162,Veterans
2019,St Kilda,260310,Nathan Brown,30,Key Def,16,53.3500256124987,Veterans
2019,St Kilda,270912,Jack Steven,29,Mid-Fwd,7,74.6109181551457,Prime
2019,St Kilda,280858,Shane Savage,28,Gen Def,22,84.0408148091078,Prime
2019,St Kilda,290117,Dan Hannebery,28,Mid,5,96.1520326789513,Prime
2019,St Kilda,290641,Jake Carlisle,28,Key Def,10,60.8068153679891,Prime
2019,St Kilda,290757,Jimmy Webster,26,Gen Def,8,63.8893701993086,Prime
2019,St Kilda,291492,Josh Bruce,27,Key Fwd,22,66.1983521360422,Prime
2019,St Kilda,291773,Jack Newnes,26,Wing,20,70.9750682911544,Prime
2019,St Kilda,291828,Billy Longer,26,Ruck,1,58.7538708206946,Prime
2019,St Kilda,293846,Sebastian Ross,26,Mid,22,97.746593485944,Prime
2019,St Kilda,294429,Luke Dunstan,24,Mid,18,93.5054159114076,Established Youth
2019,St Kilda,294570,Dean Kent,25,Gen Fwd,13,63.8392519119217,Established Youth
2019,St Kilda,294596,Tim Membrey,25,Key Fwd,22,80.2689494327779,Established Youth
2019,St Kilda,294621,Lewis Pierce,24,Ruck,1,55.1309398363353,Established Youth
2019,St Kilda,295015,Robert Young,24,Gen Fwd,3,39.54162257486,Established Youth
2019,St Kilda,296205,Jack Steele,23,Mid,20,95.0932401806686,Established Youth
2019,St Kilda,296294,Blake Acres,24,Mid-Fwd,19,70.8205366981326,Established Youth
2019,St Kilda,296351,Jack Billings,24,Wing,22,93.7173008720602,Established Youth
2019,St Kilda,296422,Callum Wilkie,23,Key Def,22,70.393173605699,Established Youth
2019,St Kilda,297452,Nick Hind,25,Gen Fwd,11,57.2648456295366,Established Youth
2019,St Kilda,298265,Daniel McKenzie,23,Gen Def,15,51.5618224194976,Established Youth
2019,St Kilda,298421,Jade Gresham,22,Mid-Fwd,19,83.1503618696267,Established Youth
2019,St Kilda,990548,Jono Marsh,23,Key Def,5,50.7671235329914,Established Youth
2019,St Kilda,992000,Jack Lonie,23,Gen Fwd,13,65.2119351481784,Established Youth
2019,St Kilda,992468,Rowan Marshall,23,Ruck,20,110.017138043926,Established Youth
2019,St Kilda,993821,Brandon White,22,Gen Fwd,1,65.7159738431382,Established Youth
2019,St Kilda,993917,Ben Long,22,Gen Fwd,16,51.783387077625,Established Youth
2019,St Kilda,994389,Jack Sinclair,24,Mid-Fwd,22,77.0947300983289,Established Youth
2019,St Kilda,998134,Josh Battle,21,Key Def,19,71.3516369977412,Rising Stars
2019,Sydney Swans,1002291,James Bell,20,Mid-Fwd,2,26.5942948819353,Rising Stars
2019,Sydney Swans,1003203,Hayden McLean,20,Ruck,4,60.0844133358387,Rising Stars
2019,Sydney Swans,1004880,Ben Ronke,21,Gen Fwd,13,45.190520905251,Rising Stars
2019,Sydney Swans,1006028,Nick Blakey,19,Key Fwd,21,54.5223023257823,Rising Stars
2019,Sydney Swans,1006126,James Rowbottom,18,Mid-Fwd,12,62.6115781869812,Rising Stars
2019,Sydney Swans,1008080,Ryley Stoddart,19,Gen Def,2,21.2216577434734,Rising Stars
2019,Sydney Swans,1008198,Tom McCartin,19,Key Fwd,19,49.710677515883,Rising Stars
2019,Sydney Swans,1011936,Justin McInerney,19,Mid-Fwd,1,20.7772895833071,Rising Stars
2019,Sydney Swans,230253,Jarrad McVeigh,34,Gen Def,6,72.1209766289123,Old Timers
2019,Sydney Swans,240072,Heath Grundy,33,Key Def,1,55.2729931615535,Veterans
2019,Sydney Swans,240226,Kieren Jack,32,Gen Fwd,8,51.1899768031243,Veterans
2019,Sydney Swans,240399,Lance Franklin,32,Key Fwd,10,72.4605495246415,Veterans
2019,Sydney Swans,260382,Josh P. Kennedy,31,Mid,19,106.536891301851,Veterans
2019,Sydney Swans,290188,Sam Reid,27,Key Fwd,22,78.6158675584094,Prime
2019,Sydney Swans,290307,Dane Rampe,29,Key Def,21,96.7263310032385,Prime
2019,Sydney Swans,290778,Luke Parker,26,Mid,22,105.166096002855,Prime
2019,Sydney Swans,291307,Daniel Menzel,28,Gen Fwd,7,45.9736355003829,Prime
2019,Sydney Swans,291848,Robbie Fox,26,Gen Def,11,54.9114846854207,Prime
2019,Sydney Swans,291978,Harry Cunningham,25,Gen Def,9,80.1381094857081,Established Youth
2019,Sydney Swans,294036,George Hewett,23,Mid,22,87.7987270786267,Established Youth
2019,Sydney Swans,294469,Aliir Aliir,24,Key Def,22,77.5212112796421,Established Youth
2019,Sydney Swans,294663,Jackson Thurlow,25,Gen Def,9,60.1106637079976,Established Youth
2019,Sydney Swans,294737,Callum Sinclair,30,Ruck,14,73.1813998162903,Veterans
2019,Sydney Swans,295342,Jake Lloyd,26,Gen Def,22,108.688104437875,Prime
2019,Sydney Swans,297107,James Rose,23,Gen Fwd,5,51.0983767068572,Established Youth
2019,Sydney Swans,298539,Isaac Heeney,23,Mid-Fwd,22,93.9863807418793,Established Youth
2019,Sydney Swans,991988,Zak Jones,24,Wing,17,85.5793480852507,Established Youth
2019,Sydney Swans,992242,Jordan Dawson,22,Gen Def,20,85.668884584928,Established Youth
2019,Sydney Swans,993905,Callum Mills,22,Gen Def,22,81.3795473841602,Established Youth
2019,Sydney Swans,996442,Ryan Clarke,22,Wing,14,57.2083079746348,Established Youth
2019,Sydney Swans,996743,Lewis Melican,22,Key Def,17,52.4847956137414,Established Youth
2019,Sydney Swans,996765,Tom Papley,23,Gen Fwd,22,78.4366758396602,Established Youth
2019,Sydney Swans,997100,Will Hayward,20,Gen Fwd,13,58.2463683900599,Rising Stars
2019,Sydney Swans,997842,Colin O'Riordan,23,Gen Def,12,62.3612406623417,Established Youth
2019,Sydney Swans,998103,Oliver Florent,21,Wing,21,69.0011939964536,Rising Stars
2019,West Coast Eagles,1002300,Jarrod Brander,20,Key Fwd,2,34.6056767494985,Rising Stars
2019,West Coast Eagles,1004364,Liam Ryan,22,Gen Fwd,24,62.3265172881809,Established Youth
2019,West Coast Eagles,1004385,Oscar Allen,20,Key Fwd,21,65.9140718992852,Rising Stars
2019,West Coast Eagles,1005793,Jarrod Cameron,19,Gen Fwd,7,57.3109522934666,Rising Stars
2019,West Coast Eagles,1006550,Jack Petruccelle,20,Gen Fwd,20,50.9116257720359,Rising Stars
2019,West Coast Eagles,240283,Shannon Hurn,32,Gen Def,21,103.15444471314,Veterans
2019,West Coast Eagles,240406,Josh J. Kennedy,32,Key Fwd,22,62.9990539543795,Veterans
2019,West Coast Eagles,261214,Will Schofield,30,Key Def,14,45.1727161761137,Veterans
2019,West Coast Eagles,261290,Chris Masten,30,Wing,17,62.0496255525341,Veterans
2019,West Coast Eagles,271045,Nic Naitanui,29,Ruck,5,88.7813060553292,Prime
2019,West Coast Eagles,280078,Luke Shuey,29,Mid,24,101.015612587343,Prime
2019,West Coast Eagles,280959,Nathan Vardy,28,Ruck,11,53.252301751498,Prime
2019,West Coast Eagles,281052,Mark Hutchings,28,Wing,18,47.9499513684888,Prime
2019,West Coast Eagles,281080,Brad Sheppard,28,Gen Def,24,81.9959282719097,Prime
2019,West Coast Eagles,281281,Lewis Jetta,30,Gen Def,22,71.4316256582589,Veterans
2019,West Coast Eagles,281373,Jack Redden,28,Mid,23,90.7768751414861,Prime
2019,West Coast Eagles,290801,Andrew Gaff,27,Wing,22,106.742038133717,Prime
2019,West Coast Eagles,290826,Jamie Cripps,27,Gen Fwd,19,78.2434584756846,Prime
2019,West Coast Eagles,290838,Jack Darling,27,Key Fwd,24,84.8610357782359,Prime
2019,West Coast Eagles,291947,Brendon Ah Chee,25,Mid,1,69.9106027971287,Established Youth
2019,West Coast Eagles,292128,Elliot Yeo,26,Mid,23,105.640298238274,Prime
2019,West Coast Eagles,294266,Tom Hickey,28,Ruck,20,76.9254259064635,Prime
2019,West Coast Eagles,294650,Josh Smith,25,Mid-Fwd,2,46.5722623086874,Established Youth
2019,West Coast Eagles,294859,Jeremy McGovern,27,Key Def,23,87.105385374111,Prime
2019,West Coast Eagles,296225,Willie Rioli,24,Gen Fwd,14,71.8485156402473,Established Youth
2019,West Coast Eagles,296296,Dom Sheed,24,Mid,24,92.8882996491938,Established Youth
2019,West Coast Eagles,298268,Liam Duggan,22,Gen Def,15,64.7620515658221,Established Youth
2019,West Coast Eagles,298298,Jackson Nelson,23,Gen Def,13,50.7828585165549,Established Youth
2019,West Coast Eagles,298474,Francis Watson,24,Gen Def,2,67.1930121343263,Established Youth
2019,West Coast Eagles,990290,Tom Barrass,23,Key Def,14,72.8380973531381,Established Youth
2019,West Coast Eagles,993820,Tom Cole,22,Gen Def,14,57.5091387030616,Established Youth
2019,West Coast Eagles,996554,Jake Waterman,21,Gen Fwd,13,56.7671880220082,Rising Stars
2019,West Coast Eagles,997823,Josh Rotham,21,Gen Def,4,63.2281379414482,Rising Stars
2019,West Coast Eagles,998414,Daniel Venables,20,Gen Fwd,6,47.0486032227193,Rising Stars
2019,Western Bulldogs,1002404,Aaron Naughton,19,Key Fwd,23,66.8698653634279,Rising Stars
2019,Western Bulldogs,1003130,Patrick Lipinski,21,Mid-Fwd,14,81.3771786041568,Rising Stars
2019,Western Bulldogs,1004592,Tim English,22,Ruck,20,82.4939812875845,Established Youth
2019,Western Bulldogs,1004909,Lachlan Young,20,Gen Def,6,45.6505780635505,Rising Stars
2019,Western Bulldogs,1006127,Rhylee West,19,Gen Fwd,3,59.0568275542142,Rising Stars
2019,Western Bulldogs,1006130,Bailey Smith,18,Mid-Fwd,23,75.6535527047157,Rising Stars
2019,Western Bulldogs,1008280,Ed Richards,20,Mid-Fwd,20,49.7805542650128,Rising Stars
2019,Western Bulldogs,250712,Dale Morris,36,Key Def,1,38.9293778457176,Old Timers
2019,Western Bulldogs,270732,Matthew Suckling,31,Gen Def,19,85.1062500628127,Veterans
2019,Western Bulldogs,280013,Jackson Trengove,28,Key Def,16,64.8028653395154,Prime
2019,Western Bulldogs,281139,Easton Wood,30,Gen Def,23,54.1221704041711,Veterans
2019,Western Bulldogs,290073,Sam Lloyd,29,Gen Fwd,23,75.0869718819887,Prime
2019,Western Bulldogs,290085,Taylor Duryea,28,Gen Def,14,78.3998865715584,Prime
2019,Western Bulldogs,290799,Tom Liberatore,27,Mid,15,82.2802652427855,Prime
2019,Western Bulldogs,291545,Mitch Wallis,26,Mid-Fwd,10,83.5032301699078,Prime
2019,Western Bulldogs,291814,Fletcher Roberts,26,Key Def,2,43.890405312142,Prime
2019,Western Bulldogs,293651,Hayden Crozier,25,Gen Def,22,75.2694132996209,Established Youth
2019,Western Bulldogs,294101,Jason Johannisen,26,Gen Def,20,83.189024965246,Prime
2019,Western Bulldogs,294557,Lachie Hunter,24,Wing,23,94.9268675464644,Established Youth
2019,Western Bulldogs,295136,Caleb Daniel,23,Gen Def,17,99.2988101062165,Established Youth
2019,Western Bulldogs,295467,Jack Macrae,25,Mid,23,122.510476998637,Established Youth
2019,Western Bulldogs,295712,Tory Dickson,32,Gen Fwd,17,60.722704497535,Veterans
2019,Western Bulldogs,297373,Marcus Bontempelli,23,Mid,23,113.510386258276,Established Youth
2019,Western Bulldogs,298277,Billy Gowers,23,Gen Fwd,10,48.4008606832447,Established Youth
2019,Western Bulldogs,991939,Zaine Cordy,22,Key Def,23,51.461312626269,Established Youth
2019,Western Bulldogs,991976,Will Hayes,24,Wing,9,55.1111809388474,Established Youth
2019,Western Bulldogs,992054,Roarke Smith,22,Mid-Fwd,5,52.782161118472,Established Youth
2019,Western Bulldogs,992351,Bailey Williams,21,Gen Def,9,55.6566614944745,Rising Stars
2019,Western Bulldogs,993834,Josh Dunkley,22,Mid,23,116.083514380346,Established Youth
2019,Western Bulldogs,993841,Josh Schache,22,Key Fwd,14,56.610209000955,Established Youth
2019,Western Bulldogs,996483,Toby McLean,23,Gen Fwd,19,68.9210968049603,Established Youth
2019,Western Bulldogs,996708,Bailey Dale,23,Gen Fwd,10,67.1489952034502,Established Youth
2019,Western Bulldogs,997316,Lewis Young,20,Key Def,5,57.188110600263,Rising Stars
2019,Western Bulldogs,997501,Ryan Gardner,22,Key Fwd,2,31.3085316310367,Established Youth
2020,Adelaide Crows,1000908,Myles Poholke,22,Mid-Fwd,5,53.1240525548451,Established Youth
2020,Adelaide Crows,1000932,Tom Doedee,23,Key Def,9,86.5754665185408,Established Youth
2020,Adelaide Crows,1000998,Lachlan Murphy,21,Gen Fwd,12,61.4586745590861,Rising Stars
2020,Adelaide Crows,1004995,Jordon Butts,20,Key Def,2,48.6133176243308,Rising Stars
2020,Adelaide Crows,1005199,Elliott Himmelberg,22,Key Fwd,11,66.8816481239675,Established Youth
2020,Adelaide Crows,1006136,Lachlan Sholl,20,Wing,8,64.1930803569945,Rising Stars
2020,Adelaide Crows,1006203,Chayce Jones,20,Mid,15,43.5799266189828,Rising Stars
2020,Adelaide Crows,1008159,William Hamill,19,Gen Def,8,39.4551289755705,Rising Stars
2020,Adelaide Crows,1008185,Ned McHenry,20,Gen Fwd,8,39.1205744560558,Rising Stars
2020,Adelaide Crows,1008543,Harry Schoenberg,19,Gen Fwd,8,58.6234410914602,Rising Stars
2020,Adelaide Crows,1008752,Kieran Strachan,24,Ruck,1,39.4249699107194,Established Youth
2020,Adelaide Crows,1009201,Fischer McAsey,19,Key Def,10,35.1077499347454,Rising Stars
2020,Adelaide Crows,250362,David Mackay,32,Gen Def,10,72.9505653586589,Veterans
2020,Adelaide Crows,250417,Bryce Gibbs,31,Gen Def,3,60.2412155452592,Veterans
2020,Adelaide Crows,270938,Tom Lynch,30,Gen Fwd,13,76.0116463404599,Veterans
2020,Adelaide Crows,270963,Rory Sloane,30,Mid,12,87.6775738979452,Veterans
2020,Adelaide Crows,280506,Taylor Walker,30,Key Fwd,14,55.7490058767626,Veterans
2020,Adelaide Crows,280934,Daniel Talia,28,Key Def,14,66.2255653256792,Prime
2020,Adelaide Crows,290228,Kyle Hartigan,28,Key Def,12,58.2269601647997,Prime
2020,Adelaide Crows,291748,Brodie Smith,28,Gen Def,16,81.4892557839216,Prime
2020,Adelaide Crows,293193,Luke Brown,28,Gen Def,17,67.4843602034686,Prime
2020,Adelaide Crows,293222,Rory Laird,26,Mid,17,104.983595243757,Prime
2020,Adelaide Crows,294307,Brad Crouch,26,Mid,12,82.5305436097017,Prime
2020,Adelaide Crows,294472,Rory Atkins,26,Wing,4,50.1150939118539,Prime
2020,Adelaide Crows,294733,Paul Seedsman,28,Wing,9,80.1784856005295,Prime
2020,Adelaide Crows,295103,Riley Knight,25,Gen Fwd,1,24.1703476234286,Established Youth
2020,Adelaide Crows,297401,Matt Crouch,25,Mid,16,110.992117990277,Established Youth
2020,Adelaide Crows,297473,Jake Kelly,25,Gen Def,15,57.2815849822874,Established Youth
2020,Adelaide Crows,297523,Reilly O'Brien,25,Ruck,17,106.626999573312,Established Youth
2020,Adelaide Crows,298417,Ben Davis,23,Gen Fwd,1,50.432993615657,Established Youth
2020,Adelaide Crows,298470,Shane McAdam,25,Gen Fwd,13,65.9328397990361,Established Youth
2020,Adelaide Crows,990882,Wayne Milera,22,Gen Def,2,78.0761735903323,Established Youth
2020,Adelaide Crows,991773,Billy Frampton,23,Key Fwd,5,53.3295733731223,Established Youth
2020,Adelaide Crows,993796,Ben Crocker,22,Gen Fwd,7,50.0480507724186,Established Youth
2020,Adelaide Crows,993946,Ben Keays,23,Mid,16,81.1033196414192,Established Youth
2020,Adelaide Crows,997206,Andrew McPherson,21,Gen Def,9,68.5317657840254,Rising Stars
2020,Adelaide Crows,997230,Tyson Stengle,21,Gen Fwd,12,57.2136601404938,Rising Stars
2020,Adelaide Crows,999331,Darcy Fogarty,20,Key Fwd,10,54.0981672530863,Rising Stars
2020,Brisbane Lions,1000978,Hugh McCluggage,22,Wing,19,103.072937618252,Established Youth
2020,Brisbane Lions,1002235,Cam Rayner,20,Gen Fwd,17,71.5140782749918,Rising Stars
2020,Brisbane Lions,1002312,Zac Bailey,20,Mid-Fwd,19,75.8344240665229,Rising Stars
2020,Brisbane Lions,1002347,Jack Payne,20,Key Def,5,60.7696108984307,Rising Stars
2020,Brisbane Lions,1002351,Connor Ballenden,21,Key Fwd,2,33.7625820785077,Rising Stars
2020,Brisbane Lions,1002401,Brandon Starcevich,21,Gen Def,18,56.2496196958805,Rising Stars
2020,Brisbane Lions,1004863,Mitchell Hinge,22,Wing,1,102.475815457841,Established Youth
2020,Brisbane Lions,1005053,Noah Answerth,21,Gen Def,9,56.6620565177734,Rising Stars
2020,Brisbane Lions,1005521,Oscar McInerney,26,Ruck,19,83.7330803100609,Prime
2020,Brisbane Lions,1006059,Keidean Coleman,20,Gen Fwd,5,53.8424175035729,Rising Stars
2020,Brisbane Lions,1006100,Thomas Berry,20,Gen Fwd,6,44.0522501434613,Rising Stars
2020,Brisbane Lions,1009385,Deven Robertson,19,Gen Fwd,1,46.798757968991,Rising Stars
2020,Brisbane Lions,1013532,Tom Fullarton,21,Key Fwd,2,29.7363920230792,Rising Stars
2020,Brisbane Lions,240302,Grant Birchall,32,Gen Def,16,67.3234313590041,Veterans
2020,Brisbane Lions,261224,Dayne Zorko,31,Mid-Fwd,17,96.2784620698953,Veterans
2020,Brisbane Lions,271072,Daniel Rich,30,Gen Def,15,92.3515011565684,Veterans
2020,Brisbane Lions,280763,Stefan Martin,33,Ruck,8,50.3915320276282,Veterans
2020,Brisbane Lions,290311,Mitch Robinson,31,Wing,19,75.5827942259933,Veterans
2020,Brisbane Lions,290326,Matt Eagles,30,Ruck,2,17.2754772785002,Veterans
2020,Brisbane Lions,291548,Ryan Lester,28,Gen Def,15,72.2431574175787,Prime
2020,Brisbane Lions,293479,Cameron Ellis-Yolmen,27,Mid-Fwd,9,61.8410248624177,Prime
2020,Brisbane Lions,293535,Lachie Neale,27,Mid,19,133.570879113837,Prime
2020,Brisbane Lions,293581,Lincoln McCarthy,26,Gen Fwd,17,68.6547574693053,Prime
2020,Brisbane Lions,293716,Jarryd Lyons,28,Mid,19,110.606175121151,Prime
2020,Brisbane Lions,294168,Marcus Adams,27,Key Def,1,30.604870502072,Prime
2020,Brisbane Lions,296269,Darcy Gardiner,24,Key Def,18,67.6591343480629,Established Youth
2020,Brisbane Lions,297504,Daniel McStay,25,Key Fwd,17,58.4246247426342,Established Youth
2020,Brisbane Lions,298437,Callum Ah Chee,22,Gen Def,18,65.6238357605324,Established Youth
2020,Brisbane Lions,990609,Charlie Cameron,26,Gen Fwd,19,73.2706398979319,Prime
2020,Brisbane Lions,992752,Archie Smith,25,Ruck,5,41.8120947581866,Established Youth
2020,Brisbane Lions,993828,Rhys Mathieson,23,Mid-Fwd,1,96.703874796954,Established Youth
2020,Brisbane Lions,993836,Sam Skinner,23,Key Fwd,2,44.2930807260082,Established Youth
2020,Brisbane Lions,993953,Eric Hipwood,22,Key Fwd,19,69.68701859421,Established Youth
2020,Brisbane Lions,996059,Harris Andrews,23,Key Def,16,87.0086027436007,Established Youth
2020,Brisbane Lions,998128,Alex Witherden,22,Gen Def,6,94.4601473276554,Established Youth
2020,Brisbane Lions,998133,Jarrod Berry,22,Mid,17,90.7116148967908,Established Youth
2020,Carlton,1000953,Harry McKay,22,Key Fwd,13,59.2032694777754,Established Youth
2020,Carlton,1001028,Jack Silvagni,22,Gen Fwd,3,35.4783592262568,Established Youth
2020,Carlton,1001398,Matthew Kennedy,23,Mid-Fwd,7,81.3696360242385,Established Youth
2020,Carlton,1002256,Paddy Dow,20,Mid-Fwd,3,37.7420613811454,Rising Stars
2020,Carlton,1002259,Lochie O'Brien,20,Wing,1,42.2553192447072,Rising Stars
2020,Carlton,1002938,Josh Honey,18,Gen Fwd,1,16.3519697587177,Rising Stars
2020,Carlton,1004912,Tom De Koning,21,Ruck,7,56.9074765281177,Rising Stars
2020,Carlton,1006094,Sam Walsh,20,Wing,17,101.13156917832,Rising Stars
2020,Carlton,1008154,Matthew Cottrell,20,Wing,5,48.1460598620739,Rising Stars
2020,Carlton,1011929,Sam Philp,19,Gen Fwd,2,45.2378953154539,Rising Stars
2020,Carlton,1013973,Matthew Owies,23,Gen Fwd,1,15.3689072056295,Established Youth
2020,Carlton,230202,Kade Simpson,36,Gen Def,17,73.9918801318799,Old Timers
2020,Carlton,240060,Eddie Betts,33,Gen Fwd,15,57.7779602907181,Veterans
2020,Carlton,250105,Marc Murphy,33,Wing,17,82.8472409455745,Veterans
2020,Carlton,261299,Matthew Kreuzer,31,Ruck,1,32.7722215631759,Veterans
2020,Carlton,270146,Ed Curnow,30,Mid,17,96.0576177530427,Veterans
2020,Carlton,281078,Liam Jones,29,Key Def,17,72.097889466376,Prime
2020,Carlton,281124,Levi Casboult,30,Key Fwd,17,65.1808471725159,Veterans
2020,Carlton,291773,Jack Newnes,27,Mid-Fwd,17,74.5123278034029,Prime
2020,Carlton,294624,Lachie Plowman,26,Gen Def,16,66.3749303510077,Prime
2020,Carlton,295518,Sam Docherty,26,Gen Def,16,92.2146247030013,Prime
2020,Carlton,296190,Jack Martin,25,Gen Fwd,15,82.8436725830419,Established Youth
2020,Carlton,296200,Michael Gibbons,25,Gen Fwd,15,74.8015340575472,Established Youth
2020,Carlton,296439,Darcy Lang,24,Gen Fwd,1,47.3553099962022,Established Youth
2020,Carlton,297255,Mitch McGovern,25,Key Fwd,12,52.6322535646539,Established Youth
2020,Carlton,297907,Nic Newman,27,Gen Def,2,23.7179232944272,Prime
2020,Carlton,298290,Marc Pittonet,24,Ruck,13,77.7421073521181,Established Youth
2020,Carlton,990704,Patrick Cripps,25,Mid,17,97.3949716119655,Established Youth
2020,Carlton,993795,David Cuningham,23,Gen Fwd,12,63.083335994706,Established Youth
2020,Carlton,993832,Jacob Weitering,22,Key Def,17,74.9015292211122,Established Youth
2020,Carlton,994539,Sam Petrevski-Seton,22,Gen Def,16,74.8109178493331,Established Youth
2020,Carlton,998100,Cam Polson,22,Gen Def,3,31.3220414727005,Established Youth
2020,Carlton,998167,Thomas Williamson,21,Gen Def,15,57.9821602525005,Rising Stars
2020,Carlton,998215,Will Setterfield,22,Mid,16,90.0491128571388,Established Youth
2020,Carlton,998569,Callum Moore,24,Key Fwd,2,26.0229342493758,Established Youth
2020,Carlton,999827,Zac Fisher,22,Gen Fwd,8,73.6950492819076,Established Youth
2020,Collingwood,1000072,John Noble,23,Gen Def,17,68.9356508496538,Established Youth
2020,Collingwood,1000960,Max Lynch,22,Key Fwd,1,22.0807381391933,Established Youth
2020,Collingwood,1001448,Rupert Wills,27,Mid,8,69.768102520579,Prime
2020,Collingwood,1002240,Jaidyn Stephenson,21,Gen Fwd,14,61.7335051009699,Rising Stars
2020,Collingwood,1002770,Callum Brown,22,Gen Fwd,14,64.826938586379,Established Youth
2020,Collingwood,1003029,Brayden Sier,22,Mid,3,74.8620878804059,Established Youth
2020,Collingwood,1005013,Flynn Appleby,21,Gen Fwd,1,56.7260582443361,Rising Stars
2020,Collingwood,1005054,Josh Daicos,21,Wing,18,80.2736623188674,Rising Stars
2020,Collingwood,1008089,Isaac Quaynor,20,Gen Def,11,72.433286103499,Rising Stars
2020,Collingwood,1008171,Tyler Brown,20,Wing,9,58.4495480650253,Rising Stars
2020,Collingwood,1008285,William Kelly,20,Key Fwd,1,36.2881512473936,Rising Stars
2020,Collingwood,1008288,Atu Bosenavulagi,20,Gen Fwd,3,32.3867249497941,Rising Stars
2020,Collingwood,1009383,Trey Ruscoe,18,Gen Fwd,4,38.7811459696337,Rising Stars
2020,Collingwood,1010841,Jack Madgen,27,Key Def,13,68.792240021585,Prime
2020,Collingwood,1013974,Mark Keane,20,Key Def,1,42.3958645974307,Rising Stars
2020,Collingwood,240232,Ben Reid,31,Key Fwd,2,42.7408022018609,Veterans
2020,Collingwood,250290,Travis Varcoe,32,Gen Def,9,51.8556087708466,Veterans
2020,Collingwood,250548,Lynden Dunn,33,Key Def,2,57.4598945374547,Veterans
2020,Collingwood,260257,Scott Pendlebury,32,Mid,15,106.206770368097,Veterans
2020,Collingwood,270861,Levi Greenwood,31,Mid,6,56.5579403212358,Veterans
2020,Collingwood,280012,Jordan Roughead,29,Key Def,17,56.6966139851672,Prime
2020,Collingwood,280416,Christopher Mayne,31,Wing,14,68.6311410152178,Veterans
2020,Collingwood,280965,Steele Sidebottom,29,Mid-Fwd,9,109.064601202944,Prime
2020,Collingwood,290289,Josh Thomas,28,Gen Fwd,14,56.6097709071223,Prime
2020,Collingwood,291313,Jeremy Howe,30,Gen Def,4,120.15489165903,Veterans
2020,Collingwood,291720,Will Hoskin-Elliott,26,Gen Fwd,18,64.5442005120103,Prime
2020,Collingwood,291776,Taylor Adams,26,Mid,19,111.126744316469,Prime
2020,Collingwood,291790,Adam Treloar,27,Mid,10,104.104160615109,Prime
2020,Collingwood,291849,Brody Mihocek,27,Key Fwd,18,70.0554786533859,Prime
2020,Collingwood,293035,Tim Broomhead,26,Gen Fwd,1,20.787084873009402,Prime
2020,Collingwood,293801,Jamie Elliott,28,Mid-Fwd,18,67.1220272969766,Prime
2020,Collingwood,293871,Jack Crisp,26,Gen Def,19,97.8447706106664,Prime
2020,Collingwood,293957,Brodie Grundy,26,Ruck,19,119.30101528651,Prime
2020,Collingwood,295012,Matthew Scharenberg,24,Gen Def,3,74.9847373809241,Established Youth
2020,Collingwood,298288,Darcy Moore,24,Key Def,18,78.014537002031,Established Youth
2020,Collingwood,990291,Darcy Cameron,25,Key Fwd,10,52.3883720032102,Established Youth
2020,Collingwood,992010,Brayden Maynard,24,Gen Def,19,96.0936086515442,Established Youth
2020,Collingwood,994185,Jordan De Goey,24,Gen Fwd,10,77.8089551203255,Established Youth
2020,Collingwood,996487,Tom Phillips,24,Mid-Fwd,15,74.8090445862817,Established Youth
2020,Collingwood,998647,Mason Cox,29,Key Fwd,11,56.2285929464259,Prime
2020,Essendon,1001026,Jordan Ridley,21,Gen Def,17,101.919125574366,Rising Stars
2020,Essendon,1004034,Brandon Zerk-Thatcher,22,Key Def,10,47.4370641222602,Established Youth
2020,Essendon,1005577,Sam Draper,22,Ruck,8,69.2188109651261,Established Youth
2020,Essendon,1005721,Joshua Begley,22,Gen Fwd,1,41.5776841866039,Established Youth
2020,Essendon,1006097,Irving Mosquito,20,Gen Fwd,4,54.7948576721496,Rising Stars
2020,Essendon,1008190,Brayden Ham,21,Wing,10,51.7400235388286,Rising Stars
2020,Essendon,1009223,Ned Cahill,19,Gen Fwd,3,29.8061416033118,Rising Stars
2020,Essendon,261320,Tom Bellchambers,31,Ruck,7,56.8804336346276,Veterans
2020,Essendon,270588,Cale Hooker,31,Key Def,8,68.1219056035326,Veterans
2020,Essendon,270935,Michael Hurley,30,Key Def,14,80.4525025378013,Veterans
2020,Essendon,270951,David Zaharakis,30,Gen Fwd,10,65.3307159111456,Veterans
2020,Essendon,280038,Shaun McKernan,30,Key Fwd,9,45.6876393171657,Veterans
2020,Essendon,290629,Dyson Heppell,28,Wing,3,65.9108454028837,Prime
2020,Essendon,291771,Devon Smith,27,Mid,16,85.1330042490735,Prime
2020,Essendon,291783,Dylan Shiel,27,Mid,15,101.89083089987,Prime
2020,Essendon,291891,Jacob Townsend,27,Gen Fwd,12,44.2204984763907,Prime
2020,Essendon,293884,Jake Stringer,26,Key Fwd,10,52.575830366104,Prime
2020,Essendon,294068,Andrew Phillips,29,Ruck,5,72.7576563391086,Prime
2020,Essendon,294092,Anthony McDonald-Tipungwuti,27,Gen Fwd,17,68.9050994143037,Prime
2020,Essendon,294518,Joe Daniher,26,Key Fwd,4,49.9624059624784,Prime
2020,Essendon,294654,James Stewart,26,Key Fwd,10,55.2211750191905,Prime
2020,Essendon,295461,Adam Saad,26,Gen Def,17,98.3888414626829,Prime
2020,Essendon,296334,Orazio Fantasia,24,Gen Def,5,56.7143217487319,Established Youth
2020,Essendon,297406,Tom Cutler,25,Wing,8,68.0225592908153,Established Youth
2020,Essendon,297438,Martin Gleeson,26,Gen Def,13,54.368625284767,Prime
2020,Essendon,298280,Jayden Laverde,24,Key Fwd,6,57.51120975197,Established Youth
2020,Essendon,298407,Mitchell Hibberd,24,Wing,5,61.054378923401,Established Youth
2020,Essendon,298630,Kyle Langford,23,Mid-Fwd,16,81.3501274080469,Established Youth
2020,Essendon,990606,Will Snelling,23,Gen Fwd,17,68.6350686768852,Established Youth
2020,Essendon,990816,Aaron Francis,23,Key Def,8,59.396704772652,Established Youth
2020,Essendon,992016,Zach Merrett,24,Mid,16,115.525607550317,Established Youth
2020,Essendon,993817,Darcy Parish,23,Mid,17,86.6999800237966,Established Youth
2020,Essendon,996232,Matt Guelfi,23,Gen Def,11,60.0112712795452,Established Youth
2020,Essendon,997078,Mason Redman,23,Gen Def,13,60.8216409250929,Established Youth
2020,Essendon,997846,Conor McKenna,24,Gen Def,6,60.9081645891187,Established Youth
2020,Essendon,998102,Andrew McGrath,22,Mid,14,95.9588371370946,Established Youth
2020,Essendon,998109,Dylan Clarke,22,Mid-Fwd,8,65.8380613445124,Established Youth
2020,Essendon,998212,Kobe Mutch,22,Gen Def,1,41.8893042706494,Established Youth
2020,Fremantle,1000860,Lachie Schultz,22,Gen Fwd,17,55.0222120785769,Established Youth
2020,Fremantle,1002232,Andrew Brayshaw,20,Mid,17,100.785936426948,Rising Stars
2020,Fremantle,1002239,Adam Cerra,20,Wing,17,90.200052879143,Rising Stars
2020,Fremantle,1002353,Mitch Crowden,21,Gen Fwd,10,54.5141224455525,Rising Stars
2020,Fremantle,1004437,Tobe Watson,22,Gen Def,3,70.5414062997643,Established Youth
2020,Fremantle,1005988,Liam Henry,19,Gen Fwd,3,34.0595387150721,Rising Stars
2020,Fremantle,1009256,Hayden Young,19,Gen Def,5,51.8049775926667,Rising Stars
2020,Fremantle,1009420,Caleb Serong,19,Mid,14,81.3503186545596,Rising Stars
2020,Fremantle,1013611,Sam Sturt,20,Gen Fwd,3,61.9519965458352,Rising Stars
2020,Fremantle,240052,David Mundy,35,Mid,16,92.8875899953693,Old Timers
2020,Fremantle,280336,Stephen Hill,30,Gen Def,12,62.9106344736641,Veterans
2020,Fremantle,280988,Travis Colyer,29,Gen Fwd,9,51.5671276796927,Prime
2020,Fremantle,281007,Michael Walters,29,Mid-Fwd,14,99.0146047574285,Prime
2020,Fremantle,290817,Brandon Matera,28,Gen Fwd,5,43.6112576269762,Prime
2020,Fremantle,290823,Reece Conca,28,Gen Def,14,69.017880953004,Prime
2020,Fremantle,291570,Nat Fyfe,28,Mid,14,113.093090096685,Prime
2020,Fremantle,293854,Matt Taberner,27,Key Fwd,16,74.8804197712672,Prime
2020,Fremantle,294125,Nathan Wilson,27,Gen Def,15,73.6826034694511,Prime
2020,Fremantle,295067,James Aish,24,Wing,16,75.5837482965803,Established Youth
2020,Fremantle,296294,Blake Acres,24,Wing,7,84.1455335134584,Established Youth
2020,Fremantle,296324,Jesse Hogan,25,Key Fwd,7,57.5427491378999,Established Youth
2020,Fremantle,296371,Brett Bewley,25,Mid-Fwd,12,72.5772345571892,Established Youth
2020,Fremantle,298450,Connor Blakely,24,Mid,5,61.2066734265147,Established Youth
2020,Fremantle,990740,Rory Lobb,27,Ruck,17,77.0473956146985,Prime
2020,Fremantle,993816,Darcy Tucker,23,Mid,8,74.753328704608,Established Youth
2020,Fremantle,995192,Cameron McCarthy,25,Wing,1,51.468671084086,Established Youth
2020,Fremantle,996580,Ethan Hughes,25,Gen Def,17,70.878082172486,Established Youth
2020,Fremantle,997033,Brennan Cox,22,Key Def,13,80.4789440163746,Established Youth
2020,Fremantle,997933,Griffin Logue,22,Key Def,5,70.0391758212037,Established Youth
2020,Fremantle,998115,Taylin Duman,22,Gen Def,15,66.168765867722,Established Youth
2020,Fremantle,998145,Sean Darcy,22,Ruck,15,78.5350613185983,Established Youth
2020,Fremantle,998180,Bailey Banfield,22,Gen Fwd,5,59.1567289728088,Established Youth
2020,Fremantle,998659,Luke Ryan,24,Key Def,17,107.443546540202,Established Youth
2020,Fremantle,999321,Michael Frederick,20,Gen Fwd,10,32.7570468277164,Rising Stars
2020,GWS GIANTS,1001396,Isaac Cumming,22,Gen Def,3,66.8053935635968,Established Youth
2020,GWS GIANTS,1002251,Brent Daniels,21,Gen Fwd,16,66.327744124637,Rising Stars
2020,GWS GIANTS,1004286,Zac Langdon,24,Gen Fwd,7,42.6461152637028,Established Youth
2020,GWS GIANTS,1005247,Sam Taylor,21,Key Def,4,67.3104076504927,Rising Stars
2020,GWS GIANTS,1006103,Jye Caldwell,20,Mid-Fwd,9,64.5431444222083,Rising Stars
2020,GWS GIANTS,1006135,Xavier O'Halloran,20,Wing,2,60.8501166518423,Rising Stars
2020,GWS GIANTS,1006148,Bobby Hill,20,Gen Fwd,5,59.7903444992875,Rising Stars
2020,GWS GIANTS,1008083,Connor Idun,20,Key Def,2,47.9112046371837,Rising Stars
2020,GWS GIANTS,1008123,Jake Riccardi,20,Key Fwd,5,69.7033002157499,Rising Stars
2020,GWS GIANTS,1009253,Lachie Ash,19,Gen Def,12,60.4523929683753,Rising Stars
2020,GWS GIANTS,1009528,Tom Green,19,Mid,6,71.5396030660257,Rising Stars
2020,GWS GIANTS,1009708,Jack Buckley,22,Wing,2,59.40217611559,Established Youth
2020,GWS GIANTS,240700,Heath Shaw,34,Gen Def,17,73.506245295542,Old Timers
2020,GWS GIANTS,261374,Sam Reid,30,Gen Def,3,29.6731050500667,Veterans
2020,GWS GIANTS,270811,Sam Jacobs,32,Ruck,7,96.8162746633878,Veterans
2020,GWS GIANTS,271015,Matt de Boer,30,Mid,13,63.2036944612947,Veterans
2020,GWS GIANTS,280109,Callan Ward,30,Mid,7,75.9515952639375,Veterans
2020,GWS GIANTS,280762,Shane Mumford,34,Ruck,10,78.2576231460447,Old Timers
2020,GWS GIANTS,280804,Phil Davis,30,Key Def,10,53.9000234996426,Veterans
2020,GWS GIANTS,290314,Lachlan Keeffe,30,Key Def,13,69.6783564244959,Veterans
2020,GWS GIANTS,290675,Daniel Lloyd,28,Gen Fwd,12,61.7985356906666,Prime
2020,GWS GIANTS,291509,Adam Kennedy,28,Wing,6,56.1600852852624,Prime
2020,GWS GIANTS,291792,Tommy Sheridan,26,Wing,1,16.5461568830964,Prime
2020,GWS GIANTS,291969,Stephen Coniglio,26,Mid,16,99.2240738626502,Prime
2020,GWS GIANTS,293845,Jeremy Cameron,27,Key Fwd,17,72.2492654734329,Prime
2020,GWS GIANTS,294305,Lachie Whitfield,26,Gen Def,17,104.165277800878,Prime
2020,GWS GIANTS,294508,Aidan Corr,26,Key Def,15,71.0831699219686,Prime
2020,GWS GIANTS,294685,Zac Williams,26,Gen Def,11,84.8950690575644,Prime
2020,GWS GIANTS,295265,Nick Haynes,28,Gen Def,17,98.1287750075109,Prime
2020,GWS GIANTS,295344,Toby Greene,26,Gen Fwd,13,83.9292484060687,Prime
2020,GWS GIANTS,296347,Josh Kelly,25,Mid,14,114.379693443641,Established Youth
2020,GWS GIANTS,296984,Tom Hutchesson,25,Gen Fwd,1,36.6147102672605,Established Youth
2020,GWS GIANTS,298111,Jeremy Finlayson,24,Key Fwd,15,65.0681026965278,Established Youth
2020,GWS GIANTS,993107,Harry Himmelberg,24,Key Fwd,16,65.8082283629492,Established Youth
2020,GWS GIANTS,993903,Jacob Hopper,23,Mid,17,91.1458914080015,Established Youth
2020,GWS GIANTS,998172,Tim Taranto,22,Mid,11,84.771792508911,Established Youth
2020,GWS GIANTS,998205,Harry Perryman,21,Wing,16,93.1643400841686,Rising Stars
2020,GWS GIANTS,999309,Jackson Hately,19,Wing,6,64.1277053727692,Rising Stars
2020,Geelong Cats,1000937,Jack Henry,22,Gen Def,21,64.0578101223997,Established Youth
2020,Geelong Cats,1002220,Esava Ratugolea,22,Key Fwd,12,68.8537329117249,Established Youth
2020,Geelong Cats,1002228,Lachie Fogarty,21,Gen Fwd,6,65.8178006763309,Rising Stars
2020,Geelong Cats,1002242,Charlie Constable,21,Mid,2,62.0689842287541,Rising Stars
2020,Geelong Cats,1004870,Zach Guthrie,22,Gen Def,3,41.7316552842019,Established Youth
2020,Geelong Cats,1004938,Gryan Miers,21,Gen Fwd,21,71.0753350414403,Rising Stars
2020,Geelong Cats,1004940,Sam Simpson,22,Gen Fwd,9,73.9200177467172,Established Youth
2020,Geelong Cats,1006152,Jordan Clark,19,Gen Def,3,50.9820415190727,Rising Stars
2020,Geelong Cats,1007102,Mark O'Connor,23,Gen Def,21,68.6369464420965,Established Youth
2020,Geelong Cats,1008940,Ben Jarvis,20,Gen Fwd,1,36.9494736328304,Rising Stars
2020,Geelong Cats,220001,Gary Ablett,36,Gen Fwd,12,80.9824170051206,Old Timers
2020,Geelong Cats,250321,Joel Selwood,32,Mid,15,88.6852581023825,Veterans
2020,Geelong Cats,261497,Harry Taylor,34,Key Def,19,62.938687147954,Old Timers
2020,Geelong Cats,261510,Tom Hawkins,32,Key Fwd,21,106.493978094662,Veterans
2020,Geelong Cats,270326,Lachie Henderson,30,Key Def,14,74.4289754349092,Veterans
2020,Geelong Cats,270912,Jack Steven,30,Mid-Fwd,9,70.507127517048,Veterans
2020,Geelong Cats,270917,Patrick Dangerfield,30,Mid-Fwd,21,112.417037571769,Veterans
2020,Geelong Cats,280317,Rhys Stanley,29,Ruck,11,98.4971044527367,Prime
2020,Geelong Cats,281065,Mitch Duncan,29,Mid,20,108.643204113306,Prime
2020,Geelong Cats,290550,Cameron Guthrie,28,Mid,21,103.704090936415,Prime
2020,Geelong Cats,291357,Gary Rohan,29,Gen Fwd,19,70.7010774430327,Prime
2020,Geelong Cats,291526,Luke Dahlhaus,28,Gen Fwd,16,69.2859763156934,Prime
2020,Geelong Cats,291800,Tom Stewart,27,Gen Def,18,100.760067805248,Prime
2020,Geelong Cats,292511,Zach Tuohy,30,Wing,19,75.0599744637737,Veterans
2020,Geelong Cats,293883,Jed Bews,26,Gen Def,20,60.7437284363094,Prime
2020,Geelong Cats,294199,Sam Menegola,28,Wing,21,107.477952446515,Prime
2020,Geelong Cats,294828,Josh Jenkins,31,Ruck,1,85.7825391896229,Veterans
2020,Geelong Cats,296291,Jake Kolodjashnij,25,Gen Def,17,59.7908935206247,Established Youth
2020,Geelong Cats,296733,Mark Blicavs,29,Key Def,21,96.1154580867634,Prime
2020,Geelong Cats,298211,Darcy Fort,27,Ruck,5,81.7005292078799,Prime
2020,Geelong Cats,298419,Brandan Parfitt,22,Mid,18,84.4643598428347,Established Youth
2020,Geelong Cats,994386,Tom Atkins,24,Gen Fwd,12,56.1544240408068,Established Youth
2020,Geelong Cats,999326,Brad Close,22,Gen Fwd,8,53.8428939647893,Established Youth
2020,Geelong Cats,999824,Quinton Narkle,22,Mid,5,64.2484226548062,Established Youth
2020,Gold Coast SUNS,1001195,Izak Rankine,20,Gen Fwd,12,70.0164832668152,Rising Stars
2020,Gold Coast SUNS,1004095,Jack Lukosius,20,Gen Def,17,80.2715168495693,Rising Stars
2020,Gold Coast SUNS,1005547,Josh Corbett,24,Key Fwd,7,50.8041990556925,Established Youth
2020,Gold Coast SUNS,1006087,Caleb Graham,20,Key Def,7,52.4363461018922,Rising Stars
2020,Gold Coast SUNS,1006144,Ben King,20,Key Fwd,17,55.5250035440309,Rising Stars
2020,Gold Coast SUNS,1007881,Wil Powell,21,Gen Def,15,66.6855845043976,Rising Stars
2020,Gold Coast SUNS,1008454,Connor Budarick,19,Gen Def,15,47.8252600527479,Rising Stars
2020,Gold Coast SUNS,1008882,Charlie Ballard,21,Key Def,16,57.1658074432728,Rising Stars
2020,Gold Coast SUNS,1009199,Noah Anderson,19,Wing,17,77.0507596055082,Rising Stars
2020,Gold Coast SUNS,1009208,Matt Rowell,19,Mid,5,102.579550575613,Rising Stars
2020,Gold Coast SUNS,1009260,Sam Flanders,19,Gen Fwd,5,35.8698446365273,Rising Stars
2020,Gold Coast SUNS,1009380,Jeremy Sharp,19,Wing,2,32.7127975784742,Rising Stars
2020,Gold Coast SUNS,240254,Jarrod Harbrow,32,Gen Def,13,57.5483220764636,Veterans
2020,Gold Coast SUNS,270512,Pearce Hanley,31,Gen Def,8,58.5296544306644,Veterans
2020,Gold Coast SUNS,281091,Hugh Greenwood,28,Mid,17,105.001736805231,Prime
2020,Gold Coast SUNS,290832,David Swallow,27,Mid,15,81.7928574290021,Prime
2020,Gold Coast SUNS,291753,Sam Day,28,Key Fwd,17,55.616585164706,Prime
2020,Gold Coast SUNS,291975,Jarrod Witts,28,Ruck,17,93.5166132240433,Prime
2020,Gold Coast SUNS,293713,Brandon Ellis,27,Wing,16,83.9391398095954,Prime
2020,Gold Coast SUNS,294013,Sean Lemmens,25,Gen Fwd,6,46.9694104529098,Established Youth
2020,Gold Coast SUNS,294643,Alex Sexton,26,Gen Fwd,14,61.7337091682458,Prime
2020,Gold Coast SUNS,295446,Sam Collins,26,Key Def,17,78.0331573779839,Prime
2020,Gold Coast SUNS,297456,Nick Holman,25,Gen Fwd,12,62.0868298424619,Established Youth
2020,Gold Coast SUNS,298272,Touk Miller,24,Mid,17,106.29891746288,Established Youth
2020,Gold Coast SUNS,298524,Lachie Weller,24,Mid,17,80.9166471991459,Established Youth
2020,Gold Coast SUNS,993799,Brayden Fiorini,23,Wing,5,62.4034973465938,Established Youth
2020,Gold Coast SUNS,996064,Jesse Joyce,23,Gen Def,1,63.8988928854115,Established Youth
2020,Gold Coast SUNS,996464,Darcy Macpherson,22,Gen Fwd,12,57.5443946144157,Established Youth
2020,Gold Coast SUNS,998129,Will Brodie,22,Mid-Fwd,1,34.6205443687947,Established Youth
2020,Gold Coast SUNS,998130,Ben Ainsworth,22,Gen Fwd,16,75.7559002491906,Established Youth
2020,Gold Coast SUNS,998260,Jack Bowes,22,Gen Def,17,84.0543028854581,Established Youth
2020,Gold Coast SUNS,999715,Jy Farrar,23,Gen Fwd,1,48.877427205322,Established Youth
2020,Hawthorn,1000887,Mitch Lewis,21,Key Fwd,8,37.2185568653138,Rising Stars
2020,Hawthorn,1000959,James Cousins,22,Mid,6,85.571708191616,Established Youth
2020,Hawthorn,1000963,Harry Morrison,21,Wing,11,66.9755650820717,Rising Stars
2020,Hawthorn,1001043,Oliver Hanrahan,22,Gen Fwd,7,43.7325559494825,Established Youth
2020,Hawthorn,1002222,James Worpel,21,Mid,15,87.9165620279017,Rising Stars
2020,Hawthorn,1003547,Conor Glass,22,Wing,4,50.6811939899879,Established Youth
2020,Hawthorn,1004991,Harry Jones,21,Mid-Fwd,1,53.8070873143621,Rising Stars
2020,Hawthorn,1006159,Damon Greaves,20,Gen Def,3,90.7852733059477,Rising Stars
2020,Hawthorn,1006314,Dylan Moore,21,Gen Fwd,3,70.2767458640737,Rising Stars
2020,Hawthorn,1007124,Conor Nash,22,Key Fwd,2,40.5762085384659,Established Youth
2020,Hawthorn,1008537,Joshua Morris,18,Gen Fwd,4,27.0314528357808,Rising Stars
2020,Hawthorn,1008550,Will Day,19,Gen Def,11,71.7968866063932,Rising Stars
2020,Hawthorn,1009421,Finn Maginness,19,Mid,1,52.147058384632,Rising Stars
2020,Hawthorn,210012,Shaun Burgoyne,37,Gen Fwd,13,70.5607042348061,Old Timers
2020,Hawthorn,260288,James Frawley,32,Key Def,14,54.8503667025298,Veterans
2020,Hawthorn,260710,Paul Puopolo,32,Gen Fwd,6,57.7380746381804,Veterans
2020,Hawthorn,261323,Ben McEvoy,31,Key Def,16,84.8963727855806,Veterans
2020,Hawthorn,280471,Ben Stratton,31,Gen Def,14,39.6107135561996,Veterans
2020,Hawthorn,280737,Liam Shiels,29,Mid,16,78.1914440646302,Prime
2020,Hawthorn,280744,Luke Breust,29,Gen Fwd,13,81.4256488184987,Prime
2020,Hawthorn,280969,Tom Scully,29,Mid-Fwd,14,53.828118092124,Prime
2020,Hawthorn,290889,Keegan Brooksby,30,Ruck,1,55.1869982320222,Veterans
2020,Hawthorn,291201,Ricky Henderson,32,Wing,7,70.1882457688878,Veterans
2020,Hawthorn,291327,Jonathon Ceglar,29,Ruck,13,72.3820617248136,Prime
2020,Hawthorn,291351,Jack Gunston,28,Key Fwd,16,81.5143323062658,Prime
2020,Hawthorn,291821,Jonathon Patton,27,Key Fwd,6,35.4689424853152,Prime
2020,Hawthorn,291856,Tom Mitchell,27,Mid,17,113.163682347529,Prime
2020,Hawthorn,291962,Chad Wingard,27,Gen Fwd,17,84.157152514619,Prime
2020,Hawthorn,293738,Sam Frost,27,Key Def,16,56.9283490868255,Prime
2020,Hawthorn,294077,Michael Hartley,27,Key Def,2,84.5461900924342,Prime
2020,Hawthorn,294613,Jaeger O'Meara,26,Mid,12,92.0493003235633,Prime
2020,Hawthorn,294877,Isaac Smith,31,Mid-Fwd,10,73.9311986694397,Veterans
2020,Hawthorn,296041,Tim O'Brien,26,Key Fwd,16,55.4519549782081,Prime
2020,Hawthorn,296254,Jarman Impey,25,Gen Fwd,5,40.0010031664463,Established Youth
2020,Hawthorn,296452,Darren Minchington,26,Gen Fwd,4,55.8257474742275,Prime
2020,Hawthorn,297566,James Sicily,25,Gen Def,11,103.184693657293,Established Youth
2020,Hawthorn,992462,Daniel Howe,24,Wing,5,58.060167968949,Established Youth
2020,Hawthorn,993794,Blake Hardwick,23,Gen Def,16,69.953114431425,Established Youth
2020,Hawthorn,998114,Jack Scrimshaw,22,Gen Def,13,74.7241678551298,Established Youth
2020,Hawthorn,998390,Changkuoth Jiath,21,Gen Def,5,49.8404436280664,Rising Stars
2020,Melbourne,1001438,Bayley Fritsch,23,Gen Fwd,16,66.8360766996292,Established Youth
2020,Melbourne,1001449,Mitch Hannan,26,Gen Fwd,9,52.7692978466056,Prime
2020,Melbourne,1002282,Charlie Spargo,20,Gen Fwd,8,54.8985602446658,Rising Stars
2020,Melbourne,1003546,Joel Smith,24,Key Def,7,39.2523461039892,Established Youth
2020,Melbourne,1008139,Toby Bedford,20,Gen Fwd,2,25.6432249532276,Rising Stars
2020,Melbourne,1008541,Kysaiah Pickett,19,Gen Fwd,14,47.6785706060032,Rising Stars
2020,Melbourne,1008855,Oskar Baker,22,Wing,3,60.1149600036142,Established Youth
2020,Melbourne,1009378,Trent Rivers,19,Gen Def,9,65.4499259876655,Rising Stars
2020,Melbourne,1009399,Luke Jackson,18,Key Fwd,6,56.6888105393954,Rising Stars
2020,Melbourne,250222,Nathan Jones,32,Mid-Fwd,8,53.8003986464993,Veterans
2020,Melbourne,280824,Jake Melksham,29,Gen Fwd,17,55.0179937443532,Prime
2020,Melbourne,281085,Steven May,28,Key Def,17,94.8518370949663,Prime
2020,Melbourne,281280,Neville Jetta,30,Gen Def,6,34.8021957238469,Veterans
2020,Melbourne,290160,Michael Hibberd,30,Gen Def,14,70.5358829662944,Veterans
2020,Melbourne,290528,Max Gawn,28,Ruck,14,139.561856203979,Prime
2020,Melbourne,290622,Mitch Brown,30,Key Fwd,5,52.90937104553,Veterans
2020,Melbourne,291533,Tom McDonald,28,Key Fwd,9,60.0848319836672,Prime
2020,Melbourne,291594,Harley Bennell,28,Gen Fwd,5,52.7479864289602,Prime
2020,Melbourne,291819,Adam Tomlinson,27,Key Def,13,60.608295777914,Prime
2020,Melbourne,291902,Jack Viney,26,Mid,16,99.9844474120006,Prime
2020,Melbourne,294675,Josh Wagner,26,Gen Def,2,69.6296377432718,Prime
2020,Melbourne,296359,Christian Salem,25,Gen Def,16,87.6570193208129,Established Youth
2020,Melbourne,296420,Alex Neal-Bullen,24,Gen Fwd,7,58.3681893588711,Established Youth
2020,Melbourne,297899,James Harmes,24,Gen Def,13,64.0432781158414,Established Youth
2020,Melbourne,297990,Aaron vandenBerg,28,Wing,12,55.8823024244452,Prime
2020,Melbourne,298210,Christian Petracca,24,Mid,17,117.706664804753,Established Youth
2020,Melbourne,298264,Ed Langdon,24,Wing,17,90.7940900321074,Established Youth
2020,Melbourne,298279,Angus Brayshaw,24,Mid,14,80.9961401187988,Established Youth
2020,Melbourne,298281,Jake Lever,24,Key Def,17,78.0301891046102,Established Youth
2020,Melbourne,298390,Jay Lockhart,24,Gen Def,10,53.3739005540949,Established Youth
2020,Melbourne,992472,Oscar McDonald,24,Key Def,7,55.3205354712253,Established Youth
2020,Melbourne,992644,Braydon Preuss,25,Ruck,3,62.8473836911008,Established Youth
2020,Melbourne,993806,Sam Weideman,23,Key Fwd,13,56.8305251544206,Established Youth
2020,Melbourne,994385,Jayden Hunt,25,Gen Fwd,6,48.9750533743766,Established Youth
2020,Melbourne,996701,Clayton Oliver,23,Mid,17,122.207745120716,Established Youth
2020,Melbourne,999391,Tom Sparrow,20,Mid,5,63.8528946931429,Rising Stars
2020,North Melbourne,1000905,Thomas Murphy,22,Wing,5,47.8515360576513,Established Youth
2020,North Melbourne,1001017,Nick Larkey,22,Key Fwd,10,48.2478786527236,Established Youth
2020,North Melbourne,1001351,Lachlan Hosie,23,Gen Fwd,5,41.9717818739873,Established Youth
2020,North Melbourne,1002143,Ben McKay,22,Key Def,11,62.7350899393178,Established Youth
2020,North Melbourne,1002267,Luke Davies-Uniacke,21,Mid,9,80.5510270130373,Rising Stars
2020,North Melbourne,1004894,Aiden Bonar,21,Gen Def,6,45.1017984622991,Rising Stars
2020,North Melbourne,1004965,Tristan Xerri,21,Key Fwd,4,49.5129083265195,Rising Stars
2020,North Melbourne,1005084,William Walker,21,Mid-Fwd,2,64.8682748749631,Rising Stars
2020,North Melbourne,1005729,Tarryn Thomas,20,Gen Fwd,6,53.987453690959,Rising Stars
2020,North Melbourne,1006058,Bailey Scott,20,Mid-Fwd,13,61.9686611771318,Rising Stars
2020,North Melbourne,1006137,Curtis Taylor,20,Gen Fwd,9,59.3284093127095,Rising Stars
2020,North Melbourne,1009189,Jack Mahony,18,Gen Fwd,10,50.7173368361559,Rising Stars
2020,North Melbourne,1011771,Flynn Perez,19,Gen Def,3,45.3311129226667,Rising Stars
2020,North Melbourne,260227,Shaun Higgins,32,Wing,17,95.2292077348658,Veterans
2020,North Melbourne,270325,Robbie Tarrant,31,Key Def,16,86.927105733603,Veterans
2020,North Melbourne,271129,Todd Goldstein,32,Ruck,17,112.130887085282,Veterans
2020,North Melbourne,280921,Ben Cunnington,29,Mid,3,101.994394676612,Prime
2020,North Melbourne,280944,Jack Ziebell,29,Gen Fwd,8,47.2573002887278,Prime
2020,North Melbourne,290156,Jasper Pittard,29,Gen Def,11,68.571445671628,Prime
2020,North Melbourne,290194,Jamie Macmillan,28,Gen Def,10,68.5383116158428,Prime
2020,North Melbourne,290199,Majak Daw,29,Key Fwd,4,55.3190137757097,Prime
2020,North Melbourne,290246,Tom Campbell,28,Key Fwd,1,35.464932884741,Prime
2020,North Melbourne,290738,Jared Polec,27,Wing,13,88.5857409128512,Prime
2020,North Melbourne,290787,Shaun Atley,28,Gen Def,17,75.1600635382097,Prime
2020,North Melbourne,291550,Josh Walker,27,Key Def,17,61.1419823063014,Prime
2020,North Melbourne,291861,Jed Anderson,26,Mid,15,104.85518000023,Prime
2020,North Melbourne,291867,Ben Brown,27,Key Fwd,9,54.4098141619021,Prime
2020,North Melbourne,295256,Marley Williams,27,Gen Def,8,65.9754609162676,Prime
2020,North Melbourne,295340,Mason Wood,26,Gen Fwd,8,41.6645015315586,Prime
2020,North Melbourne,296035,Trent Dumont,25,Mid,17,101.649283910884,Established Youth
2020,North Melbourne,296078,Taylor Garner,26,Gen Fwd,2,44.9351968249987,Prime
2020,North Melbourne,296355,Luke McDonald,25,Gen Def,17,95.0822249083569,Established Youth
2020,North Melbourne,296735,Aaron Hall,29,Gen Fwd,15,72.1940007471666,Prime
2020,North Melbourne,297767,Sam Durdin,24,Key Def,3,36.3902524704577,Established Youth
2020,North Melbourne,298271,Paul Ahern,24,Mid-Fwd,6,48.9476693615546,Established Youth
2020,North Melbourne,298287,Ed Vickers-Willis,24,Gen Def,6,63.4961524222986,Established Youth
2020,North Melbourne,993998,Jy Simpkin,22,Mid,17,92.740309359847,Established Youth
2020,North Melbourne,998327,Kyron Hayden,21,Gen Def,8,52.305378458068,Rising Stars
2020,North Melbourne,998484,Cameron Zurhaar,22,Gen Fwd,16,63.0273942720648,Established Youth
2020,Port Adelaide,1001299,Connor Rozee,20,Gen Fwd,16,70.9300265026193,Rising Stars
2020,Port Adelaide,1002253,Kane Farrell,21,Mid-Fwd,11,57.6149498145674,Rising Stars
2020,Port Adelaide,1004998,Todd Marshall,21,Key Fwd,14,64.0211800395937,Rising Stars
2020,Port Adelaide,1006096,Xavier Duursma,20,Wing,15,74.1563953962547,Rising Stars
2020,Port Adelaide,1006121,Zak Butters,20,Gen Fwd,17,85.8962949647566,Rising Stars
2020,Port Adelaide,1010174,Mitch Georgiades,18,Key Fwd,7,59.0527427753299,Rising Stars
2020,Port Adelaide,250365,Travis Boak,32,Mid,19,108.865442631568,Veterans
2020,Port Adelaide,260750,Justin Westhoff,34,Key Fwd,12,69.8874229649113,Old Timers
2020,Port Adelaide,261396,Robbie Gray,32,Gen Fwd,19,90.0986794668047,Veterans
2020,Port Adelaide,261892,Hamish Hartlett,30,Gen Def,19,78.3195768861338,Veterans
2020,Port Adelaide,261911,Brad Ebert,30,Gen Fwd,14,86.6568277310716,Veterans
2020,Port Adelaide,270919,Tom Rockliff,30,Mid,16,107.261646646882,Veterans
2020,Port Adelaide,280711,Charlie Dixon,30,Key Fwd,18,88.3155147739556,Veterans
2020,Port Adelaide,280990,Steven Motlop,29,Gen Fwd,14,61.1742822105786,Prime
2020,Port Adelaide,290527,Trent McKenzie,28,Key Def,17,71.2809370655618,Prime
2020,Port Adelaide,290733,Cam Sutcliffe,28,Gen Fwd,4,42.5437107441375,Prime
2020,Port Adelaide,290746,Scott Lycett,28,Ruck,15,94.66281627794,Prime
2020,Port Adelaide,292145,Tom Jonas,29,Key Def,19,73.9534983853143,Prime
2020,Port Adelaide,293603,Sam Mayes,26,Gen Def,6,71.058301886819,Prime
2020,Port Adelaide,293987,Jarrod Lienert,26,Gen Def,5,60.7349645845747,Prime
2020,Port Adelaide,294318,Ollie Wines,25,Mid,17,103.944667762686,Established Youth
2020,Port Adelaide,294504,Tom Clurey,26,Key Def,18,61.2622491774455,Prime
2020,Port Adelaide,297354,Karl Amon,25,Wing,19,78.970366952743,Established Youth
2020,Port Adelaide,991930,Darcy Byrne-Jones,24,Gen Def,19,81.271250537069207,Established Youth
2020,Port Adelaide,992128,Ryan Burton,23,Gen Def,8,55.6944061018789,Established Youth
2020,Port Adelaide,993979,Sam Powell-Pepper,22,Mid-Fwd,19,75.1231346333841,Established Youth
2020,Port Adelaide,994295,Dan Houston,23,Gen Def,17,91.6777263006823,Established Youth
2020,Port Adelaide,994599,Riley Bonner,23,Gen Def,9,59.2640572798635,Established Youth
2020,Port Adelaide,997142,Peter Ladhams,22,Ruck,10,81.5119182985422,Established Youth
2020,Port Adelaide,999346,Boyd Woodcock,20,Gen Fwd,5,54.7844597682402,Rising Stars
2020,Richmond,1000223,Liam Baker,22,Gen Def,20,76.4538347477517,Established Youth
2020,Richmond,1000981,Daniel Rioli,23,Gen Fwd,18,65.8244896333236,Established Youth
2020,Richmond,1002227,Jack Higgins,21,Gen Fwd,10,78.2771823623705,Rising Stars
2020,Richmond,1002231,Patrick Naish,21,Wing,1,42.297262070982804,Rising Stars
2020,Richmond,1002245,Noah Balta,20,Key Def,17,66.9636516580879,Rising Stars
2020,Richmond,1002583,Sydney Stack,20,Mid-Fwd,9,51.3244497857615,Rising Stars
2020,Richmond,1006133,Jack Ross,20,Mid,7,62.8681958293154,Rising Stars
2020,Richmond,1006276,Derek Eggmolesse-Smith,22,Gen Def,6,59.8606883953135,Established Youth
2020,Richmond,1009226,Thomson Dow,18,Mid,2,33.9563748426295,Rising Stars
2020,Richmond,250312,Bachar Houli,32,Gen Def,13,84.9115331711818,Veterans
2020,Richmond,250395,Jack Riewoldt,31,Key Fwd,21,62.3305919499623,Veterans
2020,Richmond,260930,Shane Edwards,31,Mid,10,86.1268846653377,Veterans
2020,Richmond,270896,Trent Cotchin,30,Mid,17,81.6711569597265,Veterans
2020,Richmond,280819,Dylan Grimes,29,Key Def,20,69.2199100879752,Prime
2020,Richmond,290032,Kane Lambert,28,Gen Fwd,20,82.3401471914739,Prime
2020,Richmond,290198,David Astbury,29,Key Def,9,69.8981581545848,Prime
2020,Richmond,290623,Josh Caddy,28,Wing,8,63.7996681963687,Prime
2020,Richmond,290627,Dion Prestia,27,Mid,9,87.1133125868533,Prime
2020,Richmond,290847,Dustin Martin,29,Mid-Fwd,20,104.577759752885,Prime
2020,Richmond,293813,Tom Lynch,27,Key Fwd,19,70.1129701608793,Prime
2020,Richmond,294592,Kamdyn McIntosh,26,Wing,18,70.5933722706958,Prime
2020,Richmond,294674,Nick Vlastuin,26,Gen Def,20,85.7362976396875,Prime
2020,Richmond,295203,Nathan Broad,27,Gen Def,16,64.1988027706778,Prime
2020,Richmond,298174,Toby Nankervis,26,Ruck,11,93.8670666639866,Prime
2020,Richmond,298358,Oleg Markov,24,Gen Def,6,65.7898775942664,Established Youth
2020,Richmond,990827,Jack Graham,22,Mid,16,81.9042189526313,Established Youth
2020,Richmond,991933,Jason Castagna,24,Gen Fwd,21,62.5775702259906,Established Youth
2020,Richmond,992049,Jayden Short,24,Gen Def,21,98.2454549530131,Established Youth
2020,Richmond,992786,Jake Aarts,25,Gen Fwd,14,60.2870088499936,Established Youth
2020,Richmond,993771,Marlion Pickett,28,Wing,19,67.2113764417349,Prime
2020,Richmond,993993,Shai Bolton,21,Mid-Fwd,19,86.2307455622259,Rising Stars
2020,Richmond,994077,Mabior Chol,23,Ruck,11,60.9319155521833,Established Youth
2020,Richmond,998529,Ivan Soldo,24,Ruck,14,75.4833835933844,Established Youth
2020,St Kilda,1000267,Matthew Parker,24,Gen Fwd,2,37.3369698242116,Established Youth
2020,St Kilda,1002213,Ed Phillips,22,Wing,4,64.708927100523,Established Youth
2020,St Kilda,1002264,Hunter Clark,21,Gen Def,18,81.4818876965015,Rising Stars
2020,St Kilda,1002922,Jack Bytel,20,Mid,3,57.4203505128787,Rising Stars
2020,St Kilda,1004985,Ben Paton,21,Gen Def,19,61.4094446884078,Rising Stars
2020,St Kilda,1005530,Ryan Abbott,29,Ruck,1,34.4932853538387,Prime
2020,St Kilda,1005717,Nick Coffield,20,Gen Def,18,79.2611446469922,Rising Stars
2020,St Kilda,1006143,Max King,20,Key Fwd,18,61.2713019675272,Rising Stars
2020,St Kilda,1011994,Ryan Byrnes,19,Mid,1,22.4878236498007,Rising Stars
2020,St Kilda,250267,Paddy Ryder,32,Ruck,14,97.5605629364281,Veterans
2020,St Kilda,260113,Jarryn Geary,32,Gen Def,16,63.441254351131,Veterans
2020,St Kilda,280858,Shane Savage,29,Gen Def,2,87.9685501737013,Prime
2020,St Kilda,280933,Dylan Roberton,29,Gen Def,1,25.4820982187241,Prime
2020,St Kilda,290117,Dan Hannebery,29,Mid,8,69.1745610466371,Prime
2020,St Kilda,290641,Jake Carlisle,28,Key Def,13,70.9194725909088,Prime
2020,St Kilda,293846,Sebastian Ross,27,Mid,16,78.9630152452606,Prime
2020,St Kilda,294429,Luke Dunstan,25,Mid,1,91.766408023336,Established Youth
2020,St Kilda,294570,Dean Kent,26,Gen Fwd,15,58.7571572408171,Prime
2020,St Kilda,294596,Tim Membrey,26,Key Fwd,18,70.4363430778507,Prime
2020,St Kilda,295584,Bradley Hill,27,Wing,19,62.7054526990289,Prime
2020,St Kilda,296205,Jack Steele,24,Mid,19,121.4502748911,Established Youth
2020,St Kilda,296351,Jack Billings,25,Wing,19,93.9129010060835,Established Youth
2020,St Kilda,296422,Callum Wilkie,24,Gen Def,19,73.2092956219959,Established Youth
2020,St Kilda,297452,Nick Hind,26,Gen Fwd,10,61.6568181596493,Prime
2020,St Kilda,298421,Jade Gresham,23,Mid,11,81.3403912132192,Established Youth
2020,St Kilda,990548,Jono Marsh,24,Key Fwd,6,52.4305180600718,Established Youth
2020,St Kilda,991988,Zak Jones,25,Mid,16,88.1067236263021,Established Youth
2020,St Kilda,992000,Jack Lonie,24,Gen Fwd,13,63.5628495887348,Established Youth
2020,St Kilda,992374,Dan Butler,24,Gen Fwd,19,77.0527685462309,Established Youth
2020,St Kilda,992468,Rowan Marshall,24,Ruck,19,103.213457969669,Established Youth
2020,St Kilda,993480,Dougal Howard,24,Key Def,19,69.4287194505778,Established Youth
2020,St Kilda,993917,Ben Long,23,Gen Def,15,69.1593199180837,Established Youth
2020,St Kilda,994389,Jack Sinclair,25,Mid,12,78.0658258451288,Established Youth
2020,St Kilda,998134,Josh Battle,22,Mid-Fwd,14,67.6583672638393,Established Youth
2020,Sydney Swans,1002291,James Bell,21,Gen Fwd,8,49.5535924506047,Rising Stars
2020,Sydney Swans,1003203,Hayden McLean,21,Key Fwd,6,59.9126256434239,Rising Stars
2020,Sydney Swans,1004848,Dylan Stephens,19,Wing,8,63.4546967944954,Rising Stars
2020,Sydney Swans,1004880,Ben Ronke,22,Gen Fwd,3,56.7448935919893,Established Youth
2020,Sydney Swans,1004949,Matthew Ling,21,Gen Def,3,30.5230514499613,Rising Stars
2020,Sydney Swans,1005997,Elijah Taylor,19,Gen Fwd,4,38.0462263665203,Rising Stars
2020,Sydney Swans,1006028,Nick Blakey,20,Mid-Fwd,16,59.4675624443541,Rising Stars
2020,Sydney Swans,1006126,James Rowbottom,20,Mid,16,75.5093383177252,Rising Stars
2020,Sydney Swans,1006232,Sam Wicks,20,Gen Fwd,7,58.9977747437686,Rising Stars
2020,Sydney Swans,1008080,Ryley Stoddart,20,Gen Def,2,41.9921642112999,Rising Stars
2020,Sydney Swans,1008091,Joel Amartey,20,Ruck,1,51.6284873701499,Rising Stars
2020,Sydney Swans,1008198,Tom McCartin,20,Key Fwd,14,58.0494030797641,Rising Stars
2020,Sydney Swans,1011791,Zac Foot,19,Gen Fwd,2,45.6054395704606,Rising Stars
2020,Sydney Swans,1011936,Justin McInerney,20,Wing,9,71.633180554448,Rising Stars
2020,Sydney Swans,1012014,Chad Warner,19,Gen Fwd,2,33.5858699587685,Rising Stars
2020,Sydney Swans,260382,Josh P. Kennedy,32,Mid,12,95.7490660743482,Veterans
2020,Sydney Swans,290188,Sam Reid,28,Key Fwd,10,61.5895639096933,Prime
2020,Sydney Swans,290307,Dane Rampe,30,Key Def,11,91.3446212817717,Veterans
2020,Sydney Swans,290722,Sam Gray,28,Gen Fwd,7,51.4110799365625,Prime
2020,Sydney Swans,290778,Luke Parker,27,Mid,17,106.276982417663,Prime
2020,Sydney Swans,291848,Robbie Fox,27,Key Def,14,71.2994194793568,Prime
2020,Sydney Swans,291978,Harry Cunningham,26,Gen Def,17,74.6422193156128,Prime
2020,Sydney Swans,294036,George Hewett,24,Mid,6,77.563159514631,Established Youth
2020,Sydney Swans,294469,Aliir Aliir,26,Key Def,14,59.9921167509881,Prime
2020,Sydney Swans,294663,Jackson Thurlow,26,Gen Def,8,75.5083570433883,Prime
2020,Sydney Swans,294737,Callum Sinclair,30,Ruck,13,77.3015189585388,Veterans
2020,Sydney Swans,295156,Kaiden Brand,26,Key Def,2,56.8651893494107,Prime
2020,Sydney Swans,295342,Jake Lloyd,26,Gen Def,17,122.268834066464,Prime
2020,Sydney Swans,296211,Lewis Taylor,25,Gen Fwd,9,56.0366389774326,Established Youth
2020,Sydney Swans,298144,Sam Naismith,28,Ruck,2,99.7059528286277,Prime
2020,Sydney Swans,298539,Isaac Heeney,24,Gen Fwd,6,94.5808381926891,Established Youth
2020,Sydney Swans,992242,Jordan Dawson,23,Gen Def,16,85.191983106325,Established Youth
2020,Sydney Swans,993905,Callum Mills,23,Gen Def,15,101.478645216085,Established Youth
2020,Sydney Swans,996442,Ryan Clarke,23,Wing,10,73.8352468084353,Established Youth
2020,Sydney Swans,996743,Lewis Melican,23,Key Def,9,61.3179152154259,Established Youth
2020,Sydney Swans,996765,Tom Papley,24,Gen Fwd,17,79.2990755223151,Established Youth
2020,Sydney Swans,997100,Will Hayward,21,Gen Fwd,16,60.2691269303508,Rising Stars
2020,Sydney Swans,997842,Colin O'Riordan,24,Gen Def,8,50.2443720508483,Established Youth
2020,Sydney Swans,998103,Oliver Florent,22,Mid,17,74.938098410416,Established Youth
2020,West Coast Eagles,1002300,Jarrod Brander,21,Mid-Fwd,8,54.9754915935433,Rising Stars
2020,West Coast Eagles,1004356,Brayden Ainsworth,21,Mid-Fwd,9,45.4928504571466,Rising Stars
2020,West Coast Eagles,1004364,Liam Ryan,24,Gen Fwd,18,78.2545990086835,Established Youth
2020,West Coast Eagles,1004385,Oscar Allen,21,Key Fwd,15,77.2775722238297,Rising Stars
2020,West Coast Eagles,1005599,Luke Foley,20,Gen Def,1,34.0727003340307,Rising Stars
2020,West Coast Eagles,1005793,Jarrod Cameron,20,Gen Fwd,5,28.5992838449689,Rising Stars
2020,West Coast Eagles,1006114,Bailey J. Williams,20,Ruck,3,44.996065030485,Rising Stars
2020,West Coast Eagles,1006550,Jack Petruccelle,21,Gen Fwd,6,35.14725719326,Rising Stars
2020,West Coast Eagles,1008282,Xavier O'Neill,20,Mid-Fwd,5,43.4290468518917,Rising Stars
2020,West Coast Eagles,1011437,Harry Edwards,20,Key Def,1,13.5849173952507,Rising Stars
2020,West Coast Eagles,240283,Shannon Hurn,32,Gen Def,17,89.3371034015376,Veterans
2020,West Coast Eagles,240406,Josh J. Kennedy,33,Key Fwd,17,66.0581519151359,Veterans
2020,West Coast Eagles,261214,Will Schofield,31,Key Def,4,42.7018298312625,Veterans
2020,West Coast Eagles,271045,Nic Naitanui,30,Ruck,17,111.628375085776,Veterans
2020,West Coast Eagles,280078,Luke Shuey,30,Mid,13,93.1674700153373,Veterans
2020,West Coast Eagles,281052,Mark Hutchings,29,Mid-Fwd,3,29.153723227131,Prime
2020,West Coast Eagles,281080,Brad Sheppard,29,Gen Def,18,89.9449617358072,Prime
2020,West Coast Eagles,281281,Lewis Jetta,31,Gen Def,6,68.2823263866699,Veterans
2020,West Coast Eagles,281373,Jack Redden,29,Wing,13,69.5931305169408,Prime
2020,West Coast Eagles,290801,Andrew Gaff,28,Wing,18,105.299015626646,Prime
2020,West Coast Eagles,290826,Jamie Cripps,28,Gen Fwd,14,73.1464880734372,Prime
2020,West Coast Eagles,290838,Jack Darling,28,Key Fwd,18,82.1730378691076,Prime
2020,West Coast Eagles,291947,Brendon Ah Chee,26,Gen Fwd,16,56.8129458250099,Prime
2020,West Coast Eagles,292128,Elliot Yeo,26,Mid,10,90.8311959066476,Prime
2020,West Coast Eagles,294266,Tom Hickey,29,Ruck,3,54.677630325701,Prime
2020,West Coast Eagles,294859,Jeremy McGovern,28,Key Def,12,89.9521922762094,Prime
2020,West Coast Eagles,295898,Tim Kelly,26,Mid,18,95.6944480132203,Prime
2020,West Coast Eagles,296296,Dom Sheed,25,Mid,17,86.5709787302968,Established Youth
2020,West Coast Eagles,297668,Nic Reid,24,Gen Fwd,3,37.1991299238699,Established Youth
2020,West Coast Eagles,298268,Liam Duggan,23,Gen Def,17,83.0186340656822,Established Youth
2020,West Coast Eagles,298298,Jackson Nelson,24,Gen Def,15,72.0260812995507,Established Youth
2020,West Coast Eagles,990290,Tom Barrass,24,Key Def,18,81.43054633913,Established Youth
2020,West Coast Eagles,993820,Tom Cole,23,Gen Def,15,66.5232158639612,Established Youth
2020,West Coast Eagles,996554,Jake Waterman,22,Gen Fwd,10,59.4031624622796,Established Youth
2020,West Coast Eagles,997823,Josh Rotham,22,Key Def,10,60.6587071174968,Established Youth
2020,West Coast Eagles,998107,Hamish Brayshaw,22,Gen Fwd,1,30.0998658107815,Established Youth
2020,West Coast Eagles,998791,Jamaine Jones,22,Gen Fwd,2,48.3658655039672,Established Youth
2020,Western Bulldogs,1002383,Callum Porter,21,Mid-Fwd,1,44.0397026488595,Rising Stars
2020,Western Bulldogs,1002404,Aaron Naughton,20,Key Fwd,12,59.602088382715,Rising Stars
2020,Western Bulldogs,1003130,Patrick Lipinski,22,Wing,13,77.6911546959364,Established Youth
2020,Western Bulldogs,1004592,Tim English,23,Ruck,18,101.271508562358,Established Youth
2020,Western Bulldogs,1004909,Lachlan Young,21,Wing,2,47.1293380138219,Rising Stars
2020,Western Bulldogs,1005000,Laitham Vandermeer,21,Mid-Fwd,12,51.5212003236273,Rising Stars
2020,Western Bulldogs,1006127,Rhylee West,20,Gen Fwd,4,57.3055060730483,Rising Stars
2020,Western Bulldogs,1006130,Bailey Smith,19,Mid,18,91.5690124675711,Rising Stars
2020,Western Bulldogs,1008280,Ed Richards,21,Mid-Fwd,17,57.9085273920669,Rising Stars
2020,Western Bulldogs,1011803,Cody Weightman,19,Gen Fwd,3,34.4883126207999,Rising Stars
2020,Western Bulldogs,1011992,Louis Butler,19,Gen Def,2,51.0995602833791,Rising Stars
2020,Western Bulldogs,270732,Matthew Suckling,32,Gen Fwd,7,48.9959977631443,Veterans
2020,Western Bulldogs,280013,Jackson Trengove,29,Key Def,1,65.7765129498061,Prime
2020,Western Bulldogs,281139,Easton Wood,30,Gen Def,13,55.1935141420916,Veterans
2020,Western Bulldogs,290073,Sam Lloyd,30,Gen Fwd,9,54.0209173778806,Veterans
2020,Western Bulldogs,290085,Taylor Duryea,29,Gen Def,3,85.2695828335721,Prime
2020,Western Bulldogs,290797,Alex Keath,28,Key Def,18,60.1151973489653,Prime
2020,Western Bulldogs,290799,Tom Liberatore,28,Mid,16,104.801151729416,Prime
2020,Western Bulldogs,291492,Josh Bruce,28,Key Fwd,17,51.1842316842403,Prime
2020,Western Bulldogs,291545,Mitch Wallis,27,Gen Fwd,18,68.692677745864,Prime
2020,Western Bulldogs,293651,Hayden Crozier,26,Gen Def,15,77.9634697879011,Prime
2020,Western Bulldogs,294101,Jason Johannisen,27,Gen Def,17,82.691686328021,Prime
2020,Western Bulldogs,294557,Lachie Hunter,25,Wing,10,111.756188487598,Established Youth
2020,Western Bulldogs,295136,Caleb Daniel,24,Gen Def,18,104.480833556656,Established Youth
2020,Western Bulldogs,295313,Lin Jong,27,Mid-Fwd,3,72.4706079610945,Prime
2020,Western Bulldogs,295467,Jack Macrae,26,Mid,18,119.448836728721,Prime
2020,Western Bulldogs,295712,Tory Dickson,32,Gen Fwd,1,15.5284229045271,Veterans
2020,Western Bulldogs,296070,Ben Cavarra,24,Gen Fwd,3,45.1305824498819,Established Youth
2020,Western Bulldogs,297373,Marcus Bontempelli,24,Mid,18,113.772491975184,Established Youth
2020,Western Bulldogs,298277,Billy Gowers,24,Gen Fwd,3,19.9037362992224,Established Youth
2020,Western Bulldogs,991939,Zaine Cordy,23,Key Def,14,56.0660793152288,Established Youth
2020,Western Bulldogs,991976,Will Hayes,25,Wing,2,47.850989318732,Established Youth
2020,Western Bulldogs,992054,Roarke Smith,24,Mid-Fwd,6,59.8512602220507,Established Youth
2020,Western Bulldogs,992351,Bailey Williams,22,Gen Def,18,84.8786266720271,Established Youth
2020,Western Bulldogs,993834,Josh Dunkley,23,Mid-Fwd,12,104.34439939452,Established Youth
2020,Western Bulldogs,993841,Josh Schache,23,Key Fwd,2,38.7990663622382,Established Youth
2020,Western Bulldogs,996483,Toby McLean,24,Gen Fwd,12,68.3162936746096,Established Youth
2020,Western Bulldogs,996708,Bailey Dale,24,Gen Fwd,9,55.6678047005399,Established Youth
2020,Western Bulldogs,997316,Lewis Young,21,Key Fwd,1,-3.31756334434905,Rising Stars
2020,Western Bulldogs,997501,Ryan Gardner,23,Key Def,10,47.1831965312824,Established Youth
2021,Adelaide Crows,1000932,Tom Doedee,24,Key Def,21,85.6795640464453,Established Youth
2021,Adelaide Crows,1000998,Lachlan Murphy,22,Gen Fwd,15,54.3257355275833,Established Youth
2021,Adelaide Crows,1004863,Mitchell Hinge,23,Gen Def,1,30.7150405882602,Established Youth
2021,Adelaide Crows,1004995,Jordon Butts,21,Key Def,22,56.5815075066321,Rising Stars
2021,Adelaide Crows,1005199,Elliott Himmelberg,23,Key Fwd,8,46.038940817202,Established Youth
2021,Adelaide Crows,1006136,Lachlan Sholl,21,Wing,19,66.5605256166989,Rising Stars
2021,Adelaide Crows,1006203,Chayce Jones,21,Gen Def,15,50.1483108559243,Rising Stars
2021,Adelaide Crows,1008159,William Hamill,20,Gen Def,17,42.9442350671308,Rising Stars
2021,Adelaide Crows,1008185,Ned McHenry,21,Gen Fwd,21,53.9253688577887,Rising Stars
2021,Adelaide Crows,1008230,Nick Murray,20,Key Def,13,57.3664333675248,Rising Stars
2021,Adelaide Crows,1008384,Riley Thilthorpe,19,Key Fwd,14,60.5238821723477,Rising Stars
2021,Adelaide Crows,1008543,Harry Schoenberg,20,Mid,22,71.6669271937602,Rising Stars
2021,Adelaide Crows,1008752,Kieran Strachan,26,Ruck,2,100.487102829317,Prime
2021,Adelaide Crows,1011254,Ronin O'Connor,20,Mid,3,30.768302437133,Rising Stars
2021,Adelaide Crows,1011981,Josh Worrell,20,Gen Def,1,12.5595380563975,Rising Stars
2021,Adelaide Crows,1012218,Luke Pedlar,19,Gen Fwd,2,19.8365330023272,Rising Stars
2021,Adelaide Crows,1012807,Sam Berry,19,Gen Fwd,17,46.031649296126,Rising Stars
2021,Adelaide Crows,1018075,Lachlan Gollant,20,Gen Fwd,1,37.2289781188673,Rising Stars
2021,Adelaide Crows,1018335,Brayden Cook,19,Wing,3,48.1086102372638,Rising Stars
2021,Adelaide Crows,250362,David Mackay,33,Wing,18,59.3261949983715,Veterans
2021,Adelaide Crows,270938,Tom Lynch,30,Gen Fwd,12,76.1360154580096,Veterans
2021,Adelaide Crows,270963,Rory Sloane,31,Mid,18,97.3616977761358,Veterans
2021,Adelaide Crows,280506,Taylor Walker,31,Key Fwd,17,86.0768045747921,Veterans
2021,Adelaide Crows,291748,Brodie Smith,29,Gen Def,21,84.7498326522613,Prime
2021,Adelaide Crows,293193,Luke Brown,28,Gen Def,11,59.8263864547736,Prime
2021,Adelaide Crows,293222,Rory Laird,27,Mid,22,116.214294338572,Prime
2021,Adelaide Crows,294733,Paul Seedsman,29,Wing,22,95.7628107538217,Prime
2021,Adelaide Crows,297473,Jake Kelly,26,Gen Def,20,68.7394778726047,Prime
2021,Adelaide Crows,297523,Reilly O'Brien,26,Ruck,20,96.038462110818,Prime
2021,Adelaide Crows,298417,Ben Davis,24,Gen Def,4,41.6887615115364,Established Youth
2021,Adelaide Crows,298470,Shane McAdam,26,Gen Fwd,15,52.7637585542441,Prime
2021,Adelaide Crows,991773,Billy Frampton,24,Key Fwd,10,44.6504470360833,Established Youth
2021,Adelaide Crows,993946,Ben Keays,24,Mid,22,102.901606340153,Established Youth
2021,Adelaide Crows,997206,Andrew McPherson,22,Gen Def,18,56.4515900122646,Established Youth
2021,Adelaide Crows,999309,Jackson Hately,20,Mid,3,43.2772132861922,Rising Stars
2021,Adelaide Crows,999316,James Rowe,22,Gen Fwd,19,57.4265413549133,Established Youth
2021,Adelaide Crows,999331,Darcy Fogarty,22,Key Fwd,17,53.1991253450284,Established Youth
2021,Brisbane Lions,1000978,Hugh McCluggage,23,Wing,24,100.268379576359,Established Youth
2021,Brisbane Lions,1002312,Zac Bailey,22,Mid-Fwd,24,83.2794147053052,Established Youth
2021,Brisbane Lions,1002347,Jack Payne,21,Key Def,10,56.3887653899375,Rising Stars
2021,Brisbane Lions,1002351,Connor Ballenden,22,Ruck,1,15.8504300981785,Established Youth
2021,Brisbane Lions,1002401,Brandon Starcevich,22,Gen Def,24,59.0597998419349,Established Youth
2021,Brisbane Lions,1005521,Oscar McInerney,27,Ruck,23,94.6220257141027,Prime
2021,Brisbane Lions,1006059,Keidean Coleman,21,Gen Fwd,18,52.871398916817,Rising Stars
2021,Brisbane Lions,1006100,Thomas Berry,21,Gen Fwd,11,31.5616021738498,Rising Stars
2021,Brisbane Lions,1007099,Harry Sharp,18,Wing,2,35.245542199547,Rising Stars
2021,Brisbane Lions,1009385,Deven Robertson,20,Mid,16,61.9499756811555,Rising Stars
2021,Brisbane Lions,1009386,Jaxon Prior,20,Wing,18,44.8994061589139,Rising Stars
2021,Brisbane Lions,1013532,Tom Fullarton,22,Key Fwd,12,48.0337217167174,Established Youth
2021,Brisbane Lions,1013978,James Madden,21,Gen Def,9,56.9776174083971,Rising Stars
2021,Brisbane Lions,240302,Grant Birchall,33,Gen Def,23,71.1931182844602,Veterans
2021,Brisbane Lions,261224,Dayne Zorko,32,Mid,23,105.769142475204,Veterans
2021,Brisbane Lions,271072,Daniel Rich,31,Gen Def,24,107.136094564416,Veterans
2021,Brisbane Lions,290311,Mitch Robinson,32,Wing,22,75.6254280566848,Veterans
2021,Brisbane Lions,291548,Ryan Lester,29,Gen Def,17,59.2012087549984,Prime
2021,Brisbane Lions,293535,Lachie Neale,28,Mid,17,102.510887489958,Prime
2021,Brisbane Lions,293581,Lincoln McCarthy,27,Gen Fwd,24,77.027658933221,Prime
2021,Brisbane Lions,293716,Jarryd Lyons,29,Mid,24,115.897168234824,Prime
2021,Brisbane Lions,294168,Marcus Adams,28,Key Def,17,73.8479310297051,Prime
2021,Brisbane Lions,294518,Joe Daniher,27,Key Fwd,24,76.2283983359645,Prime
2021,Brisbane Lions,296269,Darcy Gardiner,26,Key Def,9,51.2801862158706,Prime
2021,Brisbane Lions,297504,Daniel McStay,26,Key Fwd,19,75.9224759600663,Prime
2021,Brisbane Lions,298336,Nakia Cockatoo,24,Gen Fwd,7,49.8882893321367,Established Youth
2021,Brisbane Lions,298437,Callum Ah Chee,23,Gen Def,21,50.3864776576105,Established Youth
2021,Brisbane Lions,990609,Charlie Cameron,27,Gen Fwd,24,70.8199361150529,Prime
2021,Brisbane Lions,993828,Rhys Mathieson,24,Mid,15,59.7952063379081,Established Youth
2021,Brisbane Lions,993953,Eric Hipwood,24,Key Fwd,16,56.9427894983937,Established Youth
2021,Brisbane Lions,996059,Harris Andrews,24,Key Def,23,95.2044714800553,Established Youth
2021,Brisbane Lions,998133,Jarrod Berry,23,Mid,11,50.4259469029759,Established Youth
2021,Carlton,1000953,Harry McKay,23,Key Fwd,19,77.1427195287929,Established Youth
2021,Carlton,1001028,Jack Silvagni,23,Gen Fwd,15,65.3335050962009,Established Youth
2021,Carlton,1001398,Matthew Kennedy,24,Mid,13,81.5897672201333,Established Youth
2021,Carlton,1002228,Lachie Fogarty,22,Gen Fwd,17,68.5093655278226,Established Youth
2021,Carlton,1002256,Paddy Dow,21,Mid,17,55.8089386497533,Rising Stars
2021,Carlton,1002259,Lochie O'Brien,22,Wing,5,64.6417217505189,Established Youth
2021,Carlton,1002938,Josh Honey,19,Gen Fwd,5,49.8205213052631,Rising Stars
2021,Carlton,1004912,Tom De Koning,22,Ruck,13,60.5161255808517,Established Youth
2021,Carlton,1006094,Sam Walsh,21,Mid,22,116.958838096646,Rising Stars
2021,Carlton,1008154,Matthew Cottrell,21,Wing,14,49.2428218875153,Rising Stars
2021,Carlton,1008312,Liam Stocker,21,Gen Def,17,57.9159922415768,Rising Stars
2021,Carlton,1008510,Corey Durdin,19,Gen Fwd,2,32.7526465484431,Rising Stars
2021,Carlton,1009241,Brodie Kemp,20,Key Def,2,36.1788036059737,Rising Stars
2021,Carlton,1012409,Luke Parks,20,Gen Def,6,36.5652909445237,Rising Stars
2021,Carlton,1013973,Matthew Owies,24,Gen Fwd,13,54.7238549243999,Established Youth
2021,Carlton,240060,Eddie Betts,34,Gen Fwd,19,56.5857777912274,Old Timers
2021,Carlton,250105,Marc Murphy,34,Gen Fwd,15,53.4131720669258,Old Timers
2021,Carlton,270146,Ed Curnow,31,Mid,22,86.2901868872625,Veterans
2021,Carlton,281078,Liam Jones,30,Key Def,19,68.9094039832925,Veterans
2021,Carlton,281124,Levi Casboult,31,Key Fwd,13,49.9815773518346,Veterans
2021,Carlton,291773,Jack Newnes,28,Wing,19,66.1583074938238,Prime
2021,Carlton,294624,Lachie Plowman,26,Gen Def,19,53.7166872463638,Prime
2021,Carlton,294685,Zac Williams,26,Gen Def,14,84.926623780592,Prime
2021,Carlton,295461,Adam Saad,27,Gen Def,22,82.5961283701993,Prime
2021,Carlton,295518,Sam Docherty,27,Gen Def,14,98.1616522029259,Prime
2021,Carlton,296190,Jack Martin,26,Gen Fwd,11,68.2025500061062,Prime
2021,Carlton,296200,Michael Gibbons,26,Gen Fwd,11,64.152961164836,Prime
2021,Carlton,297255,Mitch McGovern,26,Key Fwd,5,58.5507913908337,Prime
2021,Carlton,297907,Nic Newman,28,Gen Def,14,87.6873700060747,Prime
2021,Carlton,298290,Marc Pittonet,25,Ruck,13,85.6765552241805,Established Youth
2021,Carlton,990704,Patrick Cripps,26,Mid,20,83.5668098161317,Prime
2021,Carlton,992472,Oscar McDonald,25,Key Fwd,3,53.0647881780462,Established Youth
2021,Carlton,993795,David Cuningham,24,Mid-Fwd,4,79.9037003114909,Established Youth
2021,Carlton,993832,Jacob Weitering,23,Key Def,22,94.1312060972595,Established Youth
2021,Carlton,994539,Sam Petrevski-Seton,23,Gen Def,14,63.4994702006003,Established Youth
2021,Carlton,996731,Charlie Curnow,24,Key Fwd,4,51.2563138369325,Established Youth
2021,Carlton,998167,Thomas Williamson,22,Gen Def,11,44.9765816148585,Established Youth
2021,Carlton,998215,Will Setterfield,23,Wing,8,62.0860986072799,Established Youth
2021,Carlton,999827,Zac Fisher,23,Gen Fwd,10,65.0347877888878,Established Youth
2021,Collingwood,1000072,John Noble,24,Gen Def,22,69.9201818249794,Established Youth
2021,Collingwood,1000960,Max Lynch,22,Ruck,2,54.4074507777117,Established Youth
2021,Collingwood,1002770,Callum Brown,23,Gen Fwd,15,49.775152623325,Established Youth
2021,Collingwood,1003029,Brayden Sier,23,Mid,7,44.4881917521692,Established Youth
2021,Collingwood,1004757,Beau McCreery,20,Gen Fwd,13,41.8950866789578,Rising Stars
2021,Collingwood,1005054,Josh Daicos,22,Mid,17,67.6828650186074,Established Youth
2021,Collingwood,1005107,Nathan Murphy,21,Wing,15,44.6659235664127,Rising Stars
2021,Collingwood,1008089,Isaac Quaynor,21,Gen Def,20,74.8151087796322,Rising Stars
2021,Collingwood,1008171,Tyler Brown,21,Wing,7,51.5321731493868,Rising Stars
2021,Collingwood,1008285,William Kelly,21,Key Fwd,2,22.4436991142961,Rising Stars
2021,Collingwood,1009186,Trent Bianco,20,Gen Fwd,12,51.7384031053008,Rising Stars
2021,Collingwood,1009383,Trey Ruscoe,19,Gen Def,9,48.2436196686926,Rising Stars
2021,Collingwood,1010841,Jack Madgen,28,Gen Def,19,66.7924967647892,Prime
2021,Collingwood,1011589,Caleb Poulter,18,Wing,11,59.8513074882831,Rising Stars
2021,Collingwood,1012828,Finlay Macrae,19,Mid,9,37.5422306284721,Rising Stars
2021,Collingwood,1012857,Jack Ginnivan,18,Gen Fwd,5,40.4942330292435,Rising Stars
2021,Collingwood,1012860,Oliver Henry,19,Gen Fwd,10,40.2676914526188,Rising Stars
2021,Collingwood,1013974,Mark Keane,21,Key Def,4,54.6527233001271,Rising Stars
2021,Collingwood,1013975,Anton Tohill,21,Key Def,1,39.3051980027147,Rising Stars
2021,Collingwood,1015793,Jay Rantall,20,Gen Fwd,5,18.7134429373529,Rising Stars
2021,Collingwood,260257,Scott Pendlebury,33,Mid,18,90.4668864823808,Veterans
2021,Collingwood,270861,Levi Greenwood,32,Mid,2,40.787911255756804,Veterans
2021,Collingwood,280012,Jordan Roughead,30,Key Def,21,71.5220190802187,Veterans
2021,Collingwood,280416,Christopher Mayne,32,Gen Def,17,94.4101215588103,Veterans
2021,Collingwood,280965,Steele Sidebottom,30,Mid-Fwd,21,87.2132315507093,Veterans
2021,Collingwood,290289,Josh Thomas,30,Gen Fwd,20,62.3123112245624,Veterans
2021,Collingwood,291313,Jeremy Howe,31,Gen Def,8,78.540264208977,Veterans
2021,Collingwood,291720,Will Hoskin-Elliott,28,Wing,20,69.4167712323333,Prime
2021,Collingwood,291776,Taylor Adams,28,Mid,14,94.4517373902487,Prime
2021,Collingwood,291849,Brody Mihocek,28,Key Fwd,21,59.4935872051447,Prime
2021,Collingwood,293801,Jamie Elliott,29,Gen Fwd,13,78.6554378059725,Prime
2021,Collingwood,293871,Jack Crisp,28,Gen Def,22,105.019939786491,Prime
2021,Collingwood,293957,Brodie Grundy,27,Ruck,20,115.010135727432,Prime
2021,Collingwood,298288,Darcy Moore,25,Key Def,13,89.5860144107001,Established Youth
2021,Collingwood,990291,Darcy Cameron,26,Key Fwd,18,77.2481021703748,Prime
2021,Collingwood,992010,Brayden Maynard,24,Gen Def,22,92.8056663346287,Established Youth
2021,Collingwood,993797,Tom Wilson,24,Gen Def,4,41.6421575960299,Established Youth
2021,Collingwood,994185,Jordan De Goey,25,Mid-Fwd,20,85.3602085890162,Established Youth
2021,Collingwood,998647,Mason Cox,30,Key Fwd,7,50.6623330747659,Veterans
2021,Essendon,1001026,Jordan Ridley,22,Gen Def,22,100.106981199781,Established Youth
2021,Essendon,1004034,Brandon Zerk-Thatcher,23,Key Def,6,44.945612230126,Established Youth
2021,Essendon,1005577,Sam Draper,22,Ruck,13,76.4827529642982,Established Youth
2021,Essendon,1006103,Jye Caldwell,20,Mid,3,67.6952784403887,Rising Stars
2021,Essendon,1008190,Brayden Ham,22,Mid-Fwd,19,50.8132487344336,Established Youth
2021,Essendon,1009223,Ned Cahill,20,Gen Def,3,32.7718131970259,Rising Stars
2021,Essendon,1011755,Harrison Jones,20,Key Fwd,16,48.8158265563555,Rising Stars
2021,Essendon,1011954,Nick Bryan,19,Ruck,1,51.2199985569278,Rising Stars
2021,Essendon,1012817,Zach Reid,19,Key Def,1,52.409635848178,Rising Stars
2021,Essendon,1015810,Sam Durham,20,Wing,7,63.4614707155746,Rising Stars
2021,Essendon,1015827,Nik Cox,19,Wing,22,56.9032182829046,Rising Stars
2021,Essendon,1015873,Archie Perkins,19,Gen Fwd,21,48.5393472316518,Rising Stars
2021,Essendon,270588,Cale Hooker,32,Key Fwd,18,64.0547767918097,Veterans
2021,Essendon,270951,David Zaharakis,31,Mid-Fwd,9,58.2888883197661,Veterans
2021,Essendon,290629,Dyson Heppell,29,Gen Def,19,98.8308688798004,Prime
2021,Essendon,291771,Devon Smith,28,Gen Fwd,20,64.3018212923531,Prime
2021,Essendon,291783,Dylan Shiel,28,Mid,8,72.3917733611773,Prime
2021,Essendon,293884,Jake Stringer,27,Mid-Fwd,19,92.4439140367973,Prime
2021,Essendon,294068,Andrew Phillips,30,Ruck,6,84.1582592132584,Veterans
2021,Essendon,294092,Anthony McDonald-Tipungwuti,28,Gen Fwd,20,63.5620865066262,Prime
2021,Essendon,294654,James Stewart,27,Key Def,17,59.6287009279606,Prime
2021,Essendon,295599,Patrick Ambrose,30,Key Fwd,1,21.5702764272703,Veterans
2021,Essendon,297406,Tom Cutler,26,Gen Def,13,63.7547149330618,Prime
2021,Essendon,297438,Martin Gleeson,27,Gen Def,6,73.0018147678098,Prime
2021,Essendon,297452,Nick Hind,27,Gen Def,22,92.8378060355685,Prime
2021,Essendon,298280,Jayden Laverde,25,Key Def,23,65.9054889981706,Established Youth
2021,Essendon,298289,Peter Wright,24,Ruck,21,80.850377840535,Established Youth
2021,Essendon,298445,Alec Waterman,25,Gen Fwd,14,53.0106499489147,Established Youth
2021,Essendon,298630,Kyle Langford,24,Wing,17,86.8298797630808,Established Youth
2021,Essendon,990606,Will Snelling,24,Gen Fwd,20,79.9222347696096,Established Youth
2021,Essendon,990816,Aaron Francis,24,Key Def,15,55.5345374946746,Established Youth
2021,Essendon,992016,Zach Merrett,26,Mid,23,114.669985096437,Prime
2021,Essendon,993817,Darcy Parish,24,Mid,23,116.53858489483,Established Youth
2021,Essendon,996232,Matt Guelfi,24,Wing,20,58.4919793659743,Established Youth
2021,Essendon,997078,Mason Redman,24,Gen Def,22,76.1464737301008,Established Youth
2021,Essendon,998102,Andrew McGrath,23,Mid,15,84.2021069360087,Established Youth
2021,Essendon,998109,Dylan Clarke,22,Mid-Fwd,4,59.5234780081595,Established Youth
2021,Fremantle,1000860,Lachie Schultz,23,Gen Fwd,20,59.5884293779983,Established Youth
2021,Fremantle,1000980,Lloyd Meek,23,Ruck,9,49.2408400014655,Established Youth
2021,Fremantle,1002232,Andrew Brayshaw,21,Mid,20,107.332772753334,Rising Stars
2021,Fremantle,1002239,Adam Cerra,21,Mid,18,90.1020830057485,Rising Stars
2021,Fremantle,1002353,Mitch Crowden,22,Gen Fwd,16,47.3116727211638,Established Youth
2021,Fremantle,1002354,Stefan Giro,22,Wing,4,59.2424958824561,Established Youth
2021,Fremantle,1004437,Tobe Watson,23,Gen Def,11,47.5414771414398,Established Youth
2021,Fremantle,1005988,Liam Henry,20,Gen Fwd,17,41.9925517494037,Rising Stars
2021,Fremantle,1009256,Hayden Young,20,Gen Def,8,76.5320682030257,Rising Stars
2021,Fremantle,1009401,Joel Western,18,Gen Fwd,4,21.893432083316,Rising Stars
2021,Fremantle,1009410,Brandon Walker,18,Gen Def,10,42.4060345516722,Rising Stars
2021,Fremantle,1009420,Caleb Serong,20,Mid,22,82.8445484338445,Rising Stars
2021,Fremantle,1012819,Josh Treacy,19,Key Fwd,15,44.097261904478,Rising Stars
2021,Fremantle,1013224,Heath Chapman,19,Gen Def,6,56.074964692675,Rising Stars
2021,Fremantle,1013611,Sam Sturt,21,Gen Fwd,1,23.9891425118761,Rising Stars
2021,Fremantle,240052,David Mundy,36,Mid,22,99.7993755072983,Old Timers
2021,Fremantle,280988,Travis Colyer,30,Gen Fwd,22,59.2863216297069,Veterans
2021,Fremantle,281007,Michael Walters,30,Gen Fwd,16,64.2533119231103,Veterans
2021,Fremantle,290823,Reece Conca,29,Gen Def,10,59.7312362201341,Prime
2021,Fremantle,291570,Nat Fyfe,30,Mid,15,99.8271159912192,Veterans
2021,Fremantle,293854,Matt Taberner,28,Key Fwd,16,66.7745856297319,Prime
2021,Fremantle,294125,Nathan Wilson,28,Gen Def,18,71.785871229681,Prime
2021,Fremantle,295067,James Aish,25,Gen Def,22,67.9296227213548,Established Youth
2021,Fremantle,295222,Joel Hamling,28,Key Def,1,71.7291960462362,Prime
2021,Fremantle,296294,Blake Acres,25,Wing,18,64.4269258069351,Established Youth
2021,Fremantle,296371,Brett Bewley,26,Wing,6,50.5795651757779,Prime
2021,Fremantle,298409,Alex Pearce,26,Key Def,10,55.9391908998929,Prime
2021,Fremantle,298450,Connor Blakely,25,Wing,13,43.8664220179344,Established Youth
2021,Fremantle,990740,Rory Lobb,28,Key Fwd,13,72.9037961073971,Prime
2021,Fremantle,992059,Sam Switkowski,24,Gen Fwd,12,65.838364614546,Established Youth
2021,Fremantle,993816,Darcy Tucker,24,Gen Def,16,59.3219070561826,Established Youth
2021,Fremantle,996580,Ethan Hughes,26,Gen Def,8,62.6895043454885,Prime
2021,Fremantle,997033,Brennan Cox,23,Key Def,12,70.2476772850257,Established Youth
2021,Fremantle,997933,Griffin Logue,23,Key Def,16,58.4962655903799,Established Youth
2021,Fremantle,998115,Taylin Duman,23,Gen Def,6,61.2694381763053,Established Youth
2021,Fremantle,998145,Sean Darcy,23,Ruck,21,118.172590674479,Established Youth
2021,Fremantle,998180,Bailey Banfield,23,Gen Fwd,6,48.2304162694875,Established Youth
2021,Fremantle,998659,Luke Ryan,25,Key Def,19,99.3242660726359,Established Youth
2021,Fremantle,999321,Michael Frederick,21,Gen Fwd,7,49.2945246202636,Rising Stars
2021,GWS GIANTS,1001396,Isaac Cumming,23,Gen Def,24,89.7912331668236,Established Youth
2021,GWS GIANTS,1002251,Brent Daniels,22,Gen Fwd,13,58.1440503337479,Established Youth
2021,GWS GIANTS,1002296,Nicholas Shipley,22,Wing,4,21.6297847279711,Established Youth
2021,GWS GIANTS,1005247,Sam Taylor,22,Key Def,19,84.8578371138986,Established Youth
2021,GWS GIANTS,1006013,James Peatling,21,Gen Def,4,42.9001435075865,Rising Stars
2021,GWS GIANTS,1006135,Xavier O'Halloran,21,Wing,17,54.7694877427809,Rising Stars
2021,GWS GIANTS,1006148,Bobby Hill,21,Gen Fwd,17,49.2637050440558,Rising Stars
2021,GWS GIANTS,1007238,Jake Stein,27,Key Def,6,43.7229934221677,Prime
2021,GWS GIANTS,1008083,Connor Idun,21,Gen Def,23,59.722117790297,Rising Stars
2021,GWS GIANTS,1008123,Jake Riccardi,21,Mid-Fwd,9,42.0166039781562,Rising Stars
2021,GWS GIANTS,1008436,Kieren Briggs,21,Ruck,5,71.5911563190004,Rising Stars
2021,GWS GIANTS,1009253,Lachie Ash,20,Gen Def,23,76.6178703040377,Rising Stars
2021,GWS GIANTS,1009528,Tom Green,20,Mid,18,77.3567810500585,Rising Stars
2021,GWS GIANTS,1009708,Jack Buckley,23,Key Def,15,66.4416436606558,Established Youth
2021,GWS GIANTS,1012805,Tanner Bruhn,19,Gen Fwd,13,44.7063044856906,Rising Stars
2021,GWS GIANTS,1014038,Callum Brown,21,Gen Fwd,2,55.5527534872306,Rising Stars
2021,GWS GIANTS,1015862,Conor Stone,19,Mid-Fwd,5,44.169249241298,Rising Stars
2021,GWS GIANTS,261374,Sam Reid,31,Gen Def,15,38.2160839028197,Veterans
2021,GWS GIANTS,271015,Matt de Boer,31,Mid-Fwd,11,62.5552254463398,Veterans
2021,GWS GIANTS,280109,Callan Ward,31,Mid,24,91.7629872619842,Veterans
2021,GWS GIANTS,280762,Shane Mumford,35,Ruck,14,94.1150593592272,Old Timers
2021,GWS GIANTS,280804,Phil Davis,30,Key Def,11,52.7970164400884,Veterans
2021,GWS GIANTS,290314,Lachlan Keeffe,31,Key Def,8,63.1810158389995,Veterans
2021,GWS GIANTS,290675,Daniel Lloyd,29,Gen Fwd,16,62.7055109428613,Prime
2021,GWS GIANTS,291509,Adam Kennedy,29,Wing,9,66.0015044434174,Prime
2021,GWS GIANTS,291797,Matthew Buntine,27,Gen Def,8,40.5826285304393,Prime
2021,GWS GIANTS,291969,Stephen Coniglio,27,Mid-Fwd,7,59.9299348531889,Prime
2021,GWS GIANTS,294305,Lachie Whitfield,27,Gen Def,17,94.1864488041668,Prime
2021,GWS GIANTS,295265,Nick Haynes,29,Gen Def,21,77.365141796965,Prime
2021,GWS GIANTS,295344,Toby Greene,28,Gen Fwd,18,90.2213386144328,Prime
2021,GWS GIANTS,296324,Jesse Hogan,26,Key Fwd,9,76.1850359223609,Prime
2021,GWS GIANTS,296347,Josh Kelly,26,Mid,23,107.369384163508,Prime
2021,GWS GIANTS,298111,Jeremy Finlayson,25,Key Fwd,13,68.1860823525655,Established Youth
2021,GWS GIANTS,993107,Harry Himmelberg,25,Key Fwd,24,70.770203264117,Established Youth
2021,GWS GIANTS,993902,Matt Flynn,24,Ruck,12,86.7207335924614,Established Youth
2021,GWS GIANTS,993903,Jacob Hopper,24,Mid,23,97.5074734429582,Established Youth
2021,GWS GIANTS,998172,Tim Taranto,23,Mid-Fwd,24,95.8239099036976,Established Youth
2021,GWS GIANTS,998205,Harry Perryman,22,Gen Def,18,91.547505724024,Established Youth
2021,GWS GIANTS,998225,Zachary Sproule,23,Key Fwd,10,51.7797823709752,Established Youth
2021,Geelong Cats,1000937,Jack Henry,23,Key Def,24,80.6029706097974,Established Youth
2021,Geelong Cats,1002220,Esava Ratugolea,23,Ruck,15,54.0045611156671,Established Youth
2021,Geelong Cats,1002242,Charlie Constable,22,Mid,3,47.838215873177,Established Youth
2021,Geelong Cats,1004870,Zach Guthrie,23,Gen Def,13,57.729259707458,Established Youth
2021,Geelong Cats,1004938,Gryan Miers,22,Gen Fwd,15,62.6360581632714,Established Youth
2021,Geelong Cats,1004940,Sam Simpson,23,Gen Fwd,4,59.2931714224913,Established Youth
2021,Geelong Cats,1006152,Jordan Clark,20,Wing,11,62.422174385589,Rising Stars
2021,Geelong Cats,1007102,Mark O'Connor,24,Mid,14,68.9028056852702,Established Youth
2021,Geelong Cats,1009229,Sam De Koning,20,Key Fwd,1,26.7196188231701,Rising Stars
2021,Geelong Cats,1015889,Max Holmes,19,Mid-Fwd,12,60.0252304220784,Rising Stars
2021,Geelong Cats,1017255,Francis Evans,20,Gen Fwd,2,27.7666774442446,Rising Stars
2021,Geelong Cats,250321,Joel Selwood,33,Mid,24,97.8637665961607,Veterans
2021,Geelong Cats,260227,Shaun Higgins,33,Gen Fwd,18,73.6859172264637,Veterans
2021,Geelong Cats,261510,Tom Hawkins,33,Key Fwd,25,93.5269564752612,Veterans
2021,Geelong Cats,270326,Lachie Henderson,31,Key Def,21,77.1929110539408,Veterans
2021,Geelong Cats,270917,Patrick Dangerfield,31,Mid,16,102.628564709303,Veterans
2021,Geelong Cats,280317,Rhys Stanley,30,Ruck,19,86.347937464199,Veterans
2021,Geelong Cats,281065,Mitch Duncan,30,Mid-Fwd,13,99.2774440077667,Veterans
2021,Geelong Cats,290550,Cameron Guthrie,29,Mid,23,109.878390346195,Prime
2021,Geelong Cats,291357,Gary Rohan,30,Gen Fwd,21,66.4780228516749,Veterans
2021,Geelong Cats,291526,Luke Dahlhaus,29,Gen Fwd,21,56.5420980951023,Prime
2021,Geelong Cats,291800,Tom Stewart,28,Gen Def,20,107.645090660874,Prime
2021,Geelong Cats,292511,Zach Tuohy,31,Gen Def,21,88.7349273117341,Veterans
2021,Geelong Cats,293845,Jeremy Cameron,28,Key Fwd,15,77.0082936903275,Prime
2021,Geelong Cats,293883,Jed Bews,27,Gen Def,25,55.602265851472,Prime
2021,Geelong Cats,294199,Sam Menegola,29,Wing,23,90.6519736375162,Prime
2021,Geelong Cats,294828,Josh Jenkins,32,Key Fwd,1,43.5138104389922,Veterans
2021,Geelong Cats,294877,Isaac Smith,32,Wing,24,90.2423242473942,Veterans
2021,Geelong Cats,296291,Jake Kolodjashnij,26,Key Def,22,58.9910728220544,Prime
2021,Geelong Cats,296733,Mark Blicavs,30,Key Def,24,82.3949608906285,Veterans
2021,Geelong Cats,298419,Brandan Parfitt,23,Mid,23,78.7599108448208,Established Youth
2021,Geelong Cats,994386,Tom Atkins,26,Gen Def,22,72.9603309421836,Prime
2021,Geelong Cats,997254,Nathan Kreuger,22,Key Def,2,52.0620993372624,Established Youth
2021,Geelong Cats,999326,Brad Close,23,Gen Fwd,22,67.0996320565385,Established Youth
2021,Geelong Cats,999824,Quinton Narkle,23,Mid,16,60.2339764046204,Established Youth
2021,Gold Coast SUNS,1000068,Chris Burgess,25,Ruck,19,57.6673492808997,Established Youth
2021,Gold Coast SUNS,1001195,Izak Rankine,21,Gen Fwd,18,55.2167319635784,Rising Stars
2021,Gold Coast SUNS,1004095,Jack Lukosius,21,Gen Def,22,80.7775055848765,Rising Stars
2021,Gold Coast SUNS,1005547,Josh Corbett,25,Key Fwd,16,61.441675371034,Established Youth
2021,Gold Coast SUNS,1005986,Malcolm Rosas,20,Gen Fwd,4,28.774242318837,Rising Stars
2021,Gold Coast SUNS,1005992,Joel Jeffrey,19,Key Fwd,4,25.9664758064182,Rising Stars
2021,Gold Coast SUNS,1006087,Caleb Graham,20,Ruck,12,44.0777117078,Rising Stars
2021,Gold Coast SUNS,1006144,Ben King,21,Key Fwd,22,53.3765857362905,Rising Stars
2021,Gold Coast SUNS,1007881,Wil Powell,22,Gen Def,22,82.0667442091388,Established Youth
2021,Gold Coast SUNS,1008454,Connor Budarick,20,Gen Def,2,61.7301617668319,Rising Stars
2021,Gold Coast SUNS,1008882,Charlie Ballard,22,Key Def,21,69.6482469826184,Established Youth
2021,Gold Coast SUNS,1009199,Noah Anderson,20,Mid,20,83.7536082898198,Rising Stars
2021,Gold Coast SUNS,1009208,Matt Rowell,20,Mid,12,62.8836197895689,Rising Stars
2021,Gold Coast SUNS,1009260,Sam Flanders,20,Gen Fwd,16,54.9702931935077,Rising Stars
2021,Gold Coast SUNS,1009380,Jeremy Sharp,20,Wing,9,65.8263647792654,Rising Stars
2021,Gold Coast SUNS,1013268,Alex Davies,19,Mid,1,60.2752419698166,Rising Stars
2021,Gold Coast SUNS,240254,Jarrod Harbrow,33,Gen Def,4,58.3899262117268,Veterans
2021,Gold Coast SUNS,280722,Zac Smith,31,Ruck,9,72.0120530381815,Veterans
2021,Gold Coast SUNS,281091,Hugh Greenwood,29,Mid,15,100.194928986402,Prime
2021,Gold Coast SUNS,290832,David Swallow,28,Mid,21,90.0031022139139,Prime
2021,Gold Coast SUNS,291753,Sam Day,28,Key Fwd,6,56.3937788926448,Prime
2021,Gold Coast SUNS,291891,Jacob Townsend,28,Gen Fwd,2,64.7530888146836,Prime
2021,Gold Coast SUNS,291975,Jarrod Witts,28,Ruck,3,83.9764240138413,Prime
2021,Gold Coast SUNS,293713,Brandon Ellis,28,Wing,18,89.6271076667481,Prime
2021,Gold Coast SUNS,294013,Sean Lemmens,26,Gen Def,21,51.9790908229192,Prime
2021,Gold Coast SUNS,294472,Rory Atkins,27,Wing,8,45.6631348094896,Prime
2021,Gold Coast SUNS,294643,Alex Sexton,27,Gen Fwd,21,55.3862720377992,Prime
2021,Gold Coast SUNS,295446,Sam Collins,27,Key Def,19,73.2932377563553,Prime
2021,Gold Coast SUNS,297456,Nick Holman,26,Gen Fwd,16,65.1032594005441,Prime
2021,Gold Coast SUNS,298272,Touk Miller,25,Mid,21,124.337125126009,Established Youth
2021,Gold Coast SUNS,298358,Oleg Markov,25,Gen Def,17,75.6613139986134,Established Youth
2021,Gold Coast SUNS,298524,Lachie Weller,25,Mid-Fwd,13,73.0889700943243,Established Youth
2021,Gold Coast SUNS,993799,Brayden Fiorini,24,Mid,10,101.491403670547,Established Youth
2021,Gold Coast SUNS,996464,Darcy Macpherson,23,Gen Fwd,11,59.006277610538,Established Youth
2021,Gold Coast SUNS,998129,Will Brodie,23,Mid-Fwd,5,50.7246951837503,Established Youth
2021,Gold Coast SUNS,998130,Ben Ainsworth,23,Gen Fwd,17,60.6651671613171,Established Youth
2021,Gold Coast SUNS,998260,Jack Bowes,23,Gen Def,19,82.8983102046961,Established Youth
2021,Gold Coast SUNS,999715,Jy Farrar,24,Key Def,10,55.639598922255,Established Youth
2021,Hawthorn,1000864,Lachlan Bramble,23,Gen Def,10,75.2577932198385,Established Youth
2021,Hawthorn,1000887,Mitch Lewis,22,Key Fwd,14,65.9143560423372,Established Youth
2021,Hawthorn,1000959,James Cousins,23,Mid-Fwd,10,77.588653584959,Established Youth
2021,Hawthorn,1000963,Harry Morrison,22,Mid-Fwd,15,64.0652992600229,Established Youth
2021,Hawthorn,1001024,Ned Reeves,22,Ruck,5,82.6098490847335,Established Youth
2021,Hawthorn,1001043,Oliver Hanrahan,23,Gen Fwd,13,44.4739412507591,Established Youth
2021,Hawthorn,1002222,James Worpel,22,Mid,20,73.3492912783171,Established Youth
2021,Hawthorn,1005150,Emerson Jeka,20,Key Fwd,4,34.949728972456,Rising Stars
2021,Hawthorn,1006030,Jacob Koschitzke,21,Key Fwd,20,52.4774424245391,Rising Stars
2021,Hawthorn,1006159,Damon Greaves,21,Gen Def,7,45.9880940539818,Rising Stars
2021,Hawthorn,1006314,Dylan Moore,22,Gen Fwd,20,76.4088988226683,Established Youth
2021,Hawthorn,1007124,Conor Nash,23,Mid-Fwd,8,57.6534807843251,Established Youth
2021,Hawthorn,1008537,Joshua Morris,19,Gen Fwd,5,17.4293986558505,Rising Stars
2021,Hawthorn,1008550,Will Day,20,Gen Def,5,79.1910414510015,Rising Stars
2021,Hawthorn,1009421,Finn Maginness,20,Mid-Fwd,2,32.8445264133723,Rising Stars
2021,Hawthorn,1012830,Connor Downie,19,Wing,2,44.4110985144317,Rising Stars
2021,Hawthorn,1013093,Denver Grainger-Barras,19,Key Def,5,42.2507270087377,Rising Stars
2021,Hawthorn,1013511,Tyler Brockman,18,Gen Fwd,11,41.4037626211665,Rising Stars
2021,Hawthorn,1020895,Jai Newcombe,20,Mid,7,53.3337988327785,Rising Stars
2021,Hawthorn,210012,Shaun Burgoyne,38,Gen Def,18,53.2665948593054,Old Timers
2021,Hawthorn,261323,Ben McEvoy,32,Ruck,22,88.8132734926258,Veterans
2021,Hawthorn,280737,Liam Shiels,30,Mid,21,77.2438800088483,Veterans
2021,Hawthorn,280744,Luke Breust,30,Gen Fwd,19,71.6899168893913,Veterans
2021,Hawthorn,290228,Kyle Hartigan,29,Key Def,19,48.6462059580684,Prime
2021,Hawthorn,291327,Jonathon Ceglar,30,Ruck,12,90.6047712523914,Veterans
2021,Hawthorn,291351,Jack Gunston,29,Key Fwd,1,21.5894157683393,Prime
2021,Hawthorn,291856,Tom Mitchell,28,Mid,22,116.633270783043,Prime
2021,Hawthorn,291962,Chad Wingard,28,Mid-Fwd,16,92.2767540616527,Prime
2021,Hawthorn,293738,Sam Frost,28,Key Def,22,67.3967402022902,Prime
2021,Hawthorn,294077,Michael Hartley,28,Key Def,3,75.4948357202112,Prime
2021,Hawthorn,294613,Jaeger O'Meara,27,Mid,18,97.3630517702346,Prime
2021,Hawthorn,296041,Tim O'Brien,27,Key Fwd,19,66.0753096933698,Prime
2021,Hawthorn,296254,Jarman Impey,26,Gen Def,13,91.086282902315,Prime
2021,Hawthorn,992462,Daniel Howe,25,Wing,20,77.2470545206458,Established Youth
2021,Hawthorn,993794,Blake Hardwick,24,Gen Def,20,91.4423630235715,Established Youth
2021,Hawthorn,996487,Tom Phillips,25,Wing,22,69.7326725769454,Established Youth
2021,Hawthorn,998114,Jack Scrimshaw,22,Gen Def,20,83.4112804976252,Established Youth
2021,Hawthorn,998390,Changkuoth Jiath,22,Gen Def,16,84.1828781285517,Established Youth
2021,Melbourne,1001438,Bayley Fritsch,24,Gen Fwd,24,69.5089503076134,Established Youth
2021,Melbourne,1002282,Charlie Spargo,21,Gen Fwd,25,58.9464235526769,Rising Stars
2021,Melbourne,1003546,Joel Smith,25,Key Def,3,41.1421888212399,Established Youth
2021,Melbourne,1005330,Kade Chandler,21,Gen Fwd,5,6.99136222080412,Rising Stars
2021,Melbourne,1008541,Kysaiah Pickett,20,Gen Fwd,25,65.7875664816733,Rising Stars
2021,Melbourne,1008855,Oskar Baker,23,Wing,3,66.9362654752501,Established Youth
2021,Melbourne,1008893,Harrison Petty,21,Key Def,19,52.9840169469215,Rising Stars
2021,Melbourne,1009378,Trent Rivers,20,Gen Def,25,64.5324569513033,Rising Stars
2021,Melbourne,1009399,Luke Jackson,20,Ruck,24,71.9507364694847,Rising Stars
2021,Melbourne,1012825,Jake Bowey,18,Gen Def,7,62.1670623707394,Rising Stars
2021,Melbourne,1013409,James Jordon,20,Mid,25,66.7477671801246,Rising Stars
2021,Melbourne,250222,Nathan Jones,33,Mid-Fwd,8,45.9258003308869,Veterans
2021,Melbourne,280824,Jake Melksham,30,Gen Fwd,12,52.5020789251421,Veterans
2021,Melbourne,281085,Steven May,29,Key Def,23,85.5849208182018,Prime
2021,Melbourne,281280,Neville Jetta,31,Gen Def,5,43.3936269977014,Veterans
2021,Melbourne,290160,Michael Hibberd,31,Gen Def,17,55.6754356508589,Veterans
2021,Melbourne,290528,Max Gawn,29,Ruck,25,120.680535272107,Prime
2021,Melbourne,290622,Mitch Brown,31,Key Fwd,1,76.9097588563638,Veterans
2021,Melbourne,291533,Tom McDonald,28,Key Fwd,23,81.5003489947,Prime
2021,Melbourne,291819,Adam Tomlinson,28,Key Def,7,65.6089421945601,Prime
2021,Melbourne,291867,Ben Brown,28,Key Fwd,13,72.3773494236801,Prime
2021,Melbourne,291902,Jack Viney,27,Mid,15,85.8865613285089,Prime
2021,Melbourne,296359,Christian Salem,26,Gen Def,24,97.1775577316316,Prime
2021,Melbourne,296420,Alex Neal-Bullen,25,Gen Fwd,25,76.2440398642078,Established Youth
2021,Melbourne,297899,James Harmes,26,Mid,18,86.6985667683364,Prime
2021,Melbourne,297990,Aaron vandenBerg,29,Wing,4,45.4349838287386,Prime
2021,Melbourne,298210,Christian Petracca,25,Mid,25,114.618253087462,Established Youth
2021,Melbourne,298264,Ed Langdon,25,Wing,24,82.3406200170187,Established Youth
2021,Melbourne,298279,Angus Brayshaw,25,Wing,25,70.7650860863076,Established Youth
2021,Melbourne,298281,Jake Lever,25,Key Def,25,88.9106423631169,Established Youth
2021,Melbourne,993806,Sam Weideman,24,Key Fwd,5,41.0602961628296,Established Youth
2021,Melbourne,994385,Jayden Hunt,26,Gen Def,20,55.9085650535781,Prime
2021,Melbourne,996701,Clayton Oliver,24,Mid,25,125.429091187139,Established Youth
2021,Melbourne,999391,Tom Sparrow,21,Mid-Fwd,21,55.8944169132516,Rising Stars
2021,North Melbourne,1001017,Nick Larkey,23,Key Fwd,22,60.1496988879559,Established Youth
2021,North Melbourne,1002143,Ben McKay,23,Key Def,22,55.9635844788657,Established Youth
2021,North Melbourne,1002240,Jaidyn Stephenson,22,Gen Fwd,19,77.8535849296719,Established Youth
2021,North Melbourne,1002267,Luke Davies-Uniacke,22,Mid,20,84.9960968445195,Established Youth
2021,North Melbourne,1004894,Aiden Bonar,22,Gen Def,10,53.1141695179501,Established Youth
2021,North Melbourne,1004909,Lachlan Young,22,Wing,15,53.9114777719755,Established Youth
2021,North Melbourne,1004965,Tristan Xerri,22,Key Fwd,8,38.3818157365086,Established Youth
2021,North Melbourne,1005729,Tarryn Thomas,21,Mid-Fwd,21,84.3887957656515,Rising Stars
2021,North Melbourne,1006058,Bailey Scott,21,Gen Fwd,17,52.9422983579341,Rising Stars
2021,North Melbourne,1006137,Curtis Taylor,21,Mid-Fwd,19,52.3303861163639,Rising Stars
2021,North Melbourne,1008288,Atu Bosenavulagi,20,Gen Def,8,53.8879652973323,Rising Stars
2021,North Melbourne,1009189,Jack Mahony,19,Gen Fwd,19,55.0144589886622,Rising Stars
2021,North Melbourne,1011647,Phoenix Spicer,19,Gen Fwd,1,11.5149310224666,Rising Stars
2021,North Melbourne,1011659,Tom Powell,19,Mid-Fwd,13,67.7044258685981,Rising Stars
2021,North Melbourne,1012829,Will Phillips,19,Mid-Fwd,16,48.1439348243583,Rising Stars
2021,North Melbourne,1012833,Eddie Ford,19,Gen Fwd,5,49.011536112103,Rising Stars
2021,North Melbourne,1012852,Charlie Lazzaro,19,Mid-Fwd,12,37.1617107851516,Rising Stars
2021,North Melbourne,1015781,Charlie Comben,20,Key Fwd,1,34.9031079231975,Rising Stars
2021,North Melbourne,270325,Robbie Tarrant,32,Key Def,10,64.7925751336491,Veterans
2021,North Melbourne,271129,Todd Goldstein,33,Ruck,22,100.554238862822,Veterans
2021,North Melbourne,280921,Ben Cunnington,30,Mid,15,108.560127014636,Veterans
2021,North Melbourne,280944,Jack Ziebell,30,Gen Def,21,107.673015597327,Veterans
2021,North Melbourne,290246,Tom Campbell,29,Ruck,9,57.3111580585215,Prime
2021,North Melbourne,290738,Jared Polec,28,Wing,5,50.5547069474756,Prime
2021,North Melbourne,290787,Shaun Atley,28,Gen Def,20,67.954151469359,Prime
2021,North Melbourne,291550,Josh Walker,28,Key Def,21,56.0050417840666,Prime
2021,North Melbourne,291784,Dom Tyson,28,Mid,3,34.9626065455889,Prime
2021,North Melbourne,291861,Jed Anderson,27,Mid-Fwd,7,82.5375296578743,Prime
2021,North Melbourne,294508,Aidan Corr,27,Key Def,2,80.7872874322864,Prime
2021,North Melbourne,296035,Trent Dumont,26,Wing,14,64.5356910770937,Prime
2021,North Melbourne,296078,Taylor Garner,27,Gen Fwd,4,59.960306467086,Prime
2021,North Melbourne,296355,Luke McDonald,26,Wing,11,68.2741521718394,Prime
2021,North Melbourne,296735,Aaron Hall,30,Gen Def,20,105.43108737684,Veterans
2021,North Melbourne,992015,Connor Menadue,24,Gen Def,7,63.4838495867148,Established Youth
2021,North Melbourne,992499,Kayne Turner,25,Gen Def,22,49.3627862534997,Established Youth
2021,North Melbourne,993998,Jy Simpkin,23,Mid,22,96.9509891147356,Established Youth
2021,North Melbourne,998327,Kyron Hayden,22,Gen Def,3,28.4738785929168,Established Youth
2021,North Melbourne,998484,Cameron Zurhaar,23,Gen Fwd,20,63.8267837135174,Established Youth
2021,Port Adelaide,1000972,Willem Drew,22,Mid,24,84.0125041747638,Established Youth
2021,Port Adelaide,1001299,Connor Rozee,21,Gen Fwd,21,72.7944808016422,Rising Stars
2021,Port Adelaide,1002253,Kane Farrell,22,Mid-Fwd,10,48.2724814505678,Established Youth
2021,Port Adelaide,1004819,Jed Mcentee,20,Gen Fwd,1,2.95916299597693,Rising Stars
2021,Port Adelaide,1004998,Todd Marshall,22,Key Fwd,21,64.1317350714857,Established Youth
2021,Port Adelaide,1006096,Xavier Duursma,21,Wing,11,73.6852279507889,Rising Stars
2021,Port Adelaide,1006121,Zak Butters,20,Gen Fwd,12,80.1428429546194,Rising Stars
2021,Port Adelaide,1009191,Miles Bergman,19,Wing,23,61.169063087772,Rising Stars
2021,Port Adelaide,1009195,Dylan Williams,20,Gen Fwd,1,29.7134552841377,Rising Stars
2021,Port Adelaide,1010174,Mitch Georgiades,20,Key Fwd,21,58.2336937542946,Rising Stars
2021,Port Adelaide,1011583,Lachie Jones,19,Gen Def,6,55.2444958802903,Rising Stars
2021,Port Adelaide,250365,Travis Boak,33,Mid,23,106.010470998998,Veterans
2021,Port Adelaide,261396,Robbie Gray,33,Gen Fwd,18,81.9730781247931,Veterans
2021,Port Adelaide,261892,Hamish Hartlett,31,Gen Def,10,57.9906742727996,Veterans
2021,Port Adelaide,270919,Tom Rockliff,31,Mid,2,25.1599188100937,Veterans
2021,Port Adelaide,280711,Charlie Dixon,30,Key Fwd,24,87.1393681589404,Veterans
2021,Port Adelaide,280990,Steven Motlop,30,Gen Fwd,19,66.0381327157293,Veterans
2021,Port Adelaide,290527,Trent McKenzie,29,Key Def,14,80.1017659108926,Prime
2021,Port Adelaide,290746,Scott Lycett,28,Ruck,20,92.9579643502734,Prime
2021,Port Adelaide,292145,Tom Jonas,30,Key Def,24,75.3271247533924,Veterans
2021,Port Adelaide,293603,Sam Mayes,27,Gen Fwd,11,36.9816507280773,Prime
2021,Port Adelaide,293987,Jarrod Lienert,27,Gen Def,5,73.19135884513,Prime
2021,Port Adelaide,294318,Ollie Wines,26,Mid,24,113.242581649691,Prime
2021,Port Adelaide,294469,Aliir Aliir,26,Key Def,24,86.9147097976636,Prime
2021,Port Adelaide,294504,Tom Clurey,27,Key Def,11,70.2790348434041,Prime
2021,Port Adelaide,296334,Orazio Fantasia,26,Gen Fwd,15,59.7560076780317,Prime
2021,Port Adelaide,297354,Karl Amon,26,Wing,24,92.5423984521212,Prime
2021,Port Adelaide,991930,Darcy Byrne-Jones,26,Gen Def,24,74.8896486139437,Prime
2021,Port Adelaide,992128,Ryan Burton,24,Gen Def,24,75.3462551446173,Established Youth
2021,Port Adelaide,993979,Sam Powell-Pepper,23,Mid-Fwd,16,63.387738116,Established Youth
2021,Port Adelaide,994295,Dan Houston,24,Gen Def,23,85.4081962419807,Established Youth
2021,Port Adelaide,994599,Riley Bonner,24,Gen Def,14,71.3961460234323,Established Youth
2021,Port Adelaide,997142,Peter Ladhams,23,Ruck,17,75.2612257079979,Established Youth
2021,Port Adelaide,999320,Martin Frederick,21,Gen Def,8,41.3381073808251,Rising Stars
2021,Port Adelaide,999346,Boyd Woodcock,21,Gen Fwd,7,51.122879533297,Rising Stars
2021,Richmond,1000061,Callum Coleman-Jones,22,Ruck,8,65.8563064068173,Established Youth
2021,Richmond,1000223,Liam Baker,23,Gen Def,22,82.5141088545458,Established Youth
2021,Richmond,1000267,Matthew Parker,25,Gen Fwd,6,62.3332962182065,Established Youth
2021,Richmond,1000981,Daniel Rioli,24,Gen Fwd,19,61.3351967296403,Established Youth
2021,Richmond,1002231,Patrick Naish,22,Mid-Fwd,6,34.7456604378583,Established Youth
2021,Richmond,1002245,Noah Balta,21,Key Def,14,66.1773000150647,Rising Stars
2021,Richmond,1002403,Ben Miller,22,Key Def,1,50.310103501502,Established Youth
2021,Richmond,1002583,Sydney Stack,21,Gen Def,7,75.1921423000557,Rising Stars
2021,Richmond,1006133,Jack Ross,20,Wing,15,54.130096621178,Rising Stars
2021,Richmond,1006276,Derek Eggmolesse-Smith,23,Gen Def,1,30.1071675633838,Established Youth
2021,Richmond,1008297,Riley Collier-Dawkins,21,Mid,9,56.8456207688174,Rising Stars
2021,Richmond,1008478,Rhyan Mansell,21,Gen Def,13,48.5744995094861,Rising Stars
2021,Richmond,1009226,Thomson Dow,19,Mid-Fwd,5,40.7074548546836,Rising Stars
2021,Richmond,1009313,Will Martyn,20,Mid,3,37.3658033442881,Rising Stars
2021,Richmond,1009551,Maurice Rioli,18,Gen Fwd,2,22.6155373737916,Rising Stars
2021,Richmond,1011985,Hugo Ralphsmith,19,Mid-Fwd,6,42.1444044966502,Rising Stars
2021,Richmond,1012386,Samson Ryan,20,Key Fwd,1,-1.06042983101977,Rising Stars
2021,Richmond,250312,Bachar Houli,33,Gen Def,12,93.810842101907,Veterans
2021,Richmond,250395,Jack Riewoldt,32,Key Fwd,22,69.8044957573646,Veterans
2021,Richmond,260930,Shane Edwards,32,Mid,16,74.1226782487433,Veterans
2021,Richmond,270896,Trent Cotchin,31,Mid,17,76.0309935961106,Veterans
2021,Richmond,280819,Dylan Grimes,30,Key Def,21,71.5900050593177,Veterans
2021,Richmond,290032,Kane Lambert,29,Gen Fwd,13,76.2340131844095,Prime
2021,Richmond,290198,David Astbury,30,Key Def,17,62.2578828516888,Veterans
2021,Richmond,290623,Josh Caddy,28,Wing,9,74.1034285021176,Prime
2021,Richmond,290627,Dion Prestia,28,Mid,9,85.1897846342425,Prime
2021,Richmond,290847,Dustin Martin,30,Mid-Fwd,16,92.6416110389288,Veterans
2021,Richmond,293813,Tom Lynch,28,Key Fwd,18,70.5327261931474,Prime
2021,Richmond,294592,Kamdyn McIntosh,27,Wing,17,61.1267287104953,Prime
2021,Richmond,294674,Nick Vlastuin,27,Gen Def,12,84.7995136876751,Prime
2021,Richmond,295203,Nathan Broad,28,Gen Def,14,75.890266707086,Prime
2021,Richmond,298174,Toby Nankervis,27,Ruck,16,93.2999491641543,Prime
2021,Richmond,990827,Jack Graham,23,Mid-Fwd,22,84.0603440242081,Established Youth
2021,Richmond,991933,Jason Castagna,25,Gen Fwd,21,55.633098341615,Established Youth
2021,Richmond,992049,Jayden Short,25,Gen Def,22,98.3716358465426,Established Youth
2021,Richmond,992786,Jake Aarts,26,Gen Fwd,21,55.6627384709232,Prime
2021,Richmond,993771,Marlion Pickett,29,Wing,18,66.5461272610846,Prime
2021,Richmond,993993,Shai Bolton,22,Mid-Fwd,20,84.2205600602028,Established Youth
2021,Richmond,994077,Mabior Chol,24,Ruck,10,67.6252214146834,Established Youth
2021,Richmond,998218,Ryan Garthwaite,23,Key Def,5,53.8429638413947,Established Youth
2021,St Kilda,1002227,Jack Higgins,22,Gen Fwd,19,74.9729100300482,Established Youth
2021,St Kilda,1002264,Hunter Clark,22,Gen Def,13,73.7915223545611,Established Youth
2021,St Kilda,1002266,Oscar Clavarino,22,Key Def,5,37.6474063635963,Established Youth
2021,St Kilda,1002922,Jack Bytel,21,Mid,13,48.0844083652333,Rising Stars
2021,St Kilda,1003520,Darragh Joyce,24,Key Def,5,41.7373431712366,Established Youth
2021,St Kilda,1005717,Nick Coffield,21,Gen Def,16,63.254092905753,Rising Stars
2021,St Kilda,1006143,Max King,21,Key Fwd,20,61.7590950442187,Rising Stars
2021,St Kilda,1009228,Leo Connolly,20,Gen Def,7,42.4270129403777,Rising Stars
2021,St Kilda,1011994,Ryan Byrnes,20,Mid-Fwd,16,53.0068664227668,Rising Stars
2021,St Kilda,1018018,Cooper Sharman,21,Key Fwd,5,67.5333501390005,Rising Stars
2021,St Kilda,250267,Paddy Ryder,33,Ruck,12,83.7461294497621,Veterans
2021,St Kilda,260113,Jarryn Geary,33,Wing,3,55.1557320077599,Veterans
2021,St Kilda,260288,James Frawley,32,Key Def,2,42.9647401141699,Veterans
2021,St Kilda,280038,Shaun McKernan,30,Ruck,4,40.5006527136543,Veterans
2021,St Kilda,290117,Dan Hannebery,30,Mid,2,67.2044893015608,Veterans
2021,St Kilda,290641,Jake Carlisle,30,Ruck,4,60.7735963777697,Veterans
2021,St Kilda,290757,Jimmy Webster,28,Gen Def,20,67.3299286987657,Prime
2021,St Kilda,293846,Sebastian Ross,28,Wing,20,78.6855433067634,Prime
2021,St Kilda,294307,Brad Crouch,27,Mid,20,90.4031470722769,Prime
2021,St Kilda,294429,Luke Dunstan,26,Mid,12,92.245367788912,Prime
2021,St Kilda,294570,Dean Kent,27,Gen Fwd,7,59.290831730897,Prime
2021,St Kilda,294596,Tim Membrey,27,Key Fwd,21,79.2938553152213,Prime
2021,St Kilda,295340,Mason Wood,28,Gen Fwd,9,70.5439796502098,Prime
2021,St Kilda,295584,Bradley Hill,28,Gen Def,22,72.56486877872,Prime
2021,St Kilda,296205,Jack Steele,25,Mid,22,126.738129807332,Established Youth
2021,St Kilda,296351,Jack Billings,26,Wing,18,82.7621957449149,Prime
2021,St Kilda,296422,Callum Wilkie,25,Key Def,22,73.2104431224406,Established Youth
2021,St Kilda,298265,Daniel McKenzie,25,Wing,12,64.1382214332962,Established Youth
2021,St Kilda,298421,Jade Gresham,24,Mid-Fwd,3,68.6550008713194,Established Youth
2021,St Kilda,991988,Zak Jones,26,Mid,13,92.3751300271544,Prime
2021,St Kilda,992000,Jack Lonie,25,Gen Fwd,11,45.7385625193232,Established Youth
2021,St Kilda,992374,Dan Butler,25,Gen Fwd,22,53.133128774918,Established Youth
2021,St Kilda,992468,Rowan Marshall,25,Ruck,13,98.8385153622193,Established Youth
2021,St Kilda,992597,Paul Hunter,28,Ruck,7,48.8850674741187,Prime
2021,St Kilda,993480,Dougal Howard,25,Key Def,21,80.3400872178872,Established Youth
2021,St Kilda,993917,Ben Long,24,Gen Def,15,44.517422987021,Established Youth
2021,St Kilda,994389,Jack Sinclair,26,Gen Def,21,86.3383436692878,Prime
2021,St Kilda,998134,Josh Battle,22,Mid-Fwd,16,63.6680839465039,Established Youth
2021,St Kilda,998195,Tom Highmore,23,Key Def,13,67.7349719190798,Established Youth
2021,Sydney Swans,1002291,James Bell,22,Gen Fwd,12,40.0957482784737,Established Youth
2021,Sydney Swans,1003203,Hayden McLean,22,Key Fwd,12,60.5825894166638,Established Youth
2021,Sydney Swans,1004848,Dylan Stephens,20,Wing,7,30.2710250012649,Rising Stars
2021,Sydney Swans,1004880,Ben Ronke,23,Gen Fwd,2,20.1016150801847,Established Youth
2021,Sydney Swans,1004949,Matthew Ling,22,Gen Def,1,0,Established Youth
2021,Sydney Swans,1006028,Nick Blakey,21,Gen Def,17,59.8253613724747,Rising Stars
2021,Sydney Swans,1006126,James Rowbottom,20,Mid,17,75.5505098541342,Rising Stars
2021,Sydney Swans,1006232,Sam Wicks,22,Gen Fwd,22,58.2802517873352,Established Youth
2021,Sydney Swans,1008091,Joel Amartey,22,Key Fwd,6,61.2960517625353,Established Youth
2021,Sydney Swans,1008198,Tom McCartin,21,Key Def,22,71.219383230437,Rising Stars
2021,Sydney Swans,1011936,Justin McInerney,21,Wing,21,73.8628656941048,Rising Stars
2021,Sydney Swans,1012014,Chad Warner,20,Mid,13,67.285968696139,Rising Stars
2021,Sydney Swans,1013128,Errol Gulden,19,Gen Fwd,18,75.5131709171589,Rising Stars
2021,Sydney Swans,1013133,Braeden Campbell,19,Gen Def,8,54.065831505328,Rising Stars
2021,Sydney Swans,1013230,Logan McDonald,19,Key Fwd,7,52.4855117707926,Rising Stars
2021,Sydney Swans,240399,Lance Franklin,34,Key Fwd,18,84.1275492106827,Old Timers
2021,Sydney Swans,260382,Josh P. Kennedy,33,Mid,21,93.3589402341286,Veterans
2021,Sydney Swans,290188,Sam Reid,29,Key Fwd,10,79.7665821635215,Prime
2021,Sydney Swans,290307,Dane Rampe,31,Key Def,20,79.020094018502,Veterans
2021,Sydney Swans,290778,Luke Parker,28,Mid,23,108.73045084909,Prime
2021,Sydney Swans,291848,Robbie Fox,28,Key Def,15,56.2532616845106,Prime
2021,Sydney Swans,291978,Harry Cunningham,27,Gen Def,21,71.7314580109065,Prime
2021,Sydney Swans,294036,George Hewett,25,Gen Def,21,74.7889690214236,Established Youth
2021,Sydney Swans,294266,Tom Hickey,30,Ruck,21,103.543999835022,Veterans
2021,Sydney Swans,294737,Callum Sinclair,32,Ruck,4,82.7465791759727,Veterans
2021,Sydney Swans,295156,Kaiden Brand,27,Key Def,3,65.4792441724431,Prime
2021,Sydney Swans,295342,Jake Lloyd,28,Gen Def,22,106.643609045773,Prime
2021,Sydney Swans,296211,Lewis Taylor,26,Mid-Fwd,2,31.3828443300382,Prime
2021,Sydney Swans,298539,Isaac Heeney,25,Gen Fwd,21,84.7122365773862,Established Youth
2021,Sydney Swans,992242,Jordan Dawson,24,Gen Def,23,100.306023588532,Established Youth
2021,Sydney Swans,993905,Callum Mills,24,Mid,18,111.958034876881,Established Youth
2021,Sydney Swans,996442,Ryan Clarke,24,Gen Def,3,12.4533048276565,Established Youth
2021,Sydney Swans,996743,Lewis Melican,24,Key Def,6,70.3425277185712,Established Youth
2021,Sydney Swans,996765,Tom Papley,25,Gen Fwd,23,69.6061271548914,Established Youth
2021,Sydney Swans,997100,Will Hayward,22,Gen Fwd,20,65.7024744435603,Established Youth
2021,Sydney Swans,997842,Colin O'Riordan,25,Gen Def,6,43.4957734612962,Established Youth
2021,Sydney Swans,998103,Oliver Florent,23,Wing,23,76.1031998491466,Established Youth
2021,West Coast Eagles,1002300,Jarrod Brander,22,Wing,11,59.0393190756186,Established Youth
2021,West Coast Eagles,1003192,Connor West,22,Gen Fwd,5,50.8096980623412,Established Youth
2021,West Coast Eagles,1004286,Zac Langdon,25,Gen Fwd,17,48.622788296888,Established Youth
2021,West Coast Eagles,1004356,Brayden Ainsworth,22,Gen Fwd,2,13.2642203205528,Established Youth
2021,West Coast Eagles,1004364,Liam Ryan,24,Gen Fwd,14,61.9008221390573,Established Youth
2021,West Coast Eagles,1004385,Oscar Allen,22,Key Fwd,21,63.7782271668268,Established Youth
2021,West Coast Eagles,1005599,Luke Foley,21,Gen Def,6,49.3249884282967,Rising Stars
2021,West Coast Eagles,1006114,Bailey J. Williams,21,Ruck,6,39.6984798602545,Rising Stars
2021,West Coast Eagles,1006550,Jack Petruccelle,22,Gen Fwd,17,47.4652232895375,Established Youth
2021,West Coast Eagles,1006576,Luke Edwards,19,Wing,8,49.9476659700636,Rising Stars
2021,West Coast Eagles,1008282,Xavier O'Neill,21,Mid-Fwd,8,42.9169761164592,Rising Stars
2021,West Coast Eagles,1009291,Isiah Winder,19,Gen Fwd,1,31.1842945707803,Rising Stars
2021,West Coast Eagles,1011437,Harry Edwards,20,Key Def,10,67.7289860108588,Rising Stars
2021,West Coast Eagles,240283,Shannon Hurn,34,Gen Def,15,90.5641835137722,Old Timers
2021,West Coast Eagles,240406,Josh J. Kennedy,34,Key Fwd,18,69.2132293170211,Old Timers
2021,West Coast Eagles,271045,Nic Naitanui,31,Ruck,22,115.569648309711,Veterans
2021,West Coast Eagles,280078,Luke Shuey,31,Mid,7,89.1383643207787,Veterans
2021,West Coast Eagles,280959,Nathan Vardy,30,Ruck,9,42.6358771304661,Veterans
2021,West Coast Eagles,281052,Mark Hutchings,30,Mid-Fwd,4,44.5849311705101,Veterans
2021,West Coast Eagles,281080,Brad Sheppard,30,Gen Def,20,68.8577909551383,Veterans
2021,West Coast Eagles,281373,Jack Redden,30,Mid,18,91.8002993637667,Veterans
2021,West Coast Eagles,290801,Andrew Gaff,29,Wing,21,91.0409181033931,Prime
2021,West Coast Eagles,290826,Jamie Cripps,29,Gen Fwd,22,73.4599087376022,Prime
2021,West Coast Eagles,290838,Jack Darling,29,Key Fwd,22,75.1115733522715,Prime
2021,West Coast Eagles,291947,Brendon Ah Chee,27,Mid-Fwd,6,63.4982411476364,Prime
2021,West Coast Eagles,292128,Elliot Yeo,28,Mid,12,86.4511007725071,Prime
2021,West Coast Eagles,294859,Jeremy McGovern,29,Key Def,15,88.2512030216322,Prime
2021,West Coast Eagles,295898,Tim Kelly,27,Mid,19,85.347878914704,Prime
2021,West Coast Eagles,296296,Dom Sheed,26,Mid,22,82.7170995459548,Prime
2021,West Coast Eagles,298268,Liam Duggan,24,Gen Def,14,75.3766741963338,Established Youth
2021,West Coast Eagles,298298,Jackson Nelson,25,Gen Def,19,52.040550426555,Established Youth
2021,West Coast Eagles,990290,Tom Barrass,25,Key Def,16,79.2711032494932,Established Youth
2021,West Coast Eagles,993820,Tom Cole,24,Gen Def,22,55.166640074287,Established Youth
2021,West Coast Eagles,996554,Jake Waterman,23,Gen Fwd,14,57.9574270226582,Established Youth
2021,West Coast Eagles,997823,Josh Rotham,23,Key Def,19,74.2693081489903,Established Youth
2021,West Coast Eagles,998128,Alex Witherden,22,Gen Def,9,85.1901352341062,Established Youth
2021,West Coast Eagles,998791,Jamaine Jones,22,Gen Fwd,15,54.9096744644135,Established Youth
2021,Western Bulldogs,1001449,Mitch Hannan,27,Gen Fwd,17,54.3698623475634,Prime
2021,Western Bulldogs,1002404,Aaron Naughton,21,Key Fwd,25,71.1276699001019,Rising Stars
2021,Western Bulldogs,1003130,Patrick Lipinski,23,Wing,11,65.8737389672314,Established Youth
2021,Western Bulldogs,1004592,Tim English,24,Ruck,22,86.9688963348972,Established Youth
2021,Western Bulldogs,1005000,Laitham Vandermeer,22,Gen Fwd,11,50.5814821443803,Established Youth
2021,Western Bulldogs,1006127,Rhylee West,21,Gen Fwd,4,7.71826418983123,Rising Stars
2021,Western Bulldogs,1006130,Bailey Smith,20,Wing,26,90.0643786868495,Rising Stars
2021,Western Bulldogs,1006533,Riley Garcia,20,Gen Fwd,9,49.600051341719,Rising Stars
2021,Western Bulldogs,1008280,Ed Richards,22,Gen Def,5,59.7181461251504,Established Youth
2021,Western Bulldogs,1009015,Lachlan McNeil,20,Gen Fwd,13,47.3100343957487,Rising Stars
2021,Western Bulldogs,1009301,Jamarra Ugle-Hagan,19,Key Fwd,5,46.7588815960138,Rising Stars
2021,Western Bulldogs,1011803,Cody Weightman,20,Gen Fwd,16,62.9172714940454,Rising Stars
2021,Western Bulldogs,1011992,Louis Butler,20,Wing,1,29.5280145905507,Rising Stars
2021,Western Bulldogs,280763,Stefan Martin,34,Ruck,9,57.4968950890869,Old Timers
2021,Western Bulldogs,281139,Easton Wood,32,Gen Def,15,51.8824257161815,Veterans
2021,Western Bulldogs,290085,Taylor Duryea,30,Gen Def,25,72.9179405164504,Veterans
2021,Western Bulldogs,290797,Alex Keath,29,Key Def,23,68.2293252013401,Prime
2021,Western Bulldogs,290799,Tom Liberatore,29,Mid,25,103.033005269998,Prime
2021,Western Bulldogs,291492,Josh Bruce,29,Key Fwd,20,66.8287530404503,Prime
2021,Western Bulldogs,291545,Mitch Wallis,28,Gen Fwd,6,45.5622435316162,Prime
2021,Western Bulldogs,291790,Adam Treloar,28,Mid-Fwd,17,91.0009013884184,Prime
2021,Western Bulldogs,293651,Hayden Crozier,27,Gen Def,10,69.5588378214926,Prime
2021,Western Bulldogs,294101,Jason Johannisen,28,Gen Fwd,25,56.7258081535539,Prime
2021,Western Bulldogs,294557,Lachie Hunter,26,Wing,25,87.0015686395751,Prime
2021,Western Bulldogs,295136,Caleb Daniel,25,Gen Def,25,94.3998022142041,Established Youth
2021,Western Bulldogs,295313,Lin Jong,28,Wing,1,14.6495033174969,Prime
2021,Western Bulldogs,295467,Jack Macrae,27,Mid,26,130.090851376304,Prime
2021,Western Bulldogs,296070,Ben Cavarra,25,Gen Fwd,1,6.97423273630325,Established Youth
2021,Western Bulldogs,297373,Marcus Bontempelli,25,Mid,26,119.496859447842,Established Youth
2021,Western Bulldogs,991939,Zaine Cordy,24,Key Def,19,54.8669871201453,Established Youth
2021,Western Bulldogs,992048,Anthony Scott,26,Gen Fwd,21,48.6859501241603,Prime
2021,Western Bulldogs,992054,Roarke Smith,24,Wing,14,60.0828378389323,Established Youth
2021,Western Bulldogs,992330,Jordon Sweet,23,Ruck,5,58.8291183388534,Established Youth
2021,Western Bulldogs,992351,Bailey Williams,23,Gen Def,23,74.2841541399159,Established Youth
2021,Western Bulldogs,993834,Josh Dunkley,24,Mid-Fwd,15,98.1876501355913,Established Youth
2021,Western Bulldogs,993841,Josh Schache,24,Key Fwd,9,60.1308619183988,Established Youth
2021,Western Bulldogs,996483,Toby McLean,25,Gen Fwd,3,65.1257373999175,Established Youth
2021,Western Bulldogs,996708,Bailey Dale,25,Gen Def,26,92.1809245511542,Established Youth
2021,Western Bulldogs,997316,Lewis Young,22,Ruck,9,58.579181086116,Established Youth
2021,Western Bulldogs,997501,Ryan Gardner,24,Key Def,9,42.2145161220998,Established Youth
2021,Western Bulldogs,998782,Buku Khamis,21,Gen Def,1,39.2386853610121,Rising Stars
2022,Adelaide Crows,1000932,Tom Doedee,25,Key Def,20,76.642015273612,Established Youth
2022,Adelaide Crows,1000998,Lachlan Murphy,23,Gen Fwd,17,56.4982477370814,Established Youth
2022,Adelaide Crows,1004863,Mitchell Hinge,24,Gen Def,17,67.4829650691179,Established Youth
2022,Adelaide Crows,1004995,Jordon Butts,22,Key Def,19,50.9207963833701,Established Youth
2022,Adelaide Crows,1005199,Elliott Himmelberg,24,Key Fwd,11,61.3882390928956,Established Youth
2022,Adelaide Crows,1006136,Lachlan Sholl,22,Wing,11,66.055249473536,Established Youth
2022,Adelaide Crows,1006203,Chayce Jones,22,Gen Def,20,48.8034737238991,Established Youth
2022,Adelaide Crows,1008159,William Hamill,21,Gen Def,13,51.6052558486641,Rising Stars
2022,Adelaide Crows,1008185,Ned McHenry,22,Gen Fwd,20,57.5941343102031,Established Youth
2022,Adelaide Crows,1008230,Nick Murray,21,Key Def,16,46.5167361520838,Rising Stars
2022,Adelaide Crows,1008384,Riley Thilthorpe,20,Key Fwd,11,57.8912026449308,Rising Stars
2022,Adelaide Crows,1008543,Harry Schoenberg,21,Mid,16,58.5235072322232,Rising Stars
2022,Adelaide Crows,1008752,Kieran Strachan,26,Ruck,2,67.9492913266819,Prime
2022,Adelaide Crows,1011981,Josh Worrell,21,Key Def,4,74.5245193304875,Rising Stars
2022,Adelaide Crows,1012218,Luke Pedlar,20,Gen Fwd,3,45.0525312212902,Rising Stars
2022,Adelaide Crows,1012807,Sam Berry,20,Mid,18,86.8044819607556,Rising Stars
2022,Adelaide Crows,1013153,Patrick Parnell,20,Gen Def,11,45.0782995642921,Rising Stars
2022,Adelaide Crows,1017051,Josh Rachele,19,Gen Fwd,13,52.2159968099605,Rising Stars
2022,Adelaide Crows,1017109,Jake Soligo,19,Wing,16,63.3423539560556,Rising Stars
2022,Adelaide Crows,1018075,Lachlan Gollant,20,Key Fwd,7,41.8764691256686,Rising Stars
2022,Adelaide Crows,1018335,Brayden Cook,20,Wing,8,38.6425205823035,Rising Stars
2022,Adelaide Crows,270963,Rory Sloane,32,Mid,4,83.4925528864577,Veterans
2022,Adelaide Crows,280506,Taylor Walker,32,Key Fwd,18,90.7720853287183,Veterans
2022,Adelaide Crows,291748,Brodie Smith,30,Gen Def,21,81.688962457117,Veterans
2022,Adelaide Crows,293193,Luke Brown,30,Gen Def,11,57.8137258190788,Veterans
2022,Adelaide Crows,293222,Rory Laird,28,Mid,20,127.880696235283,Prime
2022,Adelaide Crows,297401,Matt Crouch,27,Mid,11,90.4906872062726,Prime
2022,Adelaide Crows,297523,Reilly O'Brien,27,Ruck,20,101.819363515775,Prime
2022,Adelaide Crows,298417,Ben Davis,25,Gen Def,5,24.5162607978218,Established Youth
2022,Adelaide Crows,298470,Shane McAdam,27,Gen Fwd,15,62.365368509988,Prime
2022,Adelaide Crows,990882,Wayne Milera,24,Gen Fwd,12,58.2919875172286,Established Youth
2022,Adelaide Crows,991773,Billy Frampton,25,Key Def,6,82.0716972550023,Established Youth
2022,Adelaide Crows,992242,Jordan Dawson,25,Gen Def,22,109.779081450564,Established Youth
2022,Adelaide Crows,993946,Ben Keays,25,Mid,22,99.6755046083094,Established Youth
2022,Adelaide Crows,997206,Andrew McPherson,23,Gen Def,1,19.8472533940791,Established Youth
2022,Adelaide Crows,999309,Jackson Hately,21,Wing,11,70.7084053766532,Rising Stars
2022,Adelaide Crows,999316,James Rowe,22,Gen Fwd,17,56.0045018562897,Established Youth
2022,Adelaide Crows,999331,Darcy Fogarty,22,Key Fwd,17,68.0790314604695,Established Youth
2022,Brisbane Lions,1000978,Hugh McCluggage,24,Mid,24,103.512652027456,Established Youth
2022,Brisbane Lions,1002235,Cam Rayner,22,Gen Fwd,24,69.0149723605114,Established Youth
2022,Brisbane Lions,1002312,Zac Bailey,22,Mid-Fwd,24,78.650767907315,Established Youth
2022,Brisbane Lions,1002347,Jack Payne,22,Key Def,12,65.3401110006183,Established Youth
2022,Brisbane Lions,1002401,Brandon Starcevich,23,Gen Def,24,65.8745420110372,Established Youth
2022,Brisbane Lions,1005053,Noah Answerth,23,Gen Def,23,59.4418471172469,Established Youth
2022,Brisbane Lions,1005521,Oscar McInerney,28,Ruck,22,85.7340308571358,Prime
2022,Brisbane Lions,1006059,Keidean Coleman,22,Gen Def,18,87.5199525783206,Established Youth
2022,Brisbane Lions,1006100,Thomas Berry,22,Gen Fwd,3,27.3869539245221,Established Youth
2022,Brisbane Lions,1007099,Harry Sharp,19,Wing,5,21.9144013993139,Rising Stars
2022,Brisbane Lions,1009385,Deven Robertson,21,Mid,8,65.4452449113691,Rising Stars
2022,Brisbane Lions,1009386,Jaxon Prior,21,Wing,12,56.5745776784701,Rising Stars
2022,Brisbane Lions,1013260,Carter Michael,20,Gen Def,1,57.3091795556178,Rising Stars
2022,Brisbane Lions,1013532,Tom Fullarton,23,Key Fwd,5,53.8523413937648,Established Youth
2022,Brisbane Lions,1013978,James Madden,22,Gen Def,2,38.4579828297744,Established Youth
2022,Brisbane Lions,1014026,Kai Lohmann,19,Gen Fwd,2,37.7117721821364,Rising Stars
2022,Brisbane Lions,1017067,Darcy Wilmot,18,Gen Def,3,61.8277691799903,Rising Stars
2022,Brisbane Lions,1021108,James Tunstill,19,Wing,3,42.8865659166686,Rising Stars
2022,Brisbane Lions,261224,Dayne Zorko,33,Mid-Fwd,22,82.0271444713752,Veterans
2022,Brisbane Lions,271072,Daniel Rich,32,Gen Def,22,95.2984766782556,Veterans
2022,Brisbane Lions,290311,Mitch Robinson,33,Wing,15,54.406581692371,Veterans
2022,Brisbane Lions,291548,Ryan Lester,30,Gen Def,3,64.8447010831777,Veterans
2022,Brisbane Lions,293535,Lachie Neale,29,Mid,25,123.089111691001,Prime
2022,Brisbane Lions,293581,Lincoln McCarthy,28,Gen Fwd,25,66.3395745262605,Prime
2022,Brisbane Lions,293716,Jarryd Lyons,30,Mid,22,91.0035591164079,Veterans
2022,Brisbane Lions,294168,Marcus Adams,29,Key Def,18,69.5831891686722,Prime
2022,Brisbane Lions,294518,Joe Daniher,28,Key Fwd,19,61.020455554612,Prime
2022,Brisbane Lions,296269,Darcy Gardiner,26,Key Def,21,62.1653173917106,Prime
2022,Brisbane Lions,297504,Daniel McStay,27,Key Fwd,22,68.7010404731068,Prime
2022,Brisbane Lions,298211,Darcy Fort,29,Ruck,18,72.744420313762,Prime
2022,Brisbane Lions,298336,Nakia Cockatoo,25,Gen Fwd,8,61.2422051797547,Established Youth
2022,Brisbane Lions,298437,Callum Ah Chee,24,Wing,21,51.4001992153378,Established Youth
2022,Brisbane Lions,990609,Charlie Cameron,28,Gen Fwd,25,76.1029350229815,Prime
2022,Brisbane Lions,993828,Rhys Mathieson,25,Mid-Fwd,10,80.55489362136,Established Youth
2022,Brisbane Lions,993953,Eric Hipwood,24,Key Fwd,17,59.2545384811497,Established Youth
2022,Brisbane Lions,996059,Harris Andrews,25,Key Def,24,79.648195642040207,Established Youth
2022,Brisbane Lions,998133,Jarrod Berry,24,Wing,23,77.8803192049576,Established Youth
2022,Carlton,1000953,Harry McKay,24,Key Fwd,19,79.3330341874882,Established Youth
2022,Carlton,1001028,Jack Silvagni,24,Key Fwd,21,75.9016404293825,Established Youth
2022,Carlton,1001398,Matthew Kennedy,25,Mid,17,96.6231351414542,Established Youth
2022,Carlton,1002228,Lachie Fogarty,23,Gen Fwd,3,56.695288808472,Established Youth
2022,Carlton,1002239,Adam Cerra,22,Mid,18,91.5409869349564,Established Youth
2022,Carlton,1002256,Paddy Dow,22,Mid,4,56.7123851183149,Established Youth
2022,Carlton,1002259,Lochie O'Brien,22,Wing,19,64.3758370968868,Established Youth
2022,Carlton,1002795,Jordan Boyd,24,Gen Def,7,49.7639060367394,Established Youth
2022,Carlton,1002938,Josh Honey,20,Gen Fwd,5,40.2860382922253,Rising Stars
2022,Carlton,1004912,Tom De Koning,23,Ruck,19,74.8266464301609,Established Youth
2022,Carlton,1006094,Sam Walsh,22,Mid,20,111.195354751148,Established Youth
2022,Carlton,1008154,Matthew Cottrell,22,Mid-Fwd,18,61.0908432300736,Established Youth
2022,Carlton,1008312,Liam Stocker,22,Gen Def,6,43.5720182446676,Established Youth
2022,Carlton,1008510,Corey Durdin,20,Gen Fwd,21,43.8071763993795,Rising Stars
2022,Carlton,1009241,Brodie Kemp,21,Key Def,4,62.4320721499789,Rising Stars
2022,Carlton,1012409,Luke Parks,21,Gen Def,2,41.7753200413407,Rising Stars
2022,Carlton,1013233,Jack Carroll,19,Gen Fwd,5,46.9114864887209,Rising Stars
2022,Carlton,1013973,Matthew Owies,25,Gen Fwd,17,56.850217758511,Established Youth
2022,Carlton,1017700,Jesse Motlop,18,Gen Fwd,12,44.1893973120003,Rising Stars
2022,Carlton,291773,Jack Newnes,29,Wing,16,66.1319512592283,Prime
2022,Carlton,294036,George Hewett,26,Mid,15,111.524760617523,Prime
2022,Carlton,294624,Lachie Plowman,28,Gen Def,15,57.1852269933725,Prime
2022,Carlton,294685,Zac Williams,28,Gen Def,9,77.2139378850285,Prime
2022,Carlton,295461,Adam Saad,28,Gen Def,21,103.145901499232,Prime
2022,Carlton,295518,Sam Docherty,28,Gen Def,22,109.59115292418,Prime
2022,Carlton,296190,Jack Martin,27,Gen Fwd,12,53.9176923614831,Prime
2022,Carlton,297255,Mitch McGovern,27,Gen Def,7,68.1839753485991,Prime
2022,Carlton,297767,Sam Durdin,26,Key Def,1,56.9160079070614,Prime
2022,Carlton,297907,Nic Newman,29,Gen Def,19,80.0937112400351,Prime
2022,Carlton,298290,Marc Pittonet,26,Ruck,8,69.3802174643515,Prime
2022,Carlton,298302,Caleb Marchbank,25,Key Def,4,45.0683252581903,Established Youth
2022,Carlton,990704,Patrick Cripps,27,Mid,21,111.097882609973,Prime
2022,Carlton,991976,Will Hayes,27,Wing,2,42.6319709793503,Prime
2022,Carlton,992472,Oscar McDonald,26,Key Def,2,55.8866063239258,Prime
2022,Carlton,993832,Jacob Weitering,24,Key Def,18,68.5060767203807,Established Youth
2022,Carlton,996731,Charlie Curnow,25,Key Fwd,22,86.0877241192757,Established Youth
2022,Carlton,997316,Lewis Young,23,Key Def,19,80.2368372387853,Established Youth
2022,Carlton,998167,Thomas Williamson,23,Gen Def,1,0,Established Youth
2022,Carlton,998215,Will Setterfield,24,Wing,13,63.3252550958642,Established Youth
2022,Carlton,999827,Zac Fisher,24,Gen Fwd,22,73.508409044521,Established Youth
2022,Collingwood,1000072,John Noble,25,Gen Def,25,74.93431863759,Established Youth
2022,Collingwood,1002770,Callum Brown,24,Gen Fwd,6,39.2569884253404,Established Youth
2022,Collingwood,1003130,Patrick Lipinski,24,Mid-Fwd,25,87.3335939121624,Established Youth
2022,Collingwood,1004757,Beau McCreery,21,Gen Fwd,22,56.3799739892467,Rising Stars
2022,Collingwood,1005054,Josh Daicos,23,Wing,25,77.4334454995877,Established Youth
2022,Collingwood,1005107,Nathan Murphy,22,Key Def,16,54.8855593454235,Established Youth
2022,Collingwood,1008089,Isaac Quaynor,22,Gen Def,24,68.1798839475275,Established Youth
2022,Collingwood,1008171,Tyler Brown,22,Mid-Fwd,11,41.5683179061141,Established Youth
2022,Collingwood,1009186,Trent Bianco,21,Mid-Fwd,10,43.4539943556318,Rising Stars
2022,Collingwood,1009383,Trey Ruscoe,20,Gen Def,4,53.9027154995221,Rising Stars
2022,Collingwood,1010841,Jack Madgen,29,Key Def,9,53.7966217914241,Prime
2022,Collingwood,1011589,Caleb Poulter,19,Wing,1,54.7677169838717,Rising Stars
2022,Collingwood,1012828,Finlay Macrae,20,Mid-Fwd,2,16.0000663241083,Rising Stars
2022,Collingwood,1012857,Jack Ginnivan,19,Gen Fwd,23,56.2290343098991,Rising Stars
2022,Collingwood,1012860,Oliver Henry,20,Key Fwd,15,49.1050574099506,Rising Stars
2022,Collingwood,1013278,Reef McInnes,19,Gen Fwd,6,40.1418125932354,Rising Stars
2022,Collingwood,1015748,Aiden Begg,19,Ruck,3,42.683933530394,Rising Stars
2022,Collingwood,1015901,Isaac Chugg,20,Gen Fwd,2,21.7914822581255,Rising Stars
2022,Collingwood,1023261,Nick Daicos,19,Gen Def,25,90.7499150610834,Rising Stars
2022,Collingwood,1027021,Josh Carmichael,22,Mid-Fwd,7,43.7470807260068,Established Youth
2022,Collingwood,260257,Scott Pendlebury,34,Mid,24,97.2079043636506,Old Timers
2022,Collingwood,280012,Jordan Roughead,31,Key Def,1,24.3352758431585,Veterans
2022,Collingwood,280965,Steele Sidebottom,31,Wing,25,76.346676545563,Veterans
2022,Collingwood,291313,Jeremy Howe,32,Key Def,24,84.8008982924631,Veterans
2022,Collingwood,291720,Will Hoskin-Elliott,28,Gen Fwd,24,59.6597461643144,Prime
2022,Collingwood,291776,Taylor Adams,28,Mid,18,79.7943425701718,Prime
2022,Collingwood,291849,Brody Mihocek,29,Key Fwd,23,58.3528974342764,Prime
2022,Collingwood,293801,Jamie Elliott,30,Gen Fwd,19,73.7617012522658,Veterans
2022,Collingwood,293871,Jack Crisp,28,Mid,25,96.906500123314,Prime
2022,Collingwood,293957,Brodie Grundy,28,Ruck,6,103.374197795034,Prime
2022,Collingwood,298288,Darcy Moore,26,Key Def,24,84.0651081702813,Prime
2022,Collingwood,990291,Darcy Cameron,27,Ruck,24,86.2392978490271,Prime
2022,Collingwood,992010,Brayden Maynard,26,Gen Def,23,81.2226543632632,Prime
2022,Collingwood,993797,Tom Wilson,25,Gen Fwd,3,54.3298752180282,Established Youth
2022,Collingwood,994185,Jordan De Goey,26,Mid,19,90.0151323022447,Prime
2022,Collingwood,997254,Nathan Kreuger,23,Key Fwd,5,33.2121004920343,Established Youth
2022,Collingwood,997974,Ash Johnson,24,Key Fwd,9,52.2398738336853,Established Youth
2022,Collingwood,998647,Mason Cox,31,Ruck,18,59.1877761803594,Veterans
2022,Essendon,1001026,Jordan Ridley,23,Key Def,20,91.6094249993109,Established Youth
2022,Essendon,1004034,Brandon Zerk-Thatcher,24,Key Def,12,69.7433783594334,Established Youth
2022,Essendon,1005144,Massimo D'Ambrosio,19,Gen Def,8,56.0901795773496,Rising Stars
2022,Essendon,1005577,Sam Draper,24,Ruck,22,72.4744713561783,Established Youth
2022,Essendon,1006103,Jye Caldwell,22,Mid,20,80.6098099929972,Established Youth
2022,Essendon,1008190,Brayden Ham,23,Mid-Fwd,11,32.8332206268963,Established Youth
2022,Essendon,1008975,Kaine Baldwin,20,Key Fwd,4,39.502114997063,Rising Stars
2022,Essendon,1011755,Harrison Jones,21,Key Fwd,10,48.7725075091306,Rising Stars
2022,Essendon,1011954,Nick Bryan,20,Ruck,5,45.3327958343768,Rising Stars
2022,Essendon,1012013,Nic Martin,21,Mid-Fwd,21,79.2361269502772,Rising Stars
2022,Essendon,1012521,Tex Wanganeen,18,Gen Fwd,5,21.7934400019639,Rising Stars
2022,Essendon,1012817,Zach Reid,20,Key Def,7,46.2457783983662,Rising Stars
2022,Essendon,1013201,Jye Menzie,19,Gen Fwd,2,40.3166191726927,Rising Stars
2022,Essendon,1015369,Alastair Lord,18,Gen Def,1,0,Rising Stars
2022,Essendon,1015810,Sam Durham,21,Wing,20,64.2984612839154,Rising Stars
2022,Essendon,1015827,Nik Cox,20,Wing,5,45.1200148286407,Rising Stars
2022,Essendon,1015873,Archie Perkins,20,Gen Fwd,18,57.2350881011655,Rising Stars
2022,Essendon,1017088,Ben Hobbs,18,Gen Fwd,17,63.1301259165219,Rising Stars
2022,Essendon,270935,Michael Hurley,32,Key Fwd,1,35.3436160982108,Veterans
2022,Essendon,290629,Dyson Heppell,30,Gen Def,22,87.2690820898294,Veterans
2022,Essendon,291771,Devon Smith,29,Gen Fwd,8,59.2407890316758,Prime
2022,Essendon,291783,Dylan Shiel,29,Mid,19,92.3677903407506,Prime
2022,Essendon,293884,Jake Stringer,28,Key Fwd,15,68.6969995928795,Prime
2022,Essendon,294068,Andrew Phillips,31,Ruck,10,59.1523806286862,Veterans
2022,Essendon,294654,James Stewart,28,Key Def,6,57.7970203629995,Prime
2022,Essendon,297406,Tom Cutler,27,Wing,9,72.0050822146266,Prime
2022,Essendon,297452,Nick Hind,28,Gen Def,21,89.2091892913178,Prime
2022,Essendon,297473,Jake Kelly,27,Gen Def,21,60.2218009459659,Prime
2022,Essendon,298280,Jayden Laverde,26,Key Def,22,68.2062466705033,Prime
2022,Essendon,298289,Peter Wright,26,Key Fwd,22,78.3842317298477,Prime
2022,Essendon,298445,Alec Waterman,26,Gen Fwd,8,44.9258448578711,Prime
2022,Essendon,298630,Kyle Langford,25,Mid-Fwd,9,65.7608562912461,Established Youth
2022,Essendon,990606,Will Snelling,25,Gen Fwd,8,50.7646855070331,Established Youth
2022,Essendon,990816,Aaron Francis,25,Key Fwd,4,43.0315497777557,Established Youth
2022,Essendon,992016,Zach Merrett,26,Mid,19,112.418622475227,Prime
2022,Essendon,993817,Darcy Parish,25,Mid,16,110.984903362519,Established Youth
2022,Essendon,996232,Matt Guelfi,25,Gen Fwd,20,58.1022778104752,Established Youth
2022,Essendon,997078,Mason Redman,25,Gen Def,20,92.7986989702679,Established Youth
2022,Essendon,998102,Andrew McGrath,24,Gen Def,18,87.0750710224712,Established Youth
2022,Fremantle,1000860,Lachie Schultz,24,Gen Fwd,23,70.4937615140806,Established Youth
2022,Fremantle,1000980,Lloyd Meek,24,Ruck,6,87.1046743999636,Established Youth
2022,Fremantle,1002232,Andrew Brayshaw,22,Mid,24,110.496787987482,Established Youth
2022,Fremantle,1002353,Mitch Crowden,23,Mid,2,0,Established Youth
2022,Fremantle,1005988,Liam Henry,20,Mid-Fwd,7,40.8588838034214,Rising Stars
2022,Fremantle,1006152,Jordan Clark,21,Gen Def,24,87.1604099556123,Rising Stars
2022,Fremantle,1009256,Hayden Young,21,Gen Def,22,94.1069972252779,Rising Stars
2022,Fremantle,1009410,Brandon Walker,19,Gen Def,21,52.630198915388,Rising Stars
2022,Fremantle,1009420,Caleb Serong,21,Mid,22,93.0728769070627,Rising Stars
2022,Fremantle,1012819,Josh Treacy,20,Key Fwd,4,45.2032096322184,Rising Stars
2022,Fremantle,1013220,Nathan O'Driscoll,20,Wing,12,60.2365296014007,Rising Stars
2022,Fremantle,1013224,Heath Chapman,20,Gen Def,17,76.2322312611545,Rising Stars
2022,Fremantle,1020250,Neil Erasmus,18,Mid,5,52.3064843417286,Rising Stars
2022,Fremantle,1020594,Jye Amiss,19,Key Fwd,3,61.957770829713,Rising Stars
2022,Fremantle,240052,David Mundy,37,Mid,22,79.7391546779375,Old Timers
2022,Fremantle,280988,Travis Colyer,31,Gen Fwd,18,56.212039537957,Veterans
2022,Fremantle,281007,Michael Walters,31,Gen Fwd,21,67.998263032105,Veterans
2022,Fremantle,291570,Nat Fyfe,30,Mid-Fwd,7,62.8327653298652,Veterans
2022,Fremantle,293854,Matt Taberner,29,Key Fwd,13,56.4170124430987,Prime
2022,Fremantle,294125,Nathan Wilson,29,Gen Def,2,60.2057634490322,Prime
2022,Fremantle,295067,James Aish,26,Wing,23,76.0767452894538,Prime
2022,Fremantle,295222,Joel Hamling,29,Key Def,1,43.6538324134861,Prime
2022,Fremantle,296294,Blake Acres,26,Wing,20,83.9991675517109,Prime
2022,Fremantle,298409,Alex Pearce,27,Key Def,21,58.867357707362,Prime
2022,Fremantle,990740,Rory Lobb,29,Key Fwd,21,82.2083536057735,Prime
2022,Fremantle,992059,Sam Switkowski,25,Gen Fwd,14,75.9045153360115,Established Youth
2022,Fremantle,993816,Darcy Tucker,25,Mid-Fwd,14,49.6564376898041,Established Youth
2022,Fremantle,996580,Ethan Hughes,27,Wing,6,64.5410236533854,Prime
2022,Fremantle,997033,Brennan Cox,24,Key Def,23,81.301670308732,Established Youth
2022,Fremantle,997933,Griffin Logue,24,Key Def,20,71.1661727625809,Established Youth
2022,Fremantle,998129,Will Brodie,24,Mid,24,99.6481123711519,Established Youth
2022,Fremantle,998145,Sean Darcy,24,Ruck,21,101.246438271654,Established Youth
2022,Fremantle,998180,Bailey Banfield,24,Gen Fwd,23,45.0728913760474,Established Youth
2022,Fremantle,998659,Luke Ryan,26,Gen Def,24,98.7214418152919,Prime
2022,Fremantle,999321,Michael Frederick,22,Gen Fwd,22,58.433843542527,Established Youth
2022,GWS GIANTS,1001396,Isaac Cumming,24,Gen Def,21,94.6232503847412,Established Youth
2022,GWS GIANTS,1002300,Jarrod Brander,23,Mid-Fwd,5,52.9808382970768,Established Youth
2022,GWS GIANTS,1004530,Jacob Wehr,24,Wing,10,62.4384058057459,Established Youth
2022,GWS GIANTS,1005247,Sam Taylor,23,Key Def,22,91.0032418853603,Established Youth
2022,GWS GIANTS,1006013,James Peatling,22,Gen Fwd,12,49.1919637547709,Established Youth
2022,GWS GIANTS,1006135,Xavier O'Halloran,22,Wing,14,37.0131874121005,Established Youth
2022,GWS GIANTS,1006148,Bobby Hill,22,Gen Fwd,11,40.3880825127067,Established Youth
2022,GWS GIANTS,1007238,Jake Stein,28,Key Def,9,45.9630461294471,Prime
2022,GWS GIANTS,1008083,Connor Idun,22,Gen Def,16,62.7557065679122,Established Youth
2022,GWS GIANTS,1008123,Jake Riccardi,22,Key Fwd,15,59.2118922484355,Established Youth
2022,GWS GIANTS,1008436,Kieren Briggs,22,Ruck,4,57.8635572467584,Established Youth
2022,GWS GIANTS,1008691,Leek Aleer,21,Key Def,4,51.2772606150091,Rising Stars
2022,GWS GIANTS,1009253,Lachie Ash,21,Mid,21,60.9144985900819,Rising Stars
2022,GWS GIANTS,1009528,Tom Green,21,Mid,21,97.2002445223235,Rising Stars
2022,GWS GIANTS,1012805,Tanner Bruhn,20,Mid-Fwd,17,56.6405038185492,Rising Stars
2022,GWS GIANTS,1014038,Callum Brown,22,Gen Def,8,54.724331249458,Established Youth
2022,GWS GIANTS,1015777,Ryan Angwin,19,Gen Fwd,1,13.0163793444985,Rising Stars
2022,GWS GIANTS,1015862,Conor Stone,20,Gen Fwd,1,27.3141621202623,Rising Stars
2022,GWS GIANTS,1017093,Cooper Hamilton,18,Gen Def,4,61.5880549112784,Rising Stars
2022,GWS GIANTS,1023266,Finn Callaghan,19,Wing,5,55.5250520428646,Rising Stars
2022,GWS GIANTS,271015,Matt de Boer,32,Gen Fwd,12,51.3474240792899,Veterans
2022,GWS GIANTS,280109,Callan Ward,32,Mid,22,85.170899987788,Veterans
2022,GWS GIANTS,280804,Phil Davis,32,Key Def,5,67.3455508813923,Veterans
2022,GWS GIANTS,290314,Lachlan Keeffe,32,Key Def,18,45.5851338879743,Veterans
2022,GWS GIANTS,290675,Daniel Lloyd,30,Gen Fwd,11,46.0237616761544,Veterans
2022,GWS GIANTS,291509,Adam Kennedy,30,Gen Def,18,59.9375043633011,Veterans
2022,GWS GIANTS,291969,Stephen Coniglio,28,Mid-Fwd,21,101.19207537073,Prime
2022,GWS GIANTS,294305,Lachie Whitfield,28,Wing,18,86.0084367672137,Prime
2022,GWS GIANTS,295265,Nick Haynes,30,Gen Def,17,57.8041577015912,Veterans
2022,GWS GIANTS,295344,Toby Greene,28,Gen Fwd,15,76.5252459718284,Prime
2022,GWS GIANTS,296324,Jesse Hogan,27,Key Fwd,18,84.2381481700323,Prime
2022,GWS GIANTS,296347,Josh Kelly,27,Mid,21,105.807870218252,Prime
2022,GWS GIANTS,992644,Braydon Preuss,27,Ruck,10,91.9506374378525,Prime
2022,GWS GIANTS,993107,Harry Himmelberg,26,Key Def,22,90.5680214495412,Prime
2022,GWS GIANTS,993902,Matt Flynn,24,Ruck,12,84.3626923652609,Established Youth
2022,GWS GIANTS,993903,Jacob Hopper,25,Mid,7,66.9280292545269,Established Youth
2022,GWS GIANTS,998172,Tim Taranto,24,Mid-Fwd,16,91.3196578088185,Established Youth
2022,GWS GIANTS,998205,Harry Perryman,23,Mid,16,94.5236039582499,Established Youth
2022,GWS GIANTS,998225,Zachary Sproule,24,Key Fwd,6,41.1527640827857,Established Youth
2022,Geelong Cats,1000937,Jack Henry,24,Key Def,17,60.4102795216207,Established Youth
2022,Geelong Cats,1002220,Esava Ratugolea,24,Key Fwd,4,39.8561598802869,Established Youth
2022,Geelong Cats,1004870,Zach Guthrie,24,Gen Def,21,68.8524902737833,Established Youth
2022,Geelong Cats,1004938,Gryan Miers,23,Gen Fwd,22,63.9681401487143,Established Youth
2022,Geelong Cats,1004948,Cooper Stephens,21,Mid,7,53.6454311270108,Rising Stars
2022,Geelong Cats,1007102,Mark O'Connor,25,Gen Def,22,56.3398489353152,Established Youth
2022,Geelong Cats,1009229,Sam De Koning,21,Key Def,23,65.0747470174388,Rising Stars
2022,Geelong Cats,1015889,Max Holmes,20,Wing,18,68.453254617835,Rising Stars
2022,Geelong Cats,1016433,Shannon Neale,20,Key Fwd,2,33.5295404340787,Rising Stars
2022,Geelong Cats,1017255,Francis Evans,21,Gen Fwd,5,30.8858292377199,Rising Stars
2022,Geelong Cats,1021103,Mitch Knevitt,19,Wing,2,36.3356190494175,Rising Stars
2022,Geelong Cats,1025034,Oliver Dempsey,19,Gen Fwd,2,38.7826019130044,Rising Stars
2022,Geelong Cats,250321,Joel Selwood,34,Mid,21,86.5886656483371,Old Timers
2022,Geelong Cats,260227,Shaun Higgins,34,Gen Fwd,5,58.7534023421936,Old Timers
2022,Geelong Cats,261510,Tom Hawkins,34,Key Fwd,25,94.9454627387606,Old Timers
2022,Geelong Cats,270917,Patrick Dangerfield,32,Mid,18,88.3625689678616,Veterans
2022,Geelong Cats,280317,Rhys Stanley,31,Ruck,20,80.3950731404515,Veterans
2022,Geelong Cats,281065,Mitch Duncan,31,Gen Def,22,90.033932161188,Veterans
2022,Geelong Cats,290550,Cameron Guthrie,30,Mid,25,97.2296603215202,Veterans
2022,Geelong Cats,291327,Jonathon Ceglar,31,Ruck,3,84.9112734197832,Veterans
2022,Geelong Cats,291357,Gary Rohan,31,Gen Fwd,12,53.9154566046882,Veterans
2022,Geelong Cats,291526,Luke Dahlhaus,30,Gen Fwd,10,48.8920892228443,Veterans
2022,Geelong Cats,291800,Tom Stewart,29,Gen Def,20,105.900815918557,Prime
2022,Geelong Cats,292511,Zach Tuohy,32,Gen Def,24,90.0924844611969,Veterans
2022,Geelong Cats,293845,Jeremy Cameron,29,Key Fwd,24,90.3047687758734,Prime
2022,Geelong Cats,293883,Jed Bews,28,Gen Def,23,48.3404055200312,Prime
2022,Geelong Cats,294199,Sam Menegola,30,Wing,7,69.4365975033805,Veterans
2022,Geelong Cats,294877,Isaac Smith,33,Mid-Fwd,24,80.3675293790365,Veterans
2022,Geelong Cats,296291,Jake Kolodjashnij,27,Key Def,23,57.3324287514231,Prime
2022,Geelong Cats,296733,Mark Blicavs,31,Ruck,24,99.5279039014758,Veterans
2022,Geelong Cats,298419,Brandan Parfitt,24,Mid,17,71.2375709220089,Established Youth
2022,Geelong Cats,994386,Tom Atkins,26,Mid,25,84.800320055951,Prime
2022,Geelong Cats,997230,Tyson Stengle,23,Gen Fwd,25,77.2018572873887,Established Youth
2022,Geelong Cats,999326,Brad Close,24,Gen Fwd,25,78.478332816605,Established Youth
2022,Geelong Cats,999824,Quinton Narkle,24,Mid,8,52.5253760346251,Established Youth
2022,Gold Coast SUNS,1000068,Chris Burgess,26,Key Fwd,2,35.9032938914521,Prime
2022,Gold Coast SUNS,1001195,Izak Rankine,22,Gen Fwd,18,69.9017284719175,Established Youth
2022,Gold Coast SUNS,1002242,Charlie Constable,23,Gen Def,2,5.54696081047918,Established Youth
2022,Gold Coast SUNS,1004095,Jack Lukosius,22,Key Fwd,13,65.3297140159079,Established Youth
2022,Gold Coast SUNS,1005547,Josh Corbett,26,Key Fwd,4,37.137072117191,Prime
2022,Gold Coast SUNS,1005986,Malcolm Rosas,21,Gen Fwd,15,50.7784919944501,Rising Stars
2022,Gold Coast SUNS,1005992,Joel Jeffrey,20,Key Fwd,5,68.3681913897085,Rising Stars
2022,Gold Coast SUNS,1006087,Caleb Graham,22,Key Def,15,58.3944540795147,Established Youth
2022,Gold Coast SUNS,1007881,Wil Powell,23,Gen Def,12,77.3180363868528,Established Youth
2022,Gold Coast SUNS,1008454,Connor Budarick,21,Gen Def,9,65.9809749006416,Rising Stars
2022,Gold Coast SUNS,1008882,Charlie Ballard,23,Key Def,18,64.8775483841735,Established Youth
2022,Gold Coast SUNS,1009199,Noah Anderson,21,Mid,21,100.553475305096,Rising Stars
2022,Gold Coast SUNS,1009208,Matt Rowell,21,Mid,22,87.5806236052372,Rising Stars
2022,Gold Coast SUNS,1009260,Sam Flanders,21,Mid-Fwd,9,46.5220314060049,Rising Stars
2022,Gold Coast SUNS,1009320,Hewago Oea,20,Gen Fwd,5,36.3856322132924,Rising Stars
2022,Gold Coast SUNS,1009380,Jeremy Sharp,21,Wing,12,44.987378722452,Rising Stars
2022,Gold Coast SUNS,1012862,Elijah Hollands,20,Wing,5,71.9868357448455,Rising Stars
2022,Gold Coast SUNS,1013268,Alex Davies,20,Mid-Fwd,15,47.7656081832144,Rising Stars
2022,Gold Coast SUNS,1017396,Mac Andrew,18,Key Def,4,47.2158516551717,Rising Stars
2022,Gold Coast SUNS,281075,Rory Thompson,31,Key Def,3,37.26672477589,Veterans
2022,Gold Coast SUNS,281124,Levi Casboult,32,Key Fwd,21,49.1972963666429,Veterans
2022,Gold Coast SUNS,290832,David Swallow,29,Mid,22,86.1681993303166,Prime
2022,Gold Coast SUNS,291753,Sam Day,30,Key Fwd,4,53.6368702941084,Veterans
2022,Gold Coast SUNS,291975,Jarrod Witts,30,Ruck,22,109.87714427841,Veterans
2022,Gold Coast SUNS,293713,Brandon Ellis,29,Wing,21,92.0093674523574,Prime
2022,Gold Coast SUNS,294013,Sean Lemmens,27,Gen Def,20,58.1932938345742,Prime
2022,Gold Coast SUNS,294472,Rory Atkins,28,Wing,9,41.0895543316649,Prime
2022,Gold Coast SUNS,294643,Alex Sexton,28,Gen Fwd,4,48.4468668268335,Prime
2022,Gold Coast SUNS,295446,Sam Collins,28,Key Def,22,69.0463399233435,Prime
2022,Gold Coast SUNS,296280,James Tsitas,27,Gen Fwd,1,25.8422960183654,Prime
2022,Gold Coast SUNS,297456,Nick Holman,27,Gen Fwd,20,63.2707138401474,Prime
2022,Gold Coast SUNS,298272,Touk Miller,26,Mid,22,120.238490862356,Prime
2022,Gold Coast SUNS,298358,Oleg Markov,26,Gen Def,11,67.2145119339093,Prime
2022,Gold Coast SUNS,298524,Lachie Weller,26,Gen Def,11,81.3625170897064,Prime
2022,Gold Coast SUNS,993799,Brayden Fiorini,25,Wing,14,65.3092780716613,Established Youth
2022,Gold Coast SUNS,994077,Mabior Chol,25,Key Fwd,22,67.8350490334357,Established Youth
2022,Gold Coast SUNS,996464,Darcy Macpherson,24,Gen Fwd,10,56.2100683244264,Established Youth
2022,Gold Coast SUNS,998130,Ben Ainsworth,24,Gen Fwd,22,75.3887095260503,Established Youth
2022,Gold Coast SUNS,998260,Jack Bowes,24,Gen Def,5,62.7792920336912,Established Youth
2022,Gold Coast SUNS,999715,Jy Farrar,25,Gen Def,14,60.4087316275977,Established Youth
2022,Hawthorn,1000864,Lachlan Bramble,24,Gen Def,9,64.3692184210584,Established Youth
2022,Hawthorn,1000887,Mitch Lewis,23,Key Fwd,15,74.1881080953299,Established Youth
2022,Hawthorn,1000960,Max Lynch,24,Ruck,7,58.8708549534245,Established Youth
2022,Hawthorn,1000963,Harry Morrison,23,Wing,21,75.6209648530948,Established Youth
2022,Hawthorn,1001024,Ned Reeves,23,Ruck,12,64.7521563482789,Established Youth
2022,Hawthorn,1002222,James Worpel,23,Mid,11,56.1549903137418,Established Youth
2022,Hawthorn,1005150,Emerson Jeka,20,Key Def,3,47.9503435506665,Rising Stars
2022,Hawthorn,1006030,Jacob Koschitzke,22,Key Fwd,16,55.5227897883435,Established Youth
2022,Hawthorn,1006314,Dylan Moore,23,Gen Fwd,22,94.511588616574,Established Youth
2022,Hawthorn,1007124,Conor Nash,24,Mid,21,66.3245641906613,Established Youth
2022,Hawthorn,1008537,Joshua Morris,20,Gen Def,6,32.2840323314992,Rising Stars
2022,Hawthorn,1008550,Will Day,21,Gen Def,17,65.7481323859794,Rising Stars
2022,Hawthorn,1008600,Jack Saunders,20,Gen Fwd,1,33.7305524857843,Rising Stars
2022,Hawthorn,1009421,Finn Maginness,21,Wing,16,48.0939191872288,Rising Stars
2022,Hawthorn,1010708,Sam Butler,19,Gen Fwd,9,35.8948351839036,Rising Stars
2022,Hawthorn,1011839,James Blanck,21,Key Def,9,44.4840295603482,Rising Stars
2022,Hawthorn,1013093,Denver Grainger-Barras,20,Key Def,16,46.2141473622073,Rising Stars
2022,Hawthorn,1013208,Jackson Callow,20,Key Fwd,3,31.5106884364023,Rising Stars
2022,Hawthorn,1017091,Jai Serong,19,Key Fwd,3,31.2892344777105,Rising Stars
2022,Hawthorn,1017094,Connor Macdonald,19,Gen Fwd,20,50.7119698301759,Rising Stars
2022,Hawthorn,1017110,Josh Ward,19,Mid,14,63.7791940730656,Rising Stars
2022,Hawthorn,1017124,Ned Long,19,Wing,1,43.4934994385095,Rising Stars
2022,Hawthorn,1020895,Jai Newcombe,21,Mid,22,86.938889397136,Rising Stars
2022,Hawthorn,261323,Ben McEvoy,33,Ruck,8,87.5640975368816,Veterans
2022,Hawthorn,280737,Liam Shiels,31,Mid-Fwd,13,56.9129941657943,Veterans
2022,Hawthorn,280744,Luke Breust,31,Gen Fwd,21,63.6495616266935,Veterans
2022,Hawthorn,290228,Kyle Hartigan,30,Key Def,3,22.729793786948,Veterans
2022,Hawthorn,291351,Jack Gunston,30,Key Fwd,16,71.4884902755572,Veterans
2022,Hawthorn,291856,Tom Mitchell,29,Mid,21,96.0274665167147,Prime
2022,Hawthorn,291962,Chad Wingard,29,Gen Fwd,10,63.9901746082381,Prime
2022,Hawthorn,293738,Sam Frost,28,Key Def,12,62.5793762263132,Prime
2022,Hawthorn,294613,Jaeger O'Meara,28,Mid,21,85.9014101118864,Prime
2022,Hawthorn,296254,Jarman Impey,27,Gen Def,16,61.7535928908494,Prime
2022,Hawthorn,297566,James Sicily,27,Key Def,22,113.603803523583,Prime
2022,Hawthorn,992462,Daniel Howe,26,Wing,9,54.8080396800128,Prime
2022,Hawthorn,993794,Blake Hardwick,25,Gen Def,22,71.0927482767423,Established Youth
2022,Hawthorn,996487,Tom Phillips,26,Wing,4,51.2211415815748,Prime
2022,Hawthorn,998114,Jack Scrimshaw,24,Gen Def,20,84.0929476516517,Established Youth
2022,Hawthorn,998390,Changkuoth Jiath,23,Gen Def,14,77.8031436635679,Established Youth
2022,Melbourne,1001438,Bayley Fritsch,25,Gen Fwd,24,65.7778315386773,Established Youth
2022,Melbourne,1002282,Charlie Spargo,22,Gen Fwd,24,56.5357980408087,Established Youth
2022,Melbourne,1003546,Joel Smith,26,Gen Def,7,50.0356725255211,Prime
2022,Melbourne,1005330,Kade Chandler,22,Gen Fwd,4,6.09120068891386,Established Youth
2022,Melbourne,1008139,Toby Bedford,22,Gen Fwd,16,49.7201290053842,Established Youth
2022,Melbourne,1008541,Kysaiah Pickett,21,Gen Fwd,23,62.9898225711711,Rising Stars
2022,Melbourne,1008893,Harrison Petty,22,Key Def,18,63.3117550944216,Established Youth
2022,Melbourne,1009378,Trent Rivers,21,Gen Def,18,57.8336427014665,Rising Stars
2022,Melbourne,1009399,Luke Jackson,20,Ruck,22,82.7675719555846,Rising Stars
2022,Melbourne,1012825,Jake Bowey,20,Gen Def,17,69.1312372104823,Rising Stars
2022,Melbourne,1013409,James Jordon,21,Wing,22,74.8227811866151,Rising Stars
2022,Melbourne,1020959,Daniel Turner,20,Key Def,1,25.6376340784977,Rising Stars
2022,Melbourne,280824,Jake Melksham,30,Gen Fwd,11,55.3020606504456,Veterans
2022,Melbourne,281085,Steven May,30,Key Def,22,93.4674906248745,Veterans
2022,Melbourne,290160,Michael Hibberd,32,Gen Def,12,61.2730038136437,Veterans
2022,Melbourne,290528,Max Gawn,30,Ruck,22,114.522922375983,Veterans
2022,Melbourne,290622,Mitch Brown,32,Key Fwd,3,42.668146806867,Veterans
2022,Melbourne,291533,Tom McDonald,30,Key Fwd,9,66.2479137424262,Veterans
2022,Melbourne,291819,Adam Tomlinson,29,Key Def,8,55.1192151991845,Prime
2022,Melbourne,291867,Ben Brown,29,Key Fwd,19,60.6183226457594,Prime
2022,Melbourne,291902,Jack Viney,28,Mid,22,96.6150445122114,Prime
2022,Melbourne,294429,Luke Dunstan,27,Mid,5,65.0265763438513,Prime
2022,Melbourne,296359,Christian Salem,27,Gen Def,13,66.8756422835828,Prime
2022,Melbourne,296420,Alex Neal-Bullen,26,Gen Fwd,23,72.1601075967484,Prime
2022,Melbourne,297899,James Harmes,26,Mid-Fwd,21,79.6330684565031,Prime
2022,Melbourne,298210,Christian Petracca,26,Mid,24,108.976539040947,Prime
2022,Melbourne,298264,Ed Langdon,26,Wing,23,79.8890490168778,Prime
2022,Melbourne,298279,Angus Brayshaw,26,Gen Def,24,98.4285700101255,Prime
2022,Melbourne,298281,Jake Lever,26,Key Def,19,67.2723137800596,Prime
2022,Melbourne,993806,Sam Weideman,25,Key Fwd,10,54.4020026659629,Established Youth
2022,Melbourne,994385,Jayden Hunt,27,Gen Def,20,52.1613119497949,Prime
2022,Melbourne,996701,Clayton Oliver,25,Mid,23,128.588828030421,Established Youth
2022,Melbourne,999391,Tom Sparrow,22,Mid-Fwd,23,66.2458238995027,Established Youth
2022,North Melbourne,1000061,Callum Coleman-Jones,23,Ruck,10,57.069004861453,Established Youth
2022,North Melbourne,1001017,Nick Larkey,24,Key Fwd,20,57.9084260782086,Established Youth
2022,North Melbourne,1002143,Ben McKay,24,Key Def,15,56.7284974210708,Established Youth
2022,North Melbourne,1002240,Jaidyn Stephenson,23,Gen Fwd,16,68.568351526365,Established Youth
2022,North Melbourne,1002267,Luke Davies-Uniacke,23,Mid,21,101.477208198764,Established Youth
2022,North Melbourne,1002947,Paul Curtis,19,Gen Fwd,15,53.8513716635747,Rising Stars
2022,North Melbourne,1004894,Aiden Bonar,23,Key Def,10,36.9760217540081,Established Youth
2022,North Melbourne,1004909,Lachlan Young,23,Gen Def,20,70.1382715560748,Established Youth
2022,North Melbourne,1004965,Tristan Xerri,23,Ruck,12,71.5178819623747,Established Youth
2022,North Melbourne,1005729,Tarryn Thomas,22,Mid-Fwd,10,53.5521024504052,Established Youth
2022,North Melbourne,1006058,Bailey Scott,22,Gen Def,21,70.0802117753052,Established Youth
2022,North Melbourne,1006137,Curtis Taylor,22,Wing,22,60.7268242472115,Established Youth
2022,North Melbourne,1008288,Atu Bosenavulagi,22,Gen Def,9,41.612811206229,Established Youth
2022,North Melbourne,1009189,Jack Mahony,20,Gen Fwd,13,42.9363749098178,Rising Stars
2022,North Melbourne,1011640,Jason Horne-Francis,19,Mid-Fwd,17,63.2950292718362,Rising Stars
2022,North Melbourne,1011647,Phoenix Spicer,20,Gen Fwd,5,25.2217761290517,Rising Stars
2022,North Melbourne,1011659,Tom Powell,20,Mid-Fwd,18,55.5727287835729,Rising Stars
2022,North Melbourne,1011771,Flynn Perez,21,Wing,16,48.2077754845165,Rising Stars
2022,North Melbourne,1012144,Kallan Dawson,24,Key Def,4,63.3243276367135,Established Youth
2022,North Melbourne,1012833,Eddie Ford,20,Gen Fwd,3,24.6170056457304,Rising Stars
2022,North Melbourne,1012852,Charlie Lazzaro,20,Gen Fwd,12,39.3750489263218,Rising Stars
2022,North Melbourne,1015781,Charlie Comben,21,Key Fwd,1,30.9053240267568,Rising Stars
2022,North Melbourne,1017095,Miller Bergman,19,Gen Def,1,-1.30443595258077,Rising Stars
2022,North Melbourne,1017118,Josh Goater,19,Wing,1,69.4778130079681,Rising Stars
2022,North Melbourne,1020968,Jackson Archer,19,Gen Def,3,48.946751296124,Rising Stars
2022,North Melbourne,271129,Todd Goldstein,34,Ruck,22,93.5579509610081,Old Timers
2022,North Melbourne,280921,Ben Cunnington,31,Mid-Fwd,2,49.8439563968347,Veterans
2022,North Melbourne,280944,Jack Ziebell,31,Gen Fwd,19,64.5504178518413,Veterans
2022,North Melbourne,281091,Hugh Greenwood,30,Mid,21,75.6222636175914,Veterans
2022,North Melbourne,290738,Jared Polec,29,Wing,2,49.4138293969639,Prime
2022,North Melbourne,291550,Josh Walker,29,Key Def,16,63.772011345026,Prime
2022,North Melbourne,291861,Jed Anderson,28,Mid-Fwd,14,79.9271543907869,Prime
2022,North Melbourne,294508,Aidan Corr,28,Key Def,20,69.1978521464666,Prime
2022,North Melbourne,296355,Luke McDonald,27,Gen Def,22,88.4245853256221,Prime
2022,North Melbourne,296735,Aaron Hall,31,Gen Def,11,97.7805737501025,Veterans
2022,North Melbourne,992499,Kayne Turner,26,Gen Def,17,47.9767639839219,Prime
2022,North Melbourne,993998,Jy Simpkin,24,Mid,21,90.9445858746457,Established Youth
2022,North Melbourne,998327,Kyron Hayden,23,Gen Def,5,48.3436463494069,Established Youth
2022,North Melbourne,998484,Cameron Zurhaar,24,Gen Fwd,19,63.6935046520906,Established Youth
2022,Port Adelaide,1000972,Willem Drew,24,Mid,22,85.3799470261261,Established Youth
2022,Port Adelaide,1001299,Connor Rozee,22,Mid-Fwd,22,93.101492076132,Established Youth
2022,Port Adelaide,1002248,Sam Hayes,23,Ruck,7,72.5438974661906,Established Youth
2022,Port Adelaide,1002253,Kane Farrell,23,Wing,16,73.4640283757497,Established Youth
2022,Port Adelaide,1004819,Jed Mcentee,21,Gen Fwd,9,46.1407581696718,Rising Stars
2022,Port Adelaide,1004998,Todd Marshall,23,Key Fwd,21,77.2059676273657,Established Youth
2022,Port Adelaide,1005326,Jackson Mead,20,Mid-Fwd,11,47.901763103763,Rising Stars
2022,Port Adelaide,1006096,Xavier Duursma,22,Wing,11,51.2337387220545,Established Youth
2022,Port Adelaide,1006121,Zak Butters,22,Mid-Fwd,20,95.9109865931582,Established Youth
2022,Port Adelaide,1007591,Brynn Teakle,22,Ruck,2,48.1839310507526,Established Youth
2022,Port Adelaide,1009191,Miles Bergman,20,Wing,10,68.1220674237729,Rising Stars
2022,Port Adelaide,1010174,Mitch Georgiades,20,Key Fwd,19,58.0212469490597,Rising Stars
2022,Port Adelaide,1011583,Lachie Jones,20,Gen Def,14,47.9561228196625,Rising Stars
2022,Port Adelaide,1013462,Jase Burgoyne,19,Gen Def,8,60.1469684592762,Rising Stars
2022,Port Adelaide,1017078,Josh Sinn,19,Mid-Fwd,1,24.3312320376646,Rising Stars
2022,Port Adelaide,250365,Travis Boak,34,Mid,21,105.366651064989,Old Timers
2022,Port Adelaide,261396,Robbie Gray,34,Gen Fwd,16,69.2540400753942,Old Timers
2022,Port Adelaide,280711,Charlie Dixon,32,Key Fwd,12,88.7317911176297,Veterans
2022,Port Adelaide,280990,Steven Motlop,31,Gen Fwd,14,58.0824488028628,Veterans
2022,Port Adelaide,290527,Trent McKenzie,30,Key Def,7,56.3062142321663,Veterans
2022,Port Adelaide,290746,Scott Lycett,30,Ruck,4,86.6647670006618,Veterans
2022,Port Adelaide,292145,Tom Jonas,31,Key Def,21,62.5338322795963,Veterans
2022,Port Adelaide,293603,Sam Mayes,28,Gen Fwd,3,35.8841815020206,Prime
2022,Port Adelaide,294318,Ollie Wines,27,Mid,21,105.36204926219,Prime
2022,Port Adelaide,294469,Aliir Aliir,28,Key Def,19,73.7195586602559,Prime
2022,Port Adelaide,294504,Tom Clurey,28,Key Def,13,60.5110647730492,Prime
2022,Port Adelaide,296035,Trent Dumont,27,Wing,8,62.869652167296,Prime
2022,Port Adelaide,296334,Orazio Fantasia,26,Gen Fwd,1,0,Prime
2022,Port Adelaide,297354,Karl Amon,27,Wing,22,92.419476771637,Prime
2022,Port Adelaide,298111,Jeremy Finlayson,26,Ruck,20,83.0166432405055,Prime
2022,Port Adelaide,991930,Darcy Byrne-Jones,26,Gen Def,21,83.8604687743751,Prime
2022,Port Adelaide,992128,Ryan Burton,25,Gen Def,22,82.5865470592934,Established Youth
2022,Port Adelaide,993836,Sam Skinner,25,Key Def,2,46.6853734068027,Established Youth
2022,Port Adelaide,993979,Sam Powell-Pepper,24,Gen Fwd,22,74.1473734590579,Established Youth
2022,Port Adelaide,994295,Dan Houston,25,Gen Def,21,99.0537366050056,Established Youth
2022,Port Adelaide,994599,Riley Bonner,25,Gen Def,17,76.2294705312768,Established Youth
2022,Port Adelaide,999320,Martin Frederick,22,Gen Def,6,26.2084207355898,Established Youth
2022,Richmond,1000223,Liam Baker,24,Gen Def,23,77.5300082165863,Established Youth
2022,Richmond,1000267,Matthew Parker,26,Gen Fwd,5,51.1720743079078,Prime
2022,Richmond,1000981,Daniel Rioli,25,Gen Def,23,91.987445701634,Established Youth
2022,Richmond,1002245,Noah Balta,22,Key Def,18,60.6922842901961,Established Youth
2022,Richmond,1002403,Ben Miller,22,Key Def,11,61.1356116667653,Established Youth
2022,Richmond,1002583,Sydney Stack,22,Gen Fwd,2,25.2452736724998,Established Youth
2022,Richmond,1006133,Jack Ross,22,Wing,15,71.368100446299,Established Youth
2022,Richmond,1006193,Bigoa Nyuon,21,Key Def,1,38.7890328526827,Rising Stars
2022,Richmond,1008297,Riley Collier-Dawkins,22,Mid,2,44.9291295252447,Established Youth
2022,Richmond,1008478,Rhyan Mansell,22,Gen Def,2,49.1127081553757,Established Youth
2022,Richmond,1009226,Thomson Dow,20,Mid,6,59.4259084981958,Rising Stars
2022,Richmond,1009308,Noah Cumberland,21,Gen Fwd,9,69.2907058872085,Rising Stars
2022,Richmond,1009551,Maurice Rioli,20,Gen Fwd,15,46.708364039915,Rising Stars
2022,Richmond,1011985,Hugo Ralphsmith,20,Gen Def,13,60.5834405535722,Rising Stars
2022,Richmond,1017043,Judson Clarke,18,Gen Fwd,3,44.7542990919628,Rising Stars
2022,Richmond,1017059,Josh Gibcus,19,Key Def,18,53.7348006302648,Rising Stars
2022,Richmond,1017114,Tyler Sonsie,19,Mid-Fwd,7,65.5327987318099,Rising Stars
2022,Richmond,250395,Jack Riewoldt,33,Key Fwd,21,70.9899038905598,Veterans
2022,Richmond,260930,Shane Edwards,33,Mid-Fwd,22,60.558660225356,Veterans
2022,Richmond,270325,Robbie Tarrant,33,Key Def,20,57.5656710241357,Veterans
2022,Richmond,270896,Trent Cotchin,32,Mid,19,81.4005481386945,Veterans
2022,Richmond,280819,Dylan Grimes,31,Key Def,15,58.5586661974369,Veterans
2022,Richmond,290032,Kane Lambert,30,Gen Fwd,7,49.246128345985,Veterans
2022,Richmond,290627,Dion Prestia,29,Mid,19,91.0045552266075,Prime
2022,Richmond,290847,Dustin Martin,31,Mid-Fwd,9,84.6339283326697,Veterans
2022,Richmond,293813,Tom Lynch,29,Key Fwd,19,93.5625907104651,Prime
2022,Richmond,294592,Kamdyn McIntosh,28,Wing,21,71.7138044094953,Prime
2022,Richmond,294674,Nick Vlastuin,28,Gen Def,17,100.02455436102,Prime
2022,Richmond,295203,Nathan Broad,29,Gen Def,23,82.0026461689194,Prime
2022,Richmond,298174,Toby Nankervis,28,Ruck,23,97.6183116408044,Prime
2022,Richmond,990827,Jack Graham,24,Mid-Fwd,20,75.5073162062686,Established Youth
2022,Richmond,991933,Jason Castagna,26,Gen Fwd,16,54.5809298673434,Prime
2022,Richmond,992049,Jayden Short,26,Mid,23,97.980272081075,Prime
2022,Richmond,992786,Jake Aarts,27,Gen Fwd,7,28.6483679230765,Prime
2022,Richmond,993771,Marlion Pickett,30,Wing,19,71.7960404759718,Veterans
2022,Richmond,993993,Shai Bolton,23,Mid-Fwd,23,85.6564660536748,Established Youth
2022,Richmond,998529,Ivan Soldo,26,Ruck,13,53.9496181225174,Prime
2022,St Kilda,1002227,Jack Higgins,23,Gen Fwd,18,62.1716324734352,Established Youth
2022,St Kilda,1002264,Hunter Clark,23,Gen Def,8,57.2583347616757,Established Youth
2022,St Kilda,1003520,Darragh Joyce,25,Key Def,3,46.6078129642765,Established Youth
2022,St Kilda,1004985,Ben Paton,23,Gen Def,20,62.7679084608006,Established Youth
2022,St Kilda,1006143,Max King,22,Key Fwd,22,68.9113205416389,Established Youth
2022,St Kilda,1011994,Ryan Byrnes,21,Mid-Fwd,11,52.9235916556765,Rising Stars
2022,St Kilda,1015507,Nasiah Wanganeen-Milera,19,Wing,17,55.0725874691271,Rising Stars
2022,St Kilda,1018018,Cooper Sharman,22,Key Fwd,10,47.6628334253916,Established Youth
2022,St Kilda,1023270,Marcus Windhager,19,Mid-Fwd,18,48.3769239304814,Rising Stars
2022,St Kilda,1023272,Mitch Owens,18,Gen Fwd,7,50.4860091482828,Rising Stars
2022,St Kilda,250267,Paddy Ryder,34,Ruck,12,64.6565699187234,Old Timers
2022,St Kilda,290117,Dan Hannebery,31,Wing,3,82.20128097905,Veterans
2022,St Kilda,290246,Tom Campbell,30,Ruck,2,78.5785584820856,Veterans
2022,St Kilda,290757,Jimmy Webster,29,Gen Def,20,60.7176430135708,Prime
2022,St Kilda,293846,Sebastian Ross,29,Mid,21,97.3970781711533,Prime
2022,St Kilda,293987,Jarrod Lienert,28,Gen Def,11,64.2684374713532,Prime
2022,St Kilda,294307,Brad Crouch,28,Mid,21,103.648097284663,Prime
2022,St Kilda,294570,Dean Kent,28,Gen Fwd,2,35.6492481102097,Prime
2022,St Kilda,294596,Tim Membrey,28,Key Fwd,22,75.8640714196885,Prime
2022,St Kilda,295340,Mason Wood,28,Wing,19,71.6413735088863,Prime
2022,St Kilda,295584,Bradley Hill,29,Gen Def,21,75.8472222334098,Prime
2022,St Kilda,296205,Jack Steele,26,Mid,18,109.89597424977,Prime
2022,St Kilda,296351,Jack Billings,27,Wing,8,84.1647320493299,Prime
2022,St Kilda,296422,Callum Wilkie,26,Key Def,22,82.548732766123,Prime
2022,St Kilda,298265,Daniel McKenzie,26,Wing,12,75.808484475822,Prime
2022,St Kilda,298421,Jade Gresham,25,Mid-Fwd,18,87.5841048480306,Established Youth
2022,St Kilda,990840,Jack Hayes,26,Key Fwd,5,74.7505483782204,Prime
2022,St Kilda,991988,Zak Jones,27,Mid,13,64.0810186732504,Prime
2022,St Kilda,992374,Dan Butler,26,Gen Fwd,19,54.3442337666354,Prime
2022,St Kilda,992468,Rowan Marshall,26,Ruck,21,91.8583331288701,Prime
2022,St Kilda,993480,Dougal Howard,26,Key Def,17,67.0061327888557,Prime
2022,St Kilda,993917,Ben Long,25,Gen Fwd,19,64.254782503624,Established Youth
2022,St Kilda,994389,Jack Sinclair,27,Gen Def,22,113.777893939818,Prime
2022,St Kilda,998134,Josh Battle,24,Key Def,21,71.8481338811506,Established Youth
2022,St Kilda,998195,Tom Highmore,24,Gen Def,3,57.2117026626047,Established Youth
2022,Sydney Swans,1002291,James Bell,23,Gen Fwd,6,35.63928569112,Established Youth
2022,Sydney Swans,1003203,Hayden McLean,23,Key Fwd,9,64.3421392277909,Established Youth
2022,Sydney Swans,1004848,Dylan Stephens,21,Wing,15,64.4801009905396,Rising Stars
2022,Sydney Swans,1004880,Ben Ronke,24,Gen Fwd,8,53.4094961388439,Established Youth
2022,Sydney Swans,1006028,Nick Blakey,22,Gen Def,24,82.8984882251138,Established Youth
2022,Sydney Swans,1006126,James Rowbottom,22,Mid,24,87.0138448655183,Established Youth
2022,Sydney Swans,1006232,Sam Wicks,22,Gen Fwd,10,47.2162884466946,Established Youth
2022,Sydney Swans,1008091,Joel Amartey,22,Key Fwd,6,44.8279964295485,Established Youth
2022,Sydney Swans,1008198,Tom McCartin,22,Key Def,25,59.8902522540322,Established Youth
2022,Sydney Swans,1011936,Justin McInerney,22,Wing,22,68.6981248247582,Established Youth
2022,Sydney Swans,1012014,Chad Warner,21,Mid,24,96.7749345959437,Rising Stars
2022,Sydney Swans,1012210,Matt Roberts,19,Wing,1,8.31215331440982,Rising Stars
2022,Sydney Swans,1013128,Errol Gulden,20,Mid-Fwd,25,84.3091229199003,Rising Stars
2022,Sydney Swans,1013133,Braeden Campbell,20,Gen Def,17,48.5874088930245,Rising Stars
2022,Sydney Swans,1013230,Logan McDonald,20,Key Fwd,17,50.3480916663734,Rising Stars
2022,Sydney Swans,1020339,Angus Sheldrick,18,Gen Fwd,2,43.4512875467748,Rising Stars
2022,Sydney Swans,240399,Lance Franklin,35,Key Fwd,23,72.9511270771811,Old Timers
2022,Sydney Swans,260382,Josh P. Kennedy,34,Wing,11,65.5627798852149,Old Timers
2022,Sydney Swans,290188,Sam Reid,30,Key Fwd,18,79.8261855875191,Veterans
2022,Sydney Swans,290307,Dane Rampe,32,Key Def,25,60.308590130021,Veterans
2022,Sydney Swans,290778,Luke Parker,29,Mid,25,104.371095222691,Prime
2022,Sydney Swans,291848,Robbie Fox,29,Gen Def,14,78.3640163160013,Prime
2022,Sydney Swans,291978,Harry Cunningham,28,Gen Def,10,56.1885499572756,Prime
2022,Sydney Swans,294266,Tom Hickey,31,Ruck,16,90.2769793511526,Veterans
2022,Sydney Swans,295342,Jake Lloyd,28,Gen Def,24,91.4254101754828,Prime
2022,Sydney Swans,296211,Lewis Taylor,27,Mid,1,0,Prime
2022,Sydney Swans,298312,Paddy McCartin,26,Key Def,24,66.950704361902993,Prime
2022,Sydney Swans,298539,Isaac Heeney,26,Gen Fwd,25,97.5777929590853,Prime
2022,Sydney Swans,993905,Callum Mills,25,Mid,25,115.250531962135,Established Youth
2022,Sydney Swans,996442,Ryan Clarke,25,Gen Fwd,14,55.6214865573429,Established Youth
2022,Sydney Swans,996765,Tom Papley,26,Gen Fwd,19,80.6984400643038,Prime
2022,Sydney Swans,997100,Will Hayward,23,Gen Fwd,25,66.8510963213907,Established Youth
2022,Sydney Swans,997142,Peter Ladhams,24,Ruck,11,77.8239174868482,Established Youth
2022,Sydney Swans,997842,Colin O'Riordan,26,Gen Def,5,41.9586140301564,Prime
2022,Sydney Swans,998103,Oliver Florent,24,Gen Def,25,67.8806136037787,Established Youth
2022,West Coast Eagles,1002231,Patrick Naish,23,Wing,11,56.0076978351981,Established Youth
2022,West Coast Eagles,1002354,Stefan Giro,23,Gen Fwd,1,36.9954575995106,Established Youth
2022,West Coast Eagles,1002372,Hugh Dixon,23,Key Fwd,10,48.9751011195907,Established Youth
2022,West Coast Eagles,1003192,Connor West,23,Mid-Fwd,14,59.6551465168991,Established Youth
2022,West Coast Eagles,1004286,Zac Langdon,26,Gen Fwd,8,55.6832078399458,Prime
2022,West Coast Eagles,1004356,Brayden Ainsworth,23,Mid-Fwd,1,26.4577328420882,Established Youth
2022,West Coast Eagles,1004364,Liam Ryan,26,Gen Fwd,17,53.5612133336167,Prime
2022,West Coast Eagles,1005599,Luke Foley,22,Gen Def,16,55.644355448939,Established Youth
2022,West Coast Eagles,1006114,Bailey J. Williams,22,Ruck,17,55.2323626113811,Established Youth
2022,West Coast Eagles,1006550,Jack Petruccelle,23,Gen Fwd,8,52.7786114068089,Established Youth
2022,West Coast Eagles,1006576,Luke Edwards,20,Wing,3,44.1546733106102,Rising Stars
2022,West Coast Eagles,1008282,Xavier O'Neill,22,Mid,11,60.6274347644203,Established Youth
2022,West Coast Eagles,1009291,Isiah Winder,20,Gen Fwd,6,39.8965914252047,Rising Stars
2022,West Coast Eagles,1011243,Callum Jamieson,22,Ruck,9,45.4600987616902,Established Youth
2022,West Coast Eagles,1011437,Harry Edwards,22,Key Def,17,56.0248333957078,Established Youth
2022,West Coast Eagles,1011449,Zane Trew,20,Mid-Fwd,2,45.7963317285487,Rising Stars
2022,West Coast Eagles,1017718,Rhett Bazzo,18,Key Def,9,47.3450634032397,Rising Stars
2022,West Coast Eagles,1020371,Jack Williams,18,Ruck,1,-1.49792430142285,Rising Stars
2022,West Coast Eagles,1020802,Jai Culley,19,Mid,4,63.0539212966605,Rising Stars
2022,West Coast Eagles,1023167,Brady Hough,19,Wing,15,45.522942829604,Rising Stars
2022,West Coast Eagles,240283,Shannon Hurn,34,Gen Def,19,104.888706677706,Old Timers
2022,West Coast Eagles,240406,Josh J. Kennedy,35,Key Fwd,15,58.03719931622,Old Timers
2022,West Coast Eagles,271045,Nic Naitanui,32,Ruck,8,97.6889338548507,Veterans
2022,West Coast Eagles,280078,Luke Shuey,32,Mid,17,85.4980855951314,Veterans
2022,West Coast Eagles,281373,Jack Redden,31,Mid,21,93.8243145884983,Veterans
2022,West Coast Eagles,290801,Andrew Gaff,30,Wing,16,84.3621298600284,Veterans
2022,West Coast Eagles,290826,Jamie Cripps,30,Gen Fwd,17,72.5127638503775,Veterans
2022,West Coast Eagles,290838,Jack Darling,30,Key Fwd,21,68.3058338861775,Veterans
2022,West Coast Eagles,291589,Aaron Black,29,Gen Fwd,1,73.634578336973,Prime
2022,West Coast Eagles,292128,Elliot Yeo,28,Gen Def,5,68.0770246363692,Prime
2022,West Coast Eagles,294178,Angus Dewar,29,Gen Def,1,54.1661028558428,Prime
2022,West Coast Eagles,294859,Jeremy McGovern,30,Key Def,10,87.8374364783696,Veterans
2022,West Coast Eagles,295898,Tim Kelly,28,Mid,17,86.3830692183195,Prime
2022,West Coast Eagles,296225,Willie Rioli,27,Mid-Fwd,13,62.1515033325746,Prime
2022,West Coast Eagles,296296,Dom Sheed,27,Mid,1,66.9913714990586,Prime
2022,West Coast Eagles,298268,Liam Duggan,25,Gen Def,20,79.0276192059875,Established Youth
2022,West Coast Eagles,298298,Jackson Nelson,26,Wing,13,58.0498216786603,Prime
2022,West Coast Eagles,990290,Tom Barrass,26,Key Def,19,92.7962973178471,Prime
2022,West Coast Eagles,990978,Greg Clark,25,Wing,9,45.4681075157721,Established Youth
2022,West Coast Eagles,994539,Sam Petrevski-Seton,24,Gen Fwd,14,55.0815453974526,Established Youth
2022,West Coast Eagles,996554,Jake Waterman,24,Key Fwd,20,59.4962923550005,Established Youth
2022,West Coast Eagles,996603,Jake Florenca,25,Mid,1,101.638183161343,Established Youth
2022,West Coast Eagles,997823,Josh Rotham,24,Gen Def,13,53.4509694281987,Established Youth
2022,West Coast Eagles,998128,Alex Witherden,24,Gen Def,13,100.400825187227,Established Youth
2022,West Coast Eagles,998192,Luke Strnadica,24,Ruck,2,66.1258662768419,Established Youth
2022,West Coast Eagles,998791,Jamaine Jones,24,Gen Def,18,64.3387771020018,Established Youth
2022,West Coast Eagles,999724,Declan Mountford,25,Mid,2,36.5951731908934,Established Youth
2022,Western Bulldogs,1001449,Mitch Hannan,28,Gen Def,7,48.3391112452236,Prime
2022,Western Bulldogs,1002404,Aaron Naughton,22,Key Fwd,22,78.0238802631993,Established Youth
2022,Western Bulldogs,1004592,Tim English,25,Ruck,16,105.35165925629,Established Youth
2022,Western Bulldogs,1005000,Laitham Vandermeer,23,Gen Fwd,10,46.6287078137218,Established Youth
2022,Western Bulldogs,1006127,Rhylee West,22,Gen Fwd,14,65.9629266645507,Established Youth
2022,Western Bulldogs,1006130,Bailey Smith,21,Mid,17,98.167300337669,Rising Stars
2022,Western Bulldogs,1006533,Riley Garcia,21,Gen Fwd,7,43.0373925058115,Rising Stars
2022,Western Bulldogs,1008280,Ed Richards,23,Gen Def,22,81.8658112066018,Established Youth
2022,Western Bulldogs,1009015,Lachlan McNeil,20,Mid-Fwd,16,44.381032712618,Rising Stars
2022,Western Bulldogs,1009301,Jamarra Ugle-Hagan,20,Key Fwd,17,46.5438881665541,Rising Stars
2022,Western Bulldogs,1011803,Cody Weightman,21,Gen Fwd,21,53.0308813534673,Rising Stars
2022,Western Bulldogs,1011992,Louis Butler,21,Wing,1,42.6611158768167,Rising Stars
2022,Western Bulldogs,1015822,Dominic Bedendo,20,Wing,2,30.6664604954067,Rising Stars
2022,Western Bulldogs,1015929,Luke Cleary,20,Gen Def,4,68.3017874420864,Rising Stars
2022,Western Bulldogs,1017126,Sam Darcy,19,Key Def,4,51.96391082419,Rising Stars
2022,Western Bulldogs,280763,Stefan Martin,35,Ruck,4,57.321969286795,Old Timers
2022,Western Bulldogs,290085,Taylor Duryea,31,Gen Def,12,56.5092413137977,Veterans
2022,Western Bulldogs,290797,Alex Keath,30,Key Def,15,56.3312707884553,Veterans
2022,Western Bulldogs,290799,Tom Liberatore,30,Mid,22,104.709825273821,Veterans
2022,Western Bulldogs,291492,Josh Bruce,30,Key Fwd,5,36.7492487001943,Veterans
2022,Western Bulldogs,291545,Mitch Wallis,29,Gen Fwd,5,42.0433948180398,Prime
2022,Western Bulldogs,291790,Adam Treloar,29,Mid,22,95.7487487120798,Prime
2022,Western Bulldogs,293651,Hayden Crozier,28,Gen Def,5,49.5355354682174,Prime
2022,Western Bulldogs,294101,Jason Johannisen,29,Gen Fwd,8,59.7073205107273,Prime
2022,Western Bulldogs,294557,Lachie Hunter,27,Wing,10,73.49301476619,Prime
2022,Western Bulldogs,295136,Caleb Daniel,26,Gen Def,19,90.9229058318055,Prime
2022,Western Bulldogs,295467,Jack Macrae,28,Mid,23,115.783377148987,Prime
2022,Western Bulldogs,296041,Tim O'Brien,28,Key Def,11,62.6152136673167,Prime
2022,Western Bulldogs,296588,Robbie McComb,26,Mid-Fwd,15,44.3199593550153,Prime
2022,Western Bulldogs,297373,Marcus Bontempelli,26,Mid,22,116.826808659642,Prime
2022,Western Bulldogs,991939,Zaine Cordy,25,Key Def,14,47.382709933207,Established Youth
2022,Western Bulldogs,992048,Anthony Scott,27,Wing,14,54.8670660160132,Prime
2022,Western Bulldogs,992054,Roarke Smith,26,Wing,10,61.2268661548805,Prime
2022,Western Bulldogs,992330,Jordon Sweet,24,Ruck,6,71.0395999103501,Established Youth
2022,Western Bulldogs,992351,Bailey Williams,24,Wing,22,57.0540279752811,Established Youth
2022,Western Bulldogs,993834,Josh Dunkley,25,Mid-Fwd,23,108.894849660366,Established Youth
2022,Western Bulldogs,993841,Josh Schache,25,Key Fwd,7,43.914058273899,Established Youth
2022,Western Bulldogs,996483,Toby McLean,26,Mid-Fwd,2,99.8922231582002,Prime
2022,Western Bulldogs,996708,Bailey Dale,26,Gen Def,23,100.992312774879,Prime
2022,Western Bulldogs,997501,Ryan Gardner,25,Key Def,22,63.1751503075011,Established Youth
2022,Western Bulldogs,998782,Buku Khamis,22,Key Fwd,8,49.2951211609584,Established Youth
2023,Adelaide Crows,1000932,Tom Doedee,26,Gen Def,11,68.1494061405572,Prime
2023,Adelaide Crows,1000998,Lachlan Murphy,24,Gen Fwd,22,68.1875679794379,Established Youth
2023,Adelaide Crows,1001195,Izak Rankine,23,Gen Fwd,20,82.564805637495,Established Youth
2023,Adelaide Crows,1004863,Mitchell Hinge,25,Gen Def,22,84.979376205364,Established Youth
2023,Adelaide Crows,1004995,Jordon Butts,23,Key Def,17,41.6974709254721,Established Youth
2023,Adelaide Crows,1005199,Elliott Himmelberg,25,Key Fwd,3,52.3024180546788,Established Youth
2023,Adelaide Crows,1006136,Lachlan Sholl,23,Wing,16,67.5318866199383,Established Youth
2023,Adelaide Crows,1006203,Chayce Jones,23,Wing,18,73.4646378219982,Established Youth
2023,Adelaide Crows,1008171,Tyler Brown,23,Mid,1,17.2523828232448,Established Youth
2023,Adelaide Crows,1008185,Ned McHenry,23,Gen Fwd,11,41.9738428018359,Established Youth
2023,Adelaide Crows,1008230,Nick Murray,22,Key Def,17,60.0542219581674,Established Youth
2023,Adelaide Crows,1008384,Riley Thilthorpe,21,Key Fwd,21,59.3576361376237,Rising Stars
2023,Adelaide Crows,1008543,Harry Schoenberg,22,Mid,11,52.3049052609448,Established Youth
2023,Adelaide Crows,1009029,James Borlase,21,Key Def,4,58.2306636731144,Rising Stars
2023,Adelaide Crows,1011981,Josh Worrell,22,Key Def,12,74.5946755233004,Established Youth
2023,Adelaide Crows,1012218,Luke Pedlar,21,Gen Fwd,21,55.7801004062656,Rising Stars
2023,Adelaide Crows,1012807,Sam Berry,21,Mid,4,50.7485481247476,Rising Stars
2023,Adelaide Crows,1013153,Patrick Parnell,21,Gen Def,5,48.8736168726781,Rising Stars
2023,Adelaide Crows,1013974,Mark Keane,23,Key Def,5,64.7747229518267,Established Youth
2023,Adelaide Crows,1015370,Max Michalanney,19,Gen Def,22,56.13120505313,Rising Stars
2023,Adelaide Crows,1017051,Josh Rachele,20,Gen Fwd,21,73.9357119213317,Rising Stars
2023,Adelaide Crows,1017109,Jake Soligo,20,Wing,21,73.044590577076,Rising Stars
2023,Adelaide Crows,1018075,Lachlan Gollant,22,Key Fwd,4,61.7687640803997,Established Youth
2023,Adelaide Crows,1018335,Brayden Cook,21,Wing,1,69.7260523589276,Rising Stars
2023,Adelaide Crows,1021031,Luke Nankervis,20,Gen Def,4,54.2497167482924,Rising Stars
2023,Adelaide Crows,270963,Rory Sloane,33,Mid,22,76.98834822124,Veterans
2023,Adelaide Crows,280506,Taylor Walker,33,Key Fwd,22,89.575487688373,Veterans
2023,Adelaide Crows,291748,Brodie Smith,31,Gen Def,22,82.266732886467,Veterans
2023,Adelaide Crows,293222,Rory Laird,29,Mid,22,116.824431159544,Prime
2023,Adelaide Crows,297401,Matt Crouch,28,Mid,7,97.4748203977519,Prime
2023,Adelaide Crows,297523,Reilly O'Brien,28,Ruck,23,95.9051819670379,Prime
2023,Adelaide Crows,298470,Shane McAdam,28,Gen Fwd,7,67.019385486683,Prime
2023,Adelaide Crows,990882,Wayne Milera,26,Gen Def,22,77.4621283621663,Prime
2023,Adelaide Crows,992242,Jordan Dawson,26,Mid,23,116.006122030288,Prime
2023,Adelaide Crows,993946,Ben Keays,26,Gen Fwd,23,80.5443813792539,Prime
2023,Adelaide Crows,999309,Jackson Hately,22,Mid,1,12.6375631344535,Established Youth
2023,Adelaide Crows,999331,Darcy Fogarty,24,Key Fwd,21,68.0488316779725,Established Youth
2023,Brisbane Lions,1000978,Hugh McCluggage,25,Mid,25,96.5253717694152,Established Youth
2023,Brisbane Lions,1002235,Cam Rayner,23,Gen Fwd,26,68.4141808304649,Established Youth
2023,Brisbane Lions,1002312,Zac Bailey,24,Mid-Fwd,24,76.6175205389894,Established Youth
2023,Brisbane Lions,1002347,Jack Payne,23,Key Def,23,55.7832261848136,Established Youth
2023,Brisbane Lions,1002401,Brandon Starcevich,24,Gen Def,26,55.3774665841616,Established Youth
2023,Brisbane Lions,1003520,Darragh Joyce,26,Key Def,5,45.1979232318958,Prime
2023,Brisbane Lions,1005053,Noah Answerth,24,Gen Fwd,4,34.8533748811232,Established Youth
2023,Brisbane Lions,1005521,Oscar McInerney,29,Ruck,25,94.2020539251605,Prime
2023,Brisbane Lions,1006059,Keidean Coleman,23,Gen Def,23,76.2828845577313,Established Youth
2023,Brisbane Lions,1007099,Harry Sharp,20,Wing,3,51.6708194757826,Rising Stars
2023,Brisbane Lions,1009385,Deven Robertson,22,Mid-Fwd,16,44.8620750050069,Established Youth
2023,Brisbane Lions,1009386,Jaxon Prior,22,Gen Def,5,38.8246017542379,Established Youth
2023,Brisbane Lions,1013978,James Madden,23,Gen Def,2,26.6560256439272,Established Youth
2023,Brisbane Lions,1014026,Kai Lohmann,20,Gen Fwd,6,29.3605092056309,Rising Stars
2023,Brisbane Lions,1017067,Darcy Wilmot,19,Gen Def,26,70.2980178163228,Rising Stars
2023,Brisbane Lions,1021108,James Tunstill,20,Gen Fwd,2,21.984874382847,Rising Stars
2023,Brisbane Lions,1023517,Will Ashcroft,19,Mid,18,84.5852341093707,Rising Stars
2023,Brisbane Lions,1023708,Jaspa Fletcher,19,Wing,14,55.0914000654573,Rising Stars
2023,Brisbane Lions,261224,Dayne Zorko,34,Mid-Fwd,20,82.8335935006198,Old Timers
2023,Brisbane Lions,271072,Daniel Rich,33,Gen Def,7,80.9734112879511,Veterans
2023,Brisbane Lions,291351,Jack Gunston,31,Key Fwd,17,53.0477798971906,Veterans
2023,Brisbane Lions,291548,Ryan Lester,31,Key Def,19,74.9204853873551,Veterans
2023,Brisbane Lions,293535,Lachie Neale,30,Mid,26,107.704474300376,Veterans
2023,Brisbane Lions,293581,Lincoln McCarthy,29,Gen Fwd,24,61.0904026428611,Prime
2023,Brisbane Lions,293716,Jarryd Lyons,31,Mid,10,39.0212905016068,Veterans
2023,Brisbane Lions,294518,Joe Daniher,29,Key Fwd,26,84.1799402055293,Prime
2023,Brisbane Lions,296269,Darcy Gardiner,28,Key Def,4,56.7769292049334,Prime
2023,Brisbane Lions,298211,Darcy Fort,30,Ruck,7,54.0071913828024,Veterans
2023,Brisbane Lions,298437,Callum Ah Chee,25,Wing,12,60.0762438835873,Established Youth
2023,Brisbane Lions,990609,Charlie Cameron,29,Gen Fwd,26,71.7775678241969,Prime
2023,Brisbane Lions,993834,Josh Dunkley,26,Mid,24,113.392078336355,Prime
2023,Brisbane Lions,993953,Eric Hipwood,26,Key Fwd,26,62.9606065248265,Prime
2023,Brisbane Lions,996059,Harris Andrews,26,Key Def,26,88.7154438157618,Prime
2023,Brisbane Lions,997846,Conor McKenna,27,Gen Def,26,63.97288713921,Prime
2023,Brisbane Lions,998133,Jarrod Berry,25,Wing,25,74.3304374001728,Established Youth
2023,Carlton,1000953,Harry McKay,25,Key Fwd,21,70.6400867322225,Established Youth
2023,Carlton,1001028,Jack Silvagni,25,Key Fwd,16,68.8207072171796,Established Youth
2023,Carlton,1001398,Matthew Kennedy,26,Mid,16,70.2097846236068,Prime
2023,Carlton,1002228,Lachie Fogarty,24,Gen Fwd,12,58.8515028779843,Established Youth
2023,Carlton,1002239,Adam Cerra,23,Mid,22,106.598367902541,Established Youth
2023,Carlton,1002256,Paddy Dow,23,Mid,10,54.8864280277444,Established Youth
2023,Carlton,1002259,Lochie O'Brien,24,Mid-Fwd,6,26.7327282025989,Established Youth
2023,Carlton,1002795,Jordan Boyd,24,Gen Def,9,54.0410569049072,Established Youth
2023,Carlton,1002938,Josh Honey,21,Gen Fwd,6,32.9159011905605,Rising Stars
2023,Carlton,1004912,Tom De Koning,24,Ruck,19,74.9582204657628,Established Youth
2023,Carlton,1006094,Sam Walsh,23,Mid,18,106.133437287405,Established Youth
2023,Carlton,1008154,Matthew Cottrell,23,Mid-Fwd,17,61.5946707956016,Established Youth
2023,Carlton,1008510,Corey Durdin,21,Gen Fwd,11,52.5524863875637,Rising Stars
2023,Carlton,1009241,Brodie Kemp,22,Key Def,17,70.9740183919898,Established Youth
2023,Carlton,1013233,Jack Carroll,20,Mid,1,9.10570876140142,Rising Stars
2023,Carlton,1013973,Matthew Owies,26,Gen Fwd,18,53.6759775873362,Prime
2023,Carlton,1016268,Alex Cincotta,26,Gen Def,19,52.1454742661054,Prime
2023,Carlton,1017700,Jesse Motlop,19,Gen Fwd,21,50.5965770825119,Rising Stars
2023,Carlton,1021353,Lachlan Cowan,18,Gen Def,7,42.320811693428,Rising Stars
2023,Carlton,1023495,Oliver Hollands,19,Wing,19,56.5591687717824,Rising Stars
2023,Carlton,270146,Ed Curnow,33,Mid-Fwd,17,50.8954396139176,Veterans
2023,Carlton,294036,George Hewett,27,Mid,22,79.6677584052448,Prime
2023,Carlton,294624,Lachie Plowman,28,Gen Def,1,47.0435595041365,Prime
2023,Carlton,295461,Adam Saad,29,Gen Def,25,89.3711975631834,Prime
2023,Carlton,295518,Sam Docherty,29,Mid,23,99.0598156509431,Prime
2023,Carlton,296190,Jack Martin,28,Gen Fwd,13,59.3797683455577,Prime
2023,Carlton,296294,Blake Acres,27,Wing,25,87.0849728073115,Prime
2023,Carlton,297255,Mitch McGovern,28,Gen Def,22,81.7525524080668,Prime
2023,Carlton,297907,Nic Newman,30,Gen Def,24,99.3252060883843,Veterans
2023,Carlton,298290,Marc Pittonet,27,Ruck,18,67.5769446909549,Prime
2023,Carlton,298302,Caleb Marchbank,26,Key Def,8,60.5075994295241,Prime
2023,Carlton,990704,Patrick Cripps,28,Mid,24,96.5487130575271,Prime
2023,Carlton,993795,David Cuningham,26,Gen Fwd,12,58.9045352813874,Prime
2023,Carlton,993832,Jacob Weitering,25,Key Def,26,86.9591579894767,Established Youth
2023,Carlton,996731,Charlie Curnow,26,Key Fwd,26,93.0007151995795,Prime
2023,Carlton,997316,Lewis Young,24,Key Def,15,66.1192632597349,Established Youth
2023,Carlton,999827,Zac Fisher,25,Gen Fwd,12,67.7703338156154,Established Youth
2023,Collingwood,1000072,John Noble,26,Gen Def,23,79.9638792471942,Prime
2023,Collingwood,1003130,Patrick Lipinski,25,Gen Fwd,14,67.4160708779952,Established Youth
2023,Collingwood,1004757,Beau McCreery,22,Gen Fwd,25,53.4882471581617,Established Youth
2023,Collingwood,1005054,Josh Daicos,24,Wing,26,93.293169113308707,Established Youth
2023,Collingwood,1005107,Nathan Murphy,23,Key Def,24,58.1101958750556,Established Youth
2023,Collingwood,1006148,Bobby Hill,23,Gen Fwd,24,61.5781831260412,Established Youth
2023,Collingwood,1008089,Isaac Quaynor,23,Gen Def,26,76.1672980824195,Established Youth
2023,Collingwood,1008285,William Kelly,23,Wing,2,28.2146698223958,Established Youth
2023,Collingwood,1009186,Trent Bianco,22,Wing,1,19.77633887177,Established Youth
2023,Collingwood,1009383,Trey Ruscoe,21,Gen Def,1,90.042523383051,Rising Stars
2023,Collingwood,1012828,Finlay Macrae,21,Gen Fwd,1,39.5635550587079,Rising Stars
2023,Collingwood,1012857,Jack Ginnivan,20,Gen Fwd,14,46.3447505545862,Rising Stars
2023,Collingwood,1013278,Reef McInnes,20,Key Fwd,5,21.2414392017899,Rising Stars
2023,Collingwood,1015332,Harvey Harrison,19,Gen Fwd,4,40.1885735462926,Rising Stars
2023,Collingwood,1020104,Jakob Ryan,18,Gen Def,1,12.2320991257737,Rising Stars
2023,Collingwood,1023261,Nick Daicos,20,Mid,22,116.271571192999,Rising Stars
2023,Collingwood,1027021,Josh Carmichael,24,Gen Fwd,1,14.5538965949688,Established Youth
2023,Collingwood,260257,Scott Pendlebury,35,Mid,25,94.7467762792558,Old Timers
2023,Collingwood,280965,Steele Sidebottom,32,Wing,20,87.5187545647452,Veterans
2023,Collingwood,291313,Jeremy Howe,33,Key Def,14,77.464324693134,Veterans
2023,Collingwood,291720,Will Hoskin-Elliott,30,Wing,23,57.8711174278868,Veterans
2023,Collingwood,291776,Taylor Adams,30,Mid-Fwd,23,77.3019352985896,Veterans
2023,Collingwood,291849,Brody Mihocek,30,Key Fwd,24,66.0532275445617,Veterans
2023,Collingwood,291856,Tom Mitchell,30,Mid,26,97.0437058602831,Veterans
2023,Collingwood,293801,Jamie Elliott,31,Gen Fwd,24,71.8205544059162,Veterans
2023,Collingwood,293871,Jack Crisp,30,Mid,26,90.7192984037935,Veterans
2023,Collingwood,297504,Daniel McStay,28,Key Fwd,14,58.1039012453926,Prime
2023,Collingwood,298288,Darcy Moore,27,Key Def,24,87.0769479919524,Prime
2023,Collingwood,298358,Oleg Markov,27,Gen Def,23,54.4958917363999,Prime
2023,Collingwood,990291,Darcy Cameron,28,Ruck,19,92.2728445699063,Prime
2023,Collingwood,991773,Billy Frampton,26,Key Def,16,55.5739251514608,Prime
2023,Collingwood,992010,Brayden Maynard,26,Gen Def,25,80.8513453383228,Prime
2023,Collingwood,993797,Tom Wilson,26,Mid-Fwd,1,15.8491584674473,Prime
2023,Collingwood,994185,Jordan De Goey,27,Mid,21,95.694201504434,Prime
2023,Collingwood,997254,Nathan Kreuger,24,Ruck,2,8.4318121186054,Established Youth
2023,Collingwood,997974,Ash Johnson,25,Key Fwd,15,50.3295653013932,Established Youth
2023,Collingwood,998647,Mason Cox,32,Ruck,19,63.6842279675676,Veterans
2023,Essendon,1001026,Jordan Ridley,24,Key Def,17,94.9168606089218,Established Youth
2023,Essendon,1004034,Brandon Zerk-Thatcher,25,Key Def,22,67.1954293448437,Established Youth
2023,Essendon,1005144,Massimo D'Ambrosio,20,Gen Def,8,40.3340942200681,Rising Stars
2023,Essendon,1005577,Sam Draper,24,Ruck,14,75.5631808125743,Established Youth
2023,Essendon,1006103,Jye Caldwell,22,Mid-Fwd,21,78.1682027321338,Established Youth
2023,Essendon,1008975,Kaine Baldwin,21,Key Def,4,64.5926009292393,Rising Stars
2023,Essendon,1011755,Harrison Jones,22,Key Fwd,5,48.5384018193068,Established Youth
2023,Essendon,1011954,Nick Bryan,21,Ruck,8,66.4802577090051,Rising Stars
2023,Essendon,1012013,Nic Martin,22,Wing,23,88.1433795374978,Established Youth
2023,Essendon,1013201,Jye Menzie,20,Gen Fwd,21,46.8689297702714,Rising Stars
2023,Essendon,1015810,Sam Durham,22,Wing,22,65.1491965018016,Established Youth
2023,Essendon,1015827,Nik Cox,21,Wing,6,46.4663997553551,Rising Stars
2023,Essendon,1015873,Archie Perkins,21,Gen Fwd,23,65.9555217357281,Rising Stars
2023,Essendon,1017088,Ben Hobbs,20,Mid,18,74.137979453284,Rising Stars
2023,Essendon,1017933,Alwyn Davey,19,Gen Fwd,10,37.2522106805986,Rising Stars
2023,Essendon,1023785,Elijah Tsatas,18,Mid-Fwd,4,55.0751632222048,Rising Stars
2023,Essendon,290629,Dyson Heppell,31,Gen Def,22,80.477949372862,Veterans
2023,Essendon,291783,Dylan Shiel,30,Mid,12,69.6447807515894,Veterans
2023,Essendon,293884,Jake Stringer,29,Gen Fwd,17,64.6657242575858,Prime
2023,Essendon,294068,Andrew Phillips,32,Ruck,20,60.0172970831002,Veterans
2023,Essendon,294092,Anthony McDonald-Tipungwuti,30,Gen Fwd,7,34.4307000942154,Veterans
2023,Essendon,297452,Nick Hind,29,Gen Def,16,70.0127146381383,Prime
2023,Essendon,297473,Jake Kelly,28,Gen Def,17,61.1768182935004,Prime
2023,Essendon,298280,Jayden Laverde,27,Key Def,19,72.2187785948291,Prime
2023,Essendon,298289,Peter Wright,26,Key Fwd,10,64.4112970172961,Prime
2023,Essendon,298630,Kyle Langford,26,Key Fwd,23,79.1101229878695,Prime
2023,Essendon,990606,Will Snelling,26,Gen Fwd,15,52.1525497310342,Prime
2023,Essendon,992016,Zach Merrett,27,Mid,22,116.424190217899,Prime
2023,Essendon,993806,Sam Weideman,26,Key Fwd,16,49.0623587025602,Prime
2023,Essendon,993817,Darcy Parish,26,Mid,18,108.188860093447,Prime
2023,Essendon,996232,Matt Guelfi,26,Gen Fwd,13,54.233672857596,Prime
2023,Essendon,997078,Mason Redman,26,Gen Def,23,91.1414508444797,Prime
2023,Essendon,998102,Andrew McGrath,25,Gen Def,23,86.9832893931245,Established Youth
2023,Essendon,998215,Will Setterfield,25,Mid,10,84.9331440257507,Established Youth
2023,Fremantle,1000860,Lachie Schultz,25,Gen Fwd,23,79.0947542559739,Established Youth
2023,Fremantle,1002232,Andrew Brayshaw,23,Mid,23,109.125122119443,Established Youth
2023,Fremantle,1005547,Josh Corbett,27,Key Fwd,5,32.5298300911554,Prime
2023,Fremantle,1005988,Liam Henry,22,Wing,16,71.8487529326054,Established Youth
2023,Fremantle,1006152,Jordan Clark,22,Gen Def,23,82.264488639307,Established Youth
2023,Fremantle,1009256,Hayden Young,22,Gen Def,22,94.1023858863325,Established Youth
2023,Fremantle,1009399,Luke Jackson,22,Ruck,23,97.8644940551691,Established Youth
2023,Fremantle,1009410,Brandon Walker,20,Gen Def,14,45.9271470353601,Rising Stars
2023,Fremantle,1009420,Caleb Serong,22,Mid,22,111.200335331493,Established Youth
2023,Fremantle,1012819,Josh Treacy,21,Key Fwd,17,56.4332948584575,Rising Stars
2023,Fremantle,1013220,Nathan O'Driscoll,21,Wing,10,49.8580630487392,Rising Stars
2023,Fremantle,1013224,Heath Chapman,21,Gen Def,3,64.5092116379624,Rising Stars
2023,Fremantle,1013611,Sam Sturt,23,Gen Fwd,14,44.8466535259496,Established Youth
2023,Fremantle,1016825,Matthew Johnson,20,Wing,18,54.0350424077766,Rising Stars
2023,Fremantle,1020250,Neil Erasmus,19,Wing,14,42.6343906271695,Rising Stars
2023,Fremantle,1020594,Jye Amiss,20,Key Fwd,22,53.9062843478165,Rising Stars
2023,Fremantle,1020695,Tom Emmett,21,Gen Fwd,2,81.3846121985201,Rising Stars
2023,Fremantle,1021015,Karl Worner,21,Gen Def,4,30.0564909851253,Rising Stars
2023,Fremantle,1031801,Ethan Stanley,19,Wing,2,13.0405058650497,Rising Stars
2023,Fremantle,281007,Michael Walters,32,Gen Fwd,20,55.3018630085575,Veterans
2023,Fremantle,291570,Nat Fyfe,32,Mid-Fwd,9,50.7564655835243,Veterans
2023,Fremantle,293854,Matt Taberner,30,Key Fwd,4,38.7478215452898,Veterans
2023,Fremantle,294125,Nathan Wilson,30,Gen Def,4,57.5112850967958,Veterans
2023,Fremantle,294613,Jaeger O'Meara,29,Mid,21,80.3919666130308,Prime
2023,Fremantle,295067,James Aish,27,Wing,20,73.1589532194208,Prime
2023,Fremantle,295222,Joel Hamling,30,Key Def,4,59.0741716283176,Veterans
2023,Fremantle,298409,Alex Pearce,28,Key Def,23,58.9081681269414,Prime
2023,Fremantle,992059,Sam Switkowski,26,Gen Fwd,22,67.7543271850836,Prime
2023,Fremantle,993940,Corey Wagner,26,Gen Def,9,73.3042182190543,Prime
2023,Fremantle,996580,Ethan Hughes,28,Gen Def,20,58.5522779321557,Prime
2023,Fremantle,997033,Brennan Cox,25,Key Def,20,87.827416022881,Established Youth
2023,Fremantle,998129,Will Brodie,25,Mid,5,70.9196204503132,Established Youth
2023,Fremantle,998145,Sean Darcy,25,Ruck,15,105.45336054459,Established Youth
2023,Fremantle,998180,Bailey Banfield,25,Gen Fwd,14,56.1714562036803,Established Youth
2023,Fremantle,998659,Luke Ryan,27,Gen Def,23,109.482924152265,Prime
2023,Fremantle,999321,Michael Frederick,23,Gen Fwd,19,60.4399975748893,Established Youth
2023,GWS GIANTS,1001396,Isaac Cumming,25,Gen Def,20,68.3551068186552,Established Youth
2023,GWS GIANTS,1002251,Brent Daniels,24,Gen Fwd,20,76.1599308806797,Established Youth
2023,GWS GIANTS,1004530,Jacob Wehr,25,Wing,4,26.1761531949601,Established Youth
2023,GWS GIANTS,1005247,Sam Taylor,24,Key Def,18,83.3085941472264,Established Youth
2023,GWS GIANTS,1006013,James Peatling,23,Gen Fwd,10,49.5812421883369,Established Youth
2023,GWS GIANTS,1006135,Xavier O'Halloran,23,Gen Fwd,15,51.9245474639035,Established Youth
2023,GWS GIANTS,1008083,Connor Idun,23,Gen Def,26,80.6185364016108,Established Youth
2023,GWS GIANTS,1008123,Jake Riccardi,23,Key Fwd,21,52.3063070883546,Established Youth
2023,GWS GIANTS,1008139,Toby Bedford,23,Gen Fwd,19,60.9439680843237,Established Youth
2023,GWS GIANTS,1008436,Kieren Briggs,23,Ruck,17,105.163619053694,Established Youth
2023,GWS GIANTS,1009253,Lachie Ash,22,Gen Def,26,84.5854898347012,Established Youth
2023,GWS GIANTS,1009528,Tom Green,22,Mid,22,111.475395040909,Established Youth
2023,GWS GIANTS,1009708,Jack Buckley,25,Key Def,26,78.7858661841118,Established Youth
2023,GWS GIANTS,1012863,Cameron Fleeton,21,Gen Def,2,45.3516881184353,Rising Stars
2023,GWS GIANTS,1014038,Callum Brown,23,Gen Fwd,19,59.4826749973719,Established Youth
2023,GWS GIANTS,1015777,Ryan Angwin,20,Wing,15,39.8260198599987,Rising Stars
2023,GWS GIANTS,1015862,Conor Stone,21,Gen Fwd,3,15.9516225984807,Rising Stars
2023,GWS GIANTS,1017093,Cooper Hamilton,20,Wing,4,40.0496404301673,Rising Stars
2023,GWS GIANTS,1017751,Josh Fahey,19,Wing,7,27.0883967637098,Rising Stars
2023,GWS GIANTS,1019038,Aaron Cadman,19,Key Fwd,12,22.7990444566314,Rising Stars
2023,GWS GIANTS,1021122,Harry Rowston,19,Mid,7,32.910180710909,Rising Stars
2023,GWS GIANTS,1023266,Finn Callaghan,20,Wing,21,71.977226956091,Rising Stars
2023,GWS GIANTS,1027971,Toby McMullin,19,Gen Fwd,3,17.7003683207441,Rising Stars
2023,GWS GIANTS,280109,Callan Ward,33,Mid,25,74.3958486877468,Veterans
2023,GWS GIANTS,290314,Lachlan Keeffe,33,Key Fwd,14,37.919793463695,Veterans
2023,GWS GIANTS,290675,Daniel Lloyd,31,Gen Fwd,23,62.313519222914,Veterans
2023,GWS GIANTS,291509,Adam Kennedy,31,Gen Fwd,5,32.6563849378848,Veterans
2023,GWS GIANTS,291969,Stephen Coniglio,29,Mid,25,102.869954385253,Prime
2023,GWS GIANTS,294305,Lachie Whitfield,29,Gen Def,24,94.7926017575753,Prime
2023,GWS GIANTS,295265,Nick Haynes,31,Gen Def,20,69.6229530323825,Veterans
2023,GWS GIANTS,295344,Toby Greene,30,Gen Fwd,24,90.9403212374321,Veterans
2023,GWS GIANTS,296324,Jesse Hogan,28,Key Fwd,23,76.7138855853855,Prime
2023,GWS GIANTS,296347,Josh Kelly,28,Mid,22,102.158025535361,Prime
2023,GWS GIANTS,993107,Harry Himmelberg,27,Key Def,25,80.439333558575,Prime
2023,GWS GIANTS,993902,Matt Flynn,26,Ruck,9,88.3035764160564,Prime
2023,GWS GIANTS,998205,Harry Perryman,24,Gen Def,22,75.6063441935292,Established Youth
2023,Geelong Cats,1000937,Jack Henry,24,Key Def,11,66.358006906902,Established Youth
2023,Geelong Cats,1002220,Esava Ratugolea,25,Key Def,16,55.8095781264995,Established Youth
2023,Geelong Cats,1004870,Zach Guthrie,25,Gen Def,23,73.6693708579868,Established Youth
2023,Geelong Cats,1004938,Gryan Miers,24,Gen Fwd,23,80.7697865360801,Established Youth
2023,Geelong Cats,1004940,Sam Simpson,25,Gen Fwd,6,48.8428178902682,Established Youth
2023,Geelong Cats,1007102,Mark O'Connor,26,Gen Def,22,66.6721911217346,Prime
2023,Geelong Cats,1009229,Sam De Koning,22,Key Def,19,61.4945584920632,Established Youth
2023,Geelong Cats,1012805,Tanner Bruhn,21,Mid,19,68.8008245995567,Rising Stars
2023,Geelong Cats,1012860,Oliver Henry,21,Gen Fwd,22,59.5106605448404,Rising Stars
2023,Geelong Cats,1015889,Max Holmes,20,Wing,21,79.7916136541087,Rising Stars
2023,Geelong Cats,1016433,Shannon Neale,21,Key Fwd,3,44.7547261485155,Rising Stars
2023,Geelong Cats,1017063,Toby Conway,20,Ruck,1,45.8390763942554,Rising Stars
2023,Geelong Cats,1021090,Cooper Whyte,20,Gen Def,1,2.42682517636242,Rising Stars
2023,Geelong Cats,1021103,Mitch Knevitt,20,Wing,8,54.6084864662298,Rising Stars
2023,Geelong Cats,1023537,Jhye Clark,19,Mid,1,13.1959754941418,Rising Stars
2023,Geelong Cats,1023542,Ted Clohesy,18,Gen Fwd,1,21.9674770383829,Rising Stars
2023,Geelong Cats,1024982,Oisin Mullin,23,Gen Def,6,30.6569957053084,Established Youth
2023,Geelong Cats,1025034,Oliver Dempsey,20,Gen Fwd,5,33.409779390776,Rising Stars
2023,Geelong Cats,261510,Tom Hawkins,35,Key Fwd,20,78.5337730368162,Old Timers
2023,Geelong Cats,270917,Patrick Dangerfield,33,Mid,18,87.730006406315,Veterans
2023,Geelong Cats,280317,Rhys Stanley,32,Ruck,13,71.0280724211929,Veterans
2023,Geelong Cats,281065,Mitch Duncan,32,Gen Def,16,90.3056967282052,Veterans
2023,Geelong Cats,290550,Cameron Guthrie,31,Mid,6,83.466755633226,Veterans
2023,Geelong Cats,291327,Jonathon Ceglar,32,Ruck,6,80.2237917141164,Veterans
2023,Geelong Cats,291357,Gary Rohan,32,Gen Fwd,15,61.276767217201,Veterans
2023,Geelong Cats,291800,Tom Stewart,30,Gen Def,22,113.647795296228,Veterans
2023,Geelong Cats,292511,Zach Tuohy,33,Wing,20,72.477319687557,Veterans
2023,Geelong Cats,293845,Jeremy Cameron,30,Key Fwd,20,82.717220284327,Veterans
2023,Geelong Cats,293883,Jed Bews,29,Gen Def,15,44.852414529578,Prime
2023,Geelong Cats,294199,Sam Menegola,31,Mid-Fwd,1,60.062796634057,Veterans
2023,Geelong Cats,294877,Isaac Smith,34,Mid-Fwd,22,79.760831784777,Old Timers
2023,Geelong Cats,296291,Jake Kolodjashnij,28,Key Def,19,58.450131063813,Prime
2023,Geelong Cats,296733,Mark Blicavs,32,Ruck,19,91.6092366483941,Veterans
2023,Geelong Cats,298419,Brandan Parfitt,25,Mid,9,53.0622009745154,Established Youth
2023,Geelong Cats,994386,Tom Atkins,28,Mid,23,87.0109762676072,Prime
2023,Geelong Cats,997230,Tyson Stengle,24,Gen Fwd,19,57.4889942599676,Established Youth
2023,Geelong Cats,998260,Jack Bowes,25,Gen Def,17,61.1911156313713,Established Youth
2023,Geelong Cats,999326,Brad Close,25,Gen Fwd,21,66.637169035176,Established Youth
2023,Gold Coast SUNS,1000068,Chris Burgess,27,Key Fwd,1,33.1313714314232,Prime
2023,Gold Coast SUNS,1002242,Charlie Constable,24,Gen Def,2,61.8562747424589,Established Youth
2023,Gold Coast SUNS,1004095,Jack Lukosius,23,Key Fwd,22,76.0713500296815,Established Youth
2023,Gold Coast SUNS,1005986,Malcolm Rosas,22,Gen Fwd,19,51.4560826402396,Established Youth
2023,Gold Coast SUNS,1005992,Joel Jeffrey,21,Gen Fwd,7,58.8096066849082,Rising Stars
2023,Gold Coast SUNS,1006100,Thomas Berry,23,Gen Fwd,6,32.5306993024773,Established Youth
2023,Gold Coast SUNS,1006144,Ben King,23,Key Fwd,20,56.6797299565838,Established Youth
2023,Gold Coast SUNS,1007881,Wil Powell,24,Gen Def,18,91.9582222859441,Established Youth
2023,Gold Coast SUNS,1008454,Connor Budarick,22,Gen Def,2,77.271662782621,Established Youth
2023,Gold Coast SUNS,1008882,Charlie Ballard,24,Key Def,23,71.9266828163074,Established Youth
2023,Gold Coast SUNS,1009199,Noah Anderson,22,Mid,23,104.968686382767,Established Youth
2023,Gold Coast SUNS,1009208,Matt Rowell,22,Mid,23,102.380145297612,Established Youth
2023,Gold Coast SUNS,1009260,Sam Flanders,22,Mid-Fwd,14,88.5575336746358,Established Youth
2023,Gold Coast SUNS,1009320,Hewago Oea,21,Mid-Fwd,8,42.5091137168129,Rising Stars
2023,Gold Coast SUNS,1012862,Elijah Hollands,21,Wing,9,49.6641024907448,Rising Stars
2023,Gold Coast SUNS,1013268,Alex Davies,21,Mid-Fwd,9,58.1627277501567,Rising Stars
2023,Gold Coast SUNS,1017396,Mac Andrew,19,Key Def,17,54.5026247306463,Rising Stars
2023,Gold Coast SUNS,1017665,Bodhi Uwland,20,Gen Def,3,30.6708156577055,Rising Stars
2023,Gold Coast SUNS,1021013,Ned Moyle,21,Ruck,2,49.7019273312579,Rising Stars
2023,Gold Coast SUNS,1023500,Bailey Humphrey,18,Gen Fwd,19,59.2220595886776,Rising Stars
2023,Gold Coast SUNS,1024666,Lloyd Johnston,18,Gen Def,2,42.235286772646504,Rising Stars
2023,Gold Coast SUNS,281124,Levi Casboult,33,Key Fwd,20,54.7146784495901,Veterans
2023,Gold Coast SUNS,290832,David Swallow,30,Mid,23,75.5104783776138,Veterans
2023,Gold Coast SUNS,291753,Sam Day,30,Key Fwd,3,34.3207428027232,Veterans
2023,Gold Coast SUNS,291975,Jarrod Witts,30,Ruck,21,106.110128925443,Veterans
2023,Gold Coast SUNS,293713,Brandon Ellis,30,Wing,16,78.703266599483,Veterans
2023,Gold Coast SUNS,294013,Sean Lemmens,28,Gen Def,11,48.3693355496283,Prime
2023,Gold Coast SUNS,294472,Rory Atkins,29,Gen Def,17,72.1621161290293,Prime
2023,Gold Coast SUNS,294643,Alex Sexton,29,Gen Fwd,8,23.8201000954837,Prime
2023,Gold Coast SUNS,295446,Sam Collins,29,Key Def,23,73.0224153777665,Prime
2023,Gold Coast SUNS,296280,James Tsitas,28,Gen Fwd,4,22.1205851516001,Prime
2023,Gold Coast SUNS,297456,Nick Holman,28,Gen Fwd,19,65.9863447616667,Prime
2023,Gold Coast SUNS,298272,Touk Miller,27,Mid,13,97.639150821866,Prime
2023,Gold Coast SUNS,298524,Lachie Weller,27,Gen Def,9,83.6689352283395,Prime
2023,Gold Coast SUNS,993799,Brayden Fiorini,26,Wing,17,64.7460814584998,Prime
2023,Gold Coast SUNS,993917,Ben Long,26,Gen Def,15,50.0923304637546,Prime
2023,Gold Coast SUNS,994077,Mabior Chol,26,Key Fwd,8,48.9683335506348,Prime
2023,Gold Coast SUNS,996464,Darcy Macpherson,25,Gen Def,23,71.3240031262227,Established Youth
2023,Gold Coast SUNS,998130,Ben Ainsworth,25,Gen Fwd,21,76.4246448334515,Established Youth
2023,Gold Coast SUNS,999715,Jy Farrar,26,Gen Def,9,36.6977617486749,Prime
2023,Hawthorn,1000864,Lachlan Bramble,25,Wing,11,52.2926685398395,Established Youth
2023,Hawthorn,1000887,Mitch Lewis,24,Key Fwd,15,71.0594306707453,Established Youth
2023,Hawthorn,1000960,Max Lynch,24,Ruck,1,14.7269178486415,Established Youth
2023,Hawthorn,1000963,Harry Morrison,24,Wing,13,66.4537329771725,Established Youth
2023,Hawthorn,1000980,Lloyd Meek,25,Ruck,16,63.9348796738424,Established Youth
2023,Hawthorn,1001024,Ned Reeves,24,Ruck,21,67.5266015432304,Established Youth
2023,Hawthorn,1002222,James Worpel,24,Mid,23,90.0065537852799,Established Youth
2023,Hawthorn,1006030,Jacob Koschitzke,23,Key Fwd,12,58.153294896038,Established Youth
2023,Hawthorn,1006303,Fergus Greene,25,Key Fwd,11,48.8693717188949,Established Youth
2023,Hawthorn,1006314,Dylan Moore,24,Gen Fwd,23,90.9500075310219,Established Youth
2023,Hawthorn,1007124,Conor Nash,25,Mid,23,85.8341848659351,Established Youth
2023,Hawthorn,1008550,Will Day,22,Mid,21,97.298103150161,Established Youth
2023,Hawthorn,1009421,Finn Maginness,22,Mid-Fwd,13,37.8230938798953,Established Youth
2023,Hawthorn,1010708,Sam Butler,20,Gen Fwd,8,44.1160151723968,Rising Stars
2023,Hawthorn,1011839,James Blanck,22,Key Def,15,36.2672977003614,Established Youth
2023,Hawthorn,1012127,Brandon Ryan,25,Key Fwd,3,33.6173498371218,Established Youth
2023,Hawthorn,1013093,Denver Grainger-Barras,21,Key Fwd,7,31.9257961740715,Rising Stars
2023,Hawthorn,1013511,Tyler Brockman,20,Gen Fwd,15,54.6270946256977,Rising Stars
2023,Hawthorn,1017091,Jai Serong,20,Key Def,2,44.7884947401743,Rising Stars
2023,Hawthorn,1017094,Connor Macdonald,20,Gen Fwd,21,68.2294161066613,Rising Stars
2023,Hawthorn,1017110,Josh Ward,20,Wing,16,72.8615947864012,Rising Stars
2023,Hawthorn,1017124,Ned Long,20,Mid-Fwd,4,42.5438566387489,Rising Stars
2023,Hawthorn,1018016,Seamus Mitchell,21,Gen Def,14,62.1448549314253,Rising Stars
2023,Hawthorn,1020895,Jai Newcombe,22,Mid,22,98.2433277678458,Established Youth
2023,Hawthorn,1023482,Cam Mackenzie,19,Gen Fwd,14,48.569789047929,Rising Stars
2023,Hawthorn,1023680,Henry Hustwaite,19,Mid,2,66.4735343177784,Rising Stars
2023,Hawthorn,1027935,Josh Weddle,19,Gen Def,17,66.8697346752682,Rising Stars
2023,Hawthorn,1027965,Max Ramsden,20,Key Fwd,2,25.3926780897462,Rising Stars
2023,Hawthorn,1029261,Bailey Macdonald,19,Gen Def,2,44.4891389704481,Rising Stars
2023,Hawthorn,280744,Luke Breust,32,Gen Fwd,21,60.8374877783607,Veterans
2023,Hawthorn,291962,Chad Wingard,30,Gen Fwd,14,57.6656799850958,Veterans
2023,Hawthorn,293738,Sam Frost,30,Key Def,18,57.0513659965849,Veterans
2023,Hawthorn,296254,Jarman Impey,28,Gen Def,22,77.7535565060993,Prime
2023,Hawthorn,297354,Karl Amon,28,Wing,21,86.4729102641061,Prime
2023,Hawthorn,297566,James Sicily,28,Key Def,19,114.158556974708,Prime
2023,Hawthorn,993794,Blake Hardwick,26,Gen Def,23,86.1285908348362,Prime
2023,Hawthorn,998114,Jack Scrimshaw,24,Gen Def,16,75.3593900297686,Established Youth
2023,Hawthorn,998390,Changkuoth Jiath,24,Gen Def,8,62.140647549741,Established Youth
2023,Melbourne,1001438,Bayley Fritsch,26,Gen Fwd,17,71.4634409100471,Prime
2023,Melbourne,1002282,Charlie Spargo,23,Gen Fwd,14,48.1272747860183,Established Youth
2023,Melbourne,1003546,Joel Smith,27,Key Fwd,14,46.7886088630694,Prime
2023,Melbourne,1005330,Kade Chandler,23,Gen Fwd,23,63.2534589841728,Established Youth
2023,Melbourne,1008541,Kysaiah Pickett,22,Gen Fwd,23,69.1254211284927,Established Youth
2023,Melbourne,1008893,Harrison Petty,23,Key Def,14,60.7400788400639,Established Youth
2023,Melbourne,1009378,Trent Rivers,22,Gen Def,25,82.7356399947428,Established Youth
2023,Melbourne,1012825,Jake Bowey,20,Gen Def,23,70.2738731930778,Rising Stars
2023,Melbourne,1012826,Bailey Laurie,21,Gen Fwd,5,27.5850241187869,Rising Stars
2023,Melbourne,1013409,James Jordon,22,Mid-Fwd,18,48.3547919377556,Established Youth
2023,Melbourne,1017703,Judd McVee,20,Gen Def,25,57.2075379612161,Rising Stars
2023,Melbourne,1017720,Jacob van Rooyen,20,Key Fwd,20,63.0970694310192,Rising Stars
2023,Melbourne,1018425,Taj Woewodin,20,Gen Fwd,4,39.149072498939,Rising Stars
2023,Melbourne,1020959,Daniel Turner,21,Key Def,2,48.7096710709417,Rising Stars
2023,Melbourne,280824,Jake Melksham,32,Gen Fwd,13,43.9193115829817,Veterans
2023,Melbourne,281085,Steven May,31,Key Def,23,86.0153543915338,Veterans
2023,Melbourne,290160,Michael Hibberd,33,Gen Def,12,59.1938420075974,Veterans
2023,Melbourne,290528,Max Gawn,31,Ruck,22,106.224128118603,Veterans
2023,Melbourne,291533,Tom McDonald,30,Key Fwd,8,52.7369817681518,Veterans
2023,Melbourne,291819,Adam Tomlinson,30,Key Def,9,66.7195768252515,Veterans
2023,Melbourne,291867,Ben Brown,30,Key Fwd,7,61.1149697856217,Veterans
2023,Melbourne,291902,Jack Viney,29,Mid,24,97.9442698365193,Prime
2023,Melbourne,293957,Brodie Grundy,29,Ruck,17,86.1974268995844,Prime
2023,Melbourne,294557,Lachie Hunter,28,Wing,24,78.6177757370649,Prime
2023,Melbourne,296359,Christian Salem,28,Gen Def,16,74.9742271900956,Prime
2023,Melbourne,296420,Alex Neal-Bullen,27,Gen Fwd,25,72.1227379754446,Prime
2023,Melbourne,297899,James Harmes,27,Mid-Fwd,9,46.2248515194846,Prime
2023,Melbourne,298210,Christian Petracca,27,Mid,25,118.198985714857,Prime
2023,Melbourne,298264,Ed Langdon,27,Wing,25,71.6584719389976,Prime
2023,Melbourne,298279,Angus Brayshaw,27,Mid,24,86.5950364588526,Prime
2023,Melbourne,298281,Jake Lever,27,Key Def,24,74.1751997926202,Prime
2023,Melbourne,993841,Josh Schache,26,Key Fwd,3,21.6383130682508,Prime
2023,Melbourne,996701,Clayton Oliver,26,Mid,15,122.857837915549,Prime
2023,Melbourne,999391,Tom Sparrow,23,Mid,23,67.1295274266611,Established Youth
2023,North Melbourne,1000061,Callum Coleman-Jones,24,Key Fwd,9,44.69579039405,Established Youth
2023,North Melbourne,1001017,Nick Larkey,25,Key Fwd,23,69.3843741532217,Established Youth
2023,North Melbourne,1002143,Ben McKay,25,Key Def,19,63.2239713963273,Established Youth
2023,North Melbourne,1002240,Jaidyn Stephenson,24,Gen Fwd,21,49.2584649331615,Established Youth
2023,North Melbourne,1002267,Luke Davies-Uniacke,24,Mid,14,113.647088250339,Established Youth
2023,North Melbourne,1002947,Paul Curtis,20,Gen Fwd,21,46.4702703716562,Rising Stars
2023,North Melbourne,1004894,Aiden Bonar,24,Key Def,2,60.2604075826197,Established Youth
2023,North Melbourne,1004909,Lachlan Young,24,Gen Def,4,58.6959719407575,Established Youth
2023,North Melbourne,1004965,Tristan Xerri,24,Ruck,9,72.934459329839,Established Youth
2023,North Melbourne,1005729,Tarryn Thomas,23,Mid,12,90.2468141352028,Established Youth
2023,North Melbourne,1006058,Bailey Scott,23,Wing,23,75.7819806550043,Established Youth
2023,North Melbourne,1006137,Curtis Taylor,23,Mid-Fwd,16,58.2249533627447,Established Youth
2023,North Melbourne,1009189,Jack Mahony,21,Mid-Fwd,2,44.6584580757688,Rising Stars
2023,North Melbourne,1011647,Phoenix Spicer,21,Gen Fwd,6,36.3376765053953,Rising Stars
2023,North Melbourne,1011659,Tom Powell,21,Gen Fwd,14,55.7842733404117,Rising Stars
2023,North Melbourne,1011771,Flynn Perez,22,Gen Def,5,37.4535921686161,Established Youth
2023,North Melbourne,1012144,Kallan Dawson,25,Key Def,1,45.1521626241136,Established Youth
2023,North Melbourne,1012829,Will Phillips,21,Mid,16,72.9006323942707,Rising Stars
2023,North Melbourne,1012833,Eddie Ford,21,Gen Fwd,14,63.1049252710962,Rising Stars
2023,North Melbourne,1012852,Charlie Lazzaro,21,Mid-Fwd,6,35.985818229413,Rising Stars
2023,North Melbourne,1015781,Charlie Comben,22,Key Fwd,7,45.1303271908053,Established Youth
2023,North Melbourne,1017095,Miller Bergman,20,Gen Def,12,46.2081470211192,Rising Stars
2023,North Melbourne,1017118,Josh Goater,20,Gen Def,10,56.2156007130567,Rising Stars
2023,North Melbourne,1020968,Jackson Archer,20,Gen Def,5,32.0075836350279,Rising Stars
2023,North Melbourne,1020979,Cooper Harvey,19,Gen Fwd,3,34.7480816821207,Rising Stars
2023,North Melbourne,1023144,Robert Hansen Jr,19,Gen Fwd,2,15.1327791953861,Rising Stars
2023,North Melbourne,1023475,Blake Drury,19,Gen Fwd,4,22.2858535288272,Rising Stars
2023,North Melbourne,1023477,George Wardlaw,19,Mid,8,65.2120452523428,Rising Stars
2023,North Melbourne,1023518,Harry Sheezel,18,Gen Def,23,99.5550388514718,Rising Stars
2023,North Melbourne,271129,Todd Goldstein,35,Ruck,20,95.4546974098498,Old Timers
2023,North Melbourne,280737,Liam Shiels,32,Wing,16,70.2177529154051,Veterans
2023,North Melbourne,280921,Ben Cunnington,32,Mid,9,71.1617609898047,Veterans
2023,North Melbourne,280944,Jack Ziebell,32,Gen Def,22,89.6701821582322,Veterans
2023,North Melbourne,281091,Hugh Greenwood,31,Mid,14,60.3080701634868,Veterans
2023,North Melbourne,294508,Aidan Corr,29,Key Def,19,69.3426206189639,Prime
2023,North Melbourne,296355,Luke McDonald,28,Gen Def,22,77.8149432168469,Prime
2023,North Melbourne,296735,Aaron Hall,32,Gen Def,6,88.3727456387835,Veterans
2023,North Melbourne,992462,Daniel Howe,27,Wing,11,55.9766782992753,Prime
2023,North Melbourne,992499,Kayne Turner,27,Gen Fwd,12,51.604577853551,Prime
2023,North Melbourne,993816,Darcy Tucker,26,Wing,18,61.849010172648,Prime
2023,North Melbourne,993998,Jy Simpkin,25,Mid,18,79.3107055329206,Established Youth
2023,North Melbourne,997933,Griffin Logue,25,Key Def,15,66.5562991471774,Established Youth
2023,North Melbourne,998484,Cameron Zurhaar,25,Gen Fwd,16,69.1911612087069,Established Youth
2023,Port Adelaide,1000972,Willem Drew,24,Mid,25,85.9078632158655,Established Youth
2023,Port Adelaide,1001299,Connor Rozee,23,Mid,25,106.269875303244,Established Youth
2023,Port Adelaide,1002248,Sam Hayes,24,Ruck,4,57.2166087360346,Established Youth
2023,Port Adelaide,1002253,Kane Farrell,24,Gen Def,22,75.6610154314895,Established Youth
2023,Port Adelaide,1004819,Jed Mcentee,22,Gen Fwd,22,46.2987182923963,Established Youth
2023,Port Adelaide,1004998,Todd Marshall,24,Key Fwd,21,65.4476148767315,Established Youth
2023,Port Adelaide,1005326,Jackson Mead,22,Mid-Fwd,7,39.5569040877076,Established Youth
2023,Port Adelaide,1006096,Xavier Duursma,23,Wing,16,64.8578686980854,Established Youth
2023,Port Adelaide,1006121,Zak Butters,22,Mid,25,111.848613451542,Established Youth
2023,Port Adelaide,1007591,Brynn Teakle,23,Ruck,4,63.4757854095284,Established Youth
2023,Port Adelaide,1009191,Miles Bergman,21,Gen Def,24,66.8986373308409,Rising Stars
2023,Port Adelaide,1009195,Dylan Williams,22,Gen Def,21,65.7232041050836,Established Youth
2023,Port Adelaide,1010174,Mitch Georgiades,22,Key Fwd,2,59.2834616924744,Established Youth
2023,Port Adelaide,1011583,Lachie Jones,21,Gen Def,15,58.3613192290258,Rising Stars
2023,Port Adelaide,1011640,Jason Horne-Francis,20,Mid,24,77.3204484894126,Rising Stars
2023,Port Adelaide,1012881,Ollie Lord,21,Key Fwd,13,50.2763321743277,Rising Stars
2023,Port Adelaide,1013462,Jase Burgoyne,20,Gen Def,5,40.0809221561572,Rising Stars
2023,Port Adelaide,1017078,Josh Sinn,20,Wing,3,21.8780096942122,Rising Stars
2023,Port Adelaide,1017128,Dante Visentini,20,Ruck,3,32.0427570852366,Rising Stars
2023,Port Adelaide,1017255,Francis Evans,22,Gen Fwd,10,42.7203936469455,Established Youth
2023,Port Adelaide,250365,Travis Boak,35,Wing,21,64.8415126049777,Old Timers
2023,Port Adelaide,280711,Charlie Dixon,32,Key Fwd,14,82.994051574779,Veterans
2023,Port Adelaide,290527,Trent McKenzie,31,Key Def,19,52.3206820933287,Veterans
2023,Port Adelaide,290746,Scott Lycett,30,Ruck,14,74.5534923091246,Veterans
2023,Port Adelaide,292145,Tom Jonas,32,Key Def,13,46.4992122160921,Veterans
2023,Port Adelaide,294318,Ollie Wines,28,Mid,25,80.5322609744944,Prime
2023,Port Adelaide,294469,Aliir Aliir,28,Key Def,24,73.3864040112587,Prime
2023,Port Adelaide,294504,Tom Clurey,29,Key Def,1,28.7491367276693,Prime
2023,Port Adelaide,296225,Willie Rioli,28,Gen Fwd,19,68.4978971570055,Prime
2023,Port Adelaide,296334,Orazio Fantasia,28,Gen Fwd,3,39.2057665236169,Prime
2023,Port Adelaide,298111,Jeremy Finlayson,27,Key Fwd,22,80.2602017090358,Prime
2023,Port Adelaide,991930,Darcy Byrne-Jones,28,Gen Fwd,23,67.382776481817,Prime
2023,Port Adelaide,992128,Ryan Burton,26,Gen Def,22,74.5342187408397,Prime
2023,Port Adelaide,993979,Sam Powell-Pepper,25,Gen Fwd,25,65.0929214654757,Established Youth
2023,Port Adelaide,994295,Dan Houston,26,Gen Def,25,107.449425412865,Prime
2023,Port Adelaide,994599,Riley Bonner,26,Wing,11,50.9859831047258,Prime
2023,Port Adelaide,999824,Quinton Narkle,25,Gen Fwd,3,44.5257945947574,Established Youth
2023,Richmond,1000223,Liam Baker,25,Gen Def,23,79.7061235590423,Established Youth
2023,Richmond,1000981,Daniel Rioli,26,Gen Def,23,86.9403323342349,Prime
2023,Richmond,1002245,Noah Balta,23,Key Def,23,74.2751080199429,Established Youth
2023,Richmond,1002403,Ben Miller,24,Ruck,13,58.8858771507047,Established Youth
2023,Richmond,1006133,Jack Ross,22,Wing,19,74.7681932239201,Established Youth
2023,Richmond,1008478,Rhyan Mansell,23,Gen Fwd,17,40.4060302020892,Established Youth
2023,Richmond,1008616,Matthew Coulthard,22,Gen Fwd,4,35.3606681211325,Established Youth
2023,Richmond,1009226,Thomson Dow,21,Mid,4,56.9599737941624,Rising Stars
2023,Richmond,1009308,Noah Cumberland,22,Gen Fwd,9,33.9653149348925,Established Youth
2023,Richmond,1009551,Maurice Rioli,20,Gen Fwd,10,31.3843835192484,Rising Stars
2023,Richmond,1011985,Hugo Ralphsmith,21,Gen Def,13,36.9645834744118,Rising Stars
2023,Richmond,1012386,Samson Ryan,22,Ruck,14,54.2401671597115,Established Youth
2023,Richmond,1013197,Sam Banks,20,Gen Def,6,53.9533186283268,Rising Stars
2023,Richmond,1017043,Judson Clarke,19,Gen Fwd,13,43.2372974965246,Rising Stars
2023,Richmond,1017086,Tom Brown,20,Gen Def,1,69.2108494605458,Rising Stars
2023,Richmond,1017114,Tyler Sonsie,20,Gen Fwd,3,30.145015996846,Rising Stars
2023,Richmond,1018433,Tylar Young,24,Key Def,19,52.0002041544921,Established Youth
2023,Richmond,1021152,Jacob Bauer,21,Key Fwd,4,20.0366486691279,Rising Stars
2023,Richmond,1031829,James Trezise,21,Gen Def,1,93.1355020939472,Rising Stars
2023,Richmond,250395,Jack Riewoldt,34,Key Fwd,21,58.0052475526648,Old Timers
2023,Richmond,270896,Trent Cotchin,33,Mid-Fwd,19,61.9253020462965,Veterans
2023,Richmond,280819,Dylan Grimes,32,Gen Def,22,48.8994382120058,Veterans
2023,Richmond,290627,Dion Prestia,30,Mid,20,81.1398422044617,Veterans
2023,Richmond,290847,Dustin Martin,32,Gen Fwd,20,94.3950865019684,Veterans
2023,Richmond,293813,Tom Lynch,30,Key Fwd,4,64.2640169929729,Veterans
2023,Richmond,294592,Kamdyn McIntosh,29,Wing,22,55.1363129602036,Prime
2023,Richmond,294674,Nick Vlastuin,29,Gen Def,21,92.1491980340934,Prime
2023,Richmond,295203,Nathan Broad,30,Gen Def,19,79.6887522989911,Veterans
2023,Richmond,298174,Toby Nankervis,29,Ruck,15,104.298815440774,Prime
2023,Richmond,990827,Jack Graham,25,Mid-Fwd,20,66.3073527205858,Established Youth
2023,Richmond,992049,Jayden Short,27,Gen Def,16,98.7896140254039,Prime
2023,Richmond,993771,Marlion Pickett,31,Mid-Fwd,21,57.652378916083,Veterans
2023,Richmond,993903,Jacob Hopper,26,Mid,16,78.7185421898372,Prime
2023,Richmond,993993,Shai Bolton,24,Mid-Fwd,23,96.6826530563801,Established Youth
2023,Richmond,998172,Tim Taranto,25,Mid,23,106.897755097536,Established Youth
2023,Richmond,998529,Ivan Soldo,27,Ruck,8,86.8112686754174,Prime
2023,St Kilda,1002227,Jack Higgins,24,Gen Fwd,22,66.2679767979697,Established Youth
2023,St Kilda,1002264,Hunter Clark,24,Mid,19,63.3608950595436,Established Youth
2023,St Kilda,1002922,Jack Bytel,23,Mid,6,25.3342096387538,Established Youth
2023,St Kilda,1004985,Ben Paton,24,Gen Def,12,49.3852414437411,Established Youth
2023,St Kilda,1006143,Max King,23,Key Fwd,11,60.1463314658168,Established Youth
2023,St Kilda,1008312,Liam Stocker,23,Gen Def,23,66.3683396827446,Established Youth
2023,St Kilda,1011994,Ryan Byrnes,22,Wing,20,62.1207030255256,Established Youth
2023,St Kilda,1015507,Nasiah Wanganeen-Milera,20,Gen Def,24,85.1941889503973,Rising Stars
2023,St Kilda,1017932,Jack Peris,19,Gen Fwd,1,66.4605964535933,Rising Stars
2023,St Kilda,1018018,Cooper Sharman,23,Key Fwd,16,53.0929966401369,Established Youth
2023,St Kilda,1020137,Mattaes Phillipou,18,Gen Fwd,24,50.2687504150248,Rising Stars
2023,St Kilda,1023270,Marcus Windhager,20,Gen Def,19,57.8961559624109,Rising Stars
2023,St Kilda,1023272,Mitch Owens,20,Key Fwd,23,79.523268744725,Rising Stars
2023,St Kilda,1023784,Anthony Caminiti,19,Key Fwd,18,49.9329475101708,Rising Stars
2023,St Kilda,290757,Jimmy Webster,30,Gen Def,17,63.7282132613214,Veterans
2023,St Kilda,293846,Sebastian Ross,30,Mid,17,68.4107128390364,Veterans
2023,St Kilda,294307,Brad Crouch,29,Mid,24,95.5174887501204,Prime
2023,St Kilda,294596,Tim Membrey,29,Key Fwd,7,55.378321887333,Prime
2023,St Kilda,295340,Mason Wood,30,Wing,24,91.2916155702703,Veterans
2023,St Kilda,295584,Bradley Hill,30,Mid-Fwd,22,70.240937713309,Veterans
2023,St Kilda,296205,Jack Steele,27,Mid,21,96.5116052347252,Prime
2023,St Kilda,296351,Jack Billings,28,Gen Fwd,3,62.056769964047,Prime
2023,St Kilda,296422,Callum Wilkie,27,Key Def,24,92.9857182593631,Prime
2023,St Kilda,298421,Jade Gresham,26,Gen Fwd,23,67.5634425412165,Prime
2023,St Kilda,990840,Jack Hayes,27,Key Fwd,1,50.9538388639496,Prime
2023,St Kilda,991939,Zaine Cordy,26,Key Def,14,44.6159446682674,Prime
2023,St Kilda,991988,Zak Jones,28,Mid,4,55.7967311155822,Prime
2023,St Kilda,992374,Dan Butler,27,Gen Fwd,24,57.0903219205242,Prime
2023,St Kilda,992468,Rowan Marshall,27,Ruck,24,116.170357482541,Prime
2023,St Kilda,993480,Dougal Howard,27,Key Def,18,67.4102728310226,Prime
2023,St Kilda,994389,Jack Sinclair,28,Gen Def,24,105.858312875857,Prime
2023,St Kilda,998134,Josh Battle,24,Key Def,23,64.5906970006437,Established Youth
2023,Sydney Swans,1003203,Hayden McLean,24,Ruck,22,73.6966989338027,Established Youth
2023,Sydney Swans,1004113,Will Gould,22,Key Def,4,35.7166527149046,Established Youth
2023,Sydney Swans,1004848,Dylan Stephens,22,Wing,13,58.0938453387381,Established Youth
2023,Sydney Swans,1006028,Nick Blakey,23,Gen Def,24,90.3396258494311,Established Youth
2023,Sydney Swans,1006126,James Rowbottom,22,Mid,24,82.1010101857949,Established Youth
2023,Sydney Swans,1006232,Sam Wicks,24,Gen Fwd,11,58.1797228309412,Established Youth
2023,Sydney Swans,1008091,Joel Amartey,24,Key Fwd,15,55.1659637107396,Established Youth
2023,Sydney Swans,1008198,Tom McCartin,23,Key Def,15,73.1835087677682,Established Youth
2023,Sydney Swans,1009392,Jack Buller,22,Key Fwd,1,17.081576874061,Established Youth
2023,Sydney Swans,1011936,Justin McInerney,23,Wing,19,71.1043081782076,Established Youth
2023,Sydney Swans,1012014,Chad Warner,22,Mid,21,99.3593222887145,Established Youth
2023,Sydney Swans,1012210,Matt Roberts,20,Wing,6,31.1621643864438,Rising Stars
2023,Sydney Swans,1013128,Errol Gulden,21,Wing,24,112.009158370068,Rising Stars
2023,Sydney Swans,1013133,Braeden Campbell,21,Wing,23,69.2746010645098,Rising Stars
2023,Sydney Swans,1013138,Marc Sheather,21,Gen Fwd,3,17.0085476530295,Rising Stars
2023,Sydney Swans,1013230,Logan McDonald,21,Key Fwd,20,58.9846415672879,Rising Stars
2023,Sydney Swans,1018424,Corey Warner,19,Gen Fwd,3,20.8453947403712,Rising Stars
2023,Sydney Swans,1020339,Angus Sheldrick,19,Mid,7,59.7966880891947,Rising Stars
2023,Sydney Swans,1021200,Lachlan McAndrew,23,Ruck,2,37.9969919904528,Established Youth
2023,Sydney Swans,240399,Lance Franklin,36,Key Fwd,13,57.0371623126903,Old Timers
2023,Sydney Swans,290307,Dane Rampe,33,Key Def,15,74.0021706456133,Veterans
2023,Sydney Swans,290778,Luke Parker,30,Mid,23,96.4743478014892,Veterans
2023,Sydney Swans,291848,Robbie Fox,30,Gen Def,20,64.9410621679658,Veterans
2023,Sydney Swans,291978,Harry Cunningham,29,Gen Def,24,59.7766386248803,Prime
2023,Sydney Swans,294266,Tom Hickey,32,Ruck,12,72.0908512752177,Veterans
2023,Sydney Swans,295342,Jake Lloyd,30,Gen Def,23,96.1357001528502,Veterans
2023,Sydney Swans,298312,Paddy McCartin,27,Key Def,4,50.1540249526453,Prime
2023,Sydney Swans,298539,Isaac Heeney,27,Gen Fwd,23,84.1608797080416,Prime
2023,Sydney Swans,990816,Aaron Francis,26,Key Def,15,52.281809038858,Prime
2023,Sydney Swans,993905,Callum Mills,26,Mid,20,86.9668087308979,Prime
2023,Sydney Swans,996442,Ryan Clarke,26,Gen Fwd,16,39.1999614061107,Prime
2023,Sydney Swans,996743,Lewis Melican,26,Key Def,8,57.3240007513297,Prime
2023,Sydney Swans,996765,Tom Papley,27,Gen Fwd,23,72.6589015669844,Prime
2023,Sydney Swans,997100,Will Hayward,24,Gen Fwd,23,66.6409723708954,Established Youth
2023,Sydney Swans,997142,Peter Ladhams,25,Ruck,9,69.748763327503,Established Youth
2023,Sydney Swans,998103,Oliver Florent,25,Gen Def,24,73.8067947006033,Established Youth
2023,West Coast Eagles,1003192,Connor West,24,Gen Fwd,9,41.9916842208621,Established Youth
2023,West Coast Eagles,1004364,Liam Ryan,26,Gen Fwd,3,75.4807478509319,Prime
2023,West Coast Eagles,1004385,Oscar Allen,24,Key Fwd,23,69.5866551217168,Established Youth
2023,West Coast Eagles,1005599,Luke Foley,23,Gen Def,9,55.665486353371,Established Youth
2023,West Coast Eagles,1006114,Bailey J. Williams,23,Ruck,23,77.0110648889908,Established Youth
2023,West Coast Eagles,1006550,Jack Petruccelle,24,Gen Fwd,18,57.4334618455899,Established Youth
2023,West Coast Eagles,1006576,Luke Edwards,21,Wing,14,44.8991000544275,Rising Stars
2023,West Coast Eagles,1008282,Xavier O'Neill,23,Mid-Fwd,15,50.0409852593378,Established Youth
2023,West Coast Eagles,1011243,Callum Jamieson,23,Key Fwd,4,44.390778675772,Established Youth
2023,West Coast Eagles,1011437,Harry Edwards,22,Key Def,2,43.311976153039,Established Youth
2023,West Coast Eagles,1011449,Zane Trew,21,Mid,4,30.8585243923017,Rising Stars
2023,West Coast Eagles,1017057,Campbell Chesser,20,Wing,14,35.6491570050443,Rising Stars
2023,West Coast Eagles,1017718,Rhett Bazzo,19,Key Def,11,32.0252068628926,Rising Stars
2023,West Coast Eagles,1020057,Harry Barnett,19,Ruck,1,8.44860376803826,Rising Stars
2023,West Coast Eagles,1020371,Jack Williams,19,Key Fwd,10,37.8400776398269,Rising Stars
2023,West Coast Eagles,1020670,Elijah Hewett,19,Mid-Fwd,14,45.4569463904459,Rising Stars
2023,West Coast Eagles,1020802,Jai Culley,20,Mid-Fwd,5,43.234785632671,Rising Stars
2023,West Coast Eagles,1023025,Reuben Ginbey,18,Mid,17,63.5208042243077,Rising Stars
2023,West Coast Eagles,1023167,Brady Hough,20,Gen Def,15,62.8040984682714,Rising Stars
2023,West Coast Eagles,1023496,Noah Long,19,Gen Fwd,19,51.748863974745,Rising Stars
2023,West Coast Eagles,1029416,Ryan Maric,18,Key Fwd,10,54.748333441665,Rising Stars
2023,West Coast Eagles,240283,Shannon Hurn,36,Gen Def,13,91.6216342152004,Old Timers
2023,West Coast Eagles,280078,Luke Shuey,33,Mid,10,78.2816309655021,Veterans
2023,West Coast Eagles,290801,Andrew Gaff,31,Wing,23,71.3598137793595,Veterans
2023,West Coast Eagles,290826,Jamie Cripps,31,Gen Fwd,12,69.0048553871701,Veterans
2023,West Coast Eagles,290838,Jack Darling,31,Key Fwd,20,61.2893848353012,Veterans
2023,West Coast Eagles,292128,Elliot Yeo,30,Gen Def,10,79.9925497446732,Veterans
2023,West Coast Eagles,294859,Jeremy McGovern,31,Key Def,9,84.2399670176282,Veterans
2023,West Coast Eagles,295898,Tim Kelly,29,Mid,22,102.754642992363,Prime
2023,West Coast Eagles,296296,Dom Sheed,28,Mid,15,84.4896771140048,Prime
2023,West Coast Eagles,298268,Liam Duggan,26,Gen Def,22,90.0951488257181,Prime
2023,West Coast Eagles,990290,Tom Barrass,27,Key Def,14,80.0643483774812,Prime
2023,West Coast Eagles,990978,Greg Clark,26,Wing,12,36.7830466457017,Prime
2023,West Coast Eagles,993820,Tom Cole,26,Gen Def,12,64.884764465083,Prime
2023,West Coast Eagles,994385,Jayden Hunt,28,Gen Def,23,76.3300555373468,Prime
2023,West Coast Eagles,994539,Sam Petrevski-Seton,25,Gen Fwd,13,65.6169808980371,Established Youth
2023,West Coast Eagles,996554,Jake Waterman,25,Key Fwd,11,64.6790838186721,Established Youth
2023,West Coast Eagles,997823,Josh Rotham,25,Key Def,13,46.1940666773895,Established Youth
2023,West Coast Eagles,998128,Alex Witherden,24,Gen Def,22,84.514166722423,Established Youth
2023,West Coast Eagles,998791,Jamaine Jones,24,Gen Def,13,68.4253804260282,Established Youth
2023,Western Bulldogs,1001449,Mitch Hannan,29,Gen Fwd,6,39.8174934403304,Prime
2023,Western Bulldogs,1002404,Aaron Naughton,23,Key Fwd,23,75.1545666571599,Established Youth
2023,Western Bulldogs,1004592,Tim English,26,Ruck,23,127.964629722517,Prime
2023,Western Bulldogs,1005000,Laitham Vandermeer,24,Gen Def,11,52.2913581283965,Established Youth
2023,Western Bulldogs,1006127,Rhylee West,23,Gen Fwd,12,57.108569334841,Established Youth
2023,Western Bulldogs,1006130,Bailey Smith,22,Mid-Fwd,19,80.2258546376174,Established Youth
2023,Western Bulldogs,1006533,Riley Garcia,22,Gen Fwd,3,28.1087647829178,Established Youth
2023,Western Bulldogs,1008280,Ed Richards,24,Gen Def,19,86.2955709735349,Established Youth
2023,Western Bulldogs,1008855,Oskar Baker,25,Wing,18,53.9599393289511,Established Youth
2023,Western Bulldogs,1009015,Lachlan McNeil,22,Gen Fwd,13,28.4782258105305,Established Youth
2023,Western Bulldogs,1009301,Jamarra Ugle-Hagan,21,Key Fwd,23,60.6144566610991,Rising Stars
2023,Western Bulldogs,1011589,Caleb Poulter,20,Wing,9,57.4797799055593,Rising Stars
2023,Western Bulldogs,1011803,Cody Weightman,22,Gen Fwd,19,64.0839775249695,Established Youth
2023,Western Bulldogs,1015929,Luke Cleary,21,Gen Def,1,48.7444457039429,Rising Stars
2023,Western Bulldogs,1017126,Sam Darcy,20,Key Fwd,3,19.2694096695653,Rising Stars
2023,Western Bulldogs,1020586,Arthur Jones,20,Gen Fwd,13,34.3279260128126,Rising Stars
2023,Western Bulldogs,1032966,James O'Donnell,20,Key Def,12,37.2645386674459,Rising Stars
2023,Western Bulldogs,281078,Liam Jones,32,Key Def,18,58.6809160665863,Veterans
2023,Western Bulldogs,290085,Taylor Duryea,32,Gen Def,20,51.2547140212418,Veterans
2023,Western Bulldogs,290797,Alex Keath,31,Key Def,18,54.3211948211794,Veterans
2023,Western Bulldogs,290799,Tom Liberatore,31,Mid,21,116.006165187558,Veterans
2023,Western Bulldogs,291492,Josh Bruce,31,Key Def,8,46.3606823684071,Veterans
2023,Western Bulldogs,291790,Adam Treloar,30,Mid,19,107.602953296532,Veterans
2023,Western Bulldogs,293651,Hayden Crozier,29,Gen Def,4,57.5254814711704,Prime
2023,Western Bulldogs,294101,Jason Johannisen,30,Gen Def,11,74.4878084664338,Veterans
2023,Western Bulldogs,295136,Caleb Daniel,27,Mid-Fwd,23,92.9027959618417,Prime
2023,Western Bulldogs,295467,Jack Macrae,29,Mid-Fwd,22,99.9612568879536,Prime
2023,Western Bulldogs,296041,Tim O'Brien,29,Key Def,7,63.0411171099739,Prime
2023,Western Bulldogs,296588,Robbie McComb,27,Gen Fwd,3,18.0505709732296,Prime
2023,Western Bulldogs,297373,Marcus Bontempelli,27,Mid,23,129.536719390339,Prime
2023,Western Bulldogs,990740,Rory Lobb,30,Key Fwd,20,67.0674911600704,Veterans
2023,Western Bulldogs,992048,Anthony Scott,28,Mid-Fwd,22,51.3621800159499,Prime
2023,Western Bulldogs,992351,Bailey Williams,25,Wing,23,69.9300979707206,Established Youth
2023,Western Bulldogs,996483,Toby McLean,27,Mid-Fwd,6,35.2541412798762,Prime
2023,Western Bulldogs,996708,Bailey Dale,27,Gen Def,23,90.7854854467031,Prime
2023,Western Bulldogs,997501,Ryan Gardner,26,Key Def,10,54.0487911749888,Prime
2023,Western Bulldogs,998782,Buku Khamis,23,Key Fwd,1,21.438224476975,Established Youth
2024,Adelaide Crows,1000068,Chris Burgess,28,Key Fwd,7,48.9010340616903,Prime
2024,Adelaide Crows,1000998,Lachlan Murphy,25,Gen Fwd,17,55.9244489100559,Established Youth
2024,Adelaide Crows,1001195,Izak Rankine,24,Gen Fwd,15,96.8271549755523,Established Youth
2024,Adelaide Crows,1004863,Mitchell Hinge,26,Gen Def,22,93.501764991229,Prime
2024,Adelaide Crows,1004995,Jordon Butts,24,Key Def,15,53.7368890247675,Established Youth
2024,Adelaide Crows,1005199,Elliott Himmelberg,26,Key Fwd,9,54.7325029490815,Prime
2024,Adelaide Crows,1006136,Lachlan Sholl,24,Wing,20,85.1917114364332,Established Youth
2024,Adelaide Crows,1006203,Chayce Jones,24,Wing,16,59.7979915085684,Established Youth
2024,Adelaide Crows,1008159,William Hamill,23,Gen Def,7,54.0523805039098,Established Youth
2024,Adelaide Crows,1008185,Ned McHenry,24,Gen Fwd,10,41.2378631116117,Established Youth
2024,Adelaide Crows,1008230,Nick Murray,23,Key Def,9,54.3131087576596,Established Youth
2024,Adelaide Crows,1008384,Riley Thilthorpe,22,Key Fwd,7,76.302683054193,Established Youth
2024,Adelaide Crows,1008543,Harry Schoenberg,23,Gen Fwd,4,46.8883297242683,Established Youth
2024,Adelaide Crows,1008752,Kieran Strachan,28,Ruck,2,69.1787769495134,Prime
2024,Adelaide Crows,1009029,James Borlase,22,Key Def,10,62.2292555566744,Established Youth
2024,Adelaide Crows,1011981,Josh Worrell,23,Key Def,13,84.916454403624,Established Youth
2024,Adelaide Crows,1012218,Luke Pedlar,22,Gen Fwd,4,27.862869963536,Established Youth
2024,Adelaide Crows,1012807,Sam Berry,22,Mid,18,63.7162489625907,Established Youth
2024,Adelaide Crows,1013153,Patrick Parnell,22,Gen Def,1,26.6423314653373,Established Youth
2024,Adelaide Crows,1013974,Mark Keane,24,Key Def,21,77.8883401729764,Established Youth
2024,Adelaide Crows,1015329,Billy Dowling,20,Wing,9,66.6490395684429,Rising Stars
2024,Adelaide Crows,1015370,Max Michalanney,20,Gen Def,23,66.0619593434843,Rising Stars
2024,Adelaide Crows,1017051,Josh Rachele,21,Gen Fwd,22,63.8367353762888,Rising Stars
2024,Adelaide Crows,1017065,Zac Taylor,21,Mid-Fwd,9,43.7178879919352,Rising Stars
2024,Adelaide Crows,1017109,Jake Soligo,21,Mid,23,83.1552576393806,Rising Stars
2024,Adelaide Crows,1018075,Lachlan Gollant,22,Key Fwd,4,20.8092176984424,Established Youth
2024,Adelaide Crows,1018335,Brayden Cook,22,Gen Fwd,15,49.5200797957868,Established Youth
2024,Adelaide Crows,1021031,Luke Nankervis,21,Gen Def,20,70.8783123366944,Rising Stars
2024,Adelaide Crows,1023534,Hugh Bond,19,Gen Def,7,46.4757431965974,Rising Stars
2024,Adelaide Crows,1024023,Daniel Curtin,19,Gen Fwd,7,32.6911718570382,Rising Stars
2024,Adelaide Crows,280506,Taylor Walker,34,Key Fwd,18,64.4123989355671,Old Timers
2024,Adelaide Crows,291748,Brodie Smith,32,Gen Def,15,63.7295143874223,Veterans
2024,Adelaide Crows,293222,Rory Laird,30,Mid,23,104.202706932172,Veterans
2024,Adelaide Crows,297401,Matt Crouch,29,Mid,15,105.549673040927,Prime
2024,Adelaide Crows,297523,Reilly O'Brien,28,Ruck,21,93.2836541971634,Prime
2024,Adelaide Crows,990882,Wayne Milera,26,Gen Def,3,67.3750883864218,Prime
2024,Adelaide Crows,992242,Jordan Dawson,27,Mid,22,102.185584272364,Prime
2024,Adelaide Crows,993946,Ben Keays,27,Gen Fwd,23,81.0305377436152,Prime
2024,Adelaide Crows,999331,Darcy Fogarty,24,Key Fwd,23,67.5822746974897,Established Youth
2024,Brisbane Lions,1000978,Hugh McCluggage,26,Mid,27,101.233263093375,Prime
2024,Brisbane Lions,1002235,Cam Rayner,24,Gen Fwd,27,75.7907865529322,Established Youth
2024,Brisbane Lions,1002312,Zac Bailey,24,Mid-Fwd,22,71.8314046758424,Established Youth
2024,Brisbane Lions,1002347,Jack Payne,24,Key Def,18,60.3944036844242,Established Youth
2024,Brisbane Lions,1002401,Brandon Starcevich,25,Gen Def,21,59.2548603431982,Established Youth
2024,Brisbane Lions,1003520,Darragh Joyce,27,Key Def,6,50.9939112836278,Prime
2024,Brisbane Lions,1005053,Noah Answerth,25,Gen Def,16,65.3533993926158,Established Youth
2024,Brisbane Lions,1005521,Oscar McInerney,30,Ruck,25,94.0850957442168,Veterans
2024,Brisbane Lions,1006059,Keidean Coleman,24,Gen Def,1,36.6503249930106,Established Youth
2024,Brisbane Lions,1007099,Harry Sharp,21,Wing,6,38.8298414868851,Rising Stars
2024,Brisbane Lions,1009317,Bruce Reville,23,Wing,12,51.0496564167366,Established Youth
2024,Brisbane Lions,1009385,Deven Robertson,23,Mid-Fwd,2,24.7748242129641,Established Youth
2024,Brisbane Lions,1009386,Jaxon Prior,23,Gen Def,4,39.1689954219044,Established Youth
2024,Brisbane Lions,1012127,Brandon Ryan,26,Key Fwd,1,22.5745010678548,Prime
2024,Brisbane Lions,1014026,Kai Lohmann,21,Gen Fwd,27,71.9039123068608,Rising Stars
2024,Brisbane Lions,1016189,Henry Smith,22,Key Fwd,4,39.1902106022216,Established Youth
2024,Brisbane Lions,1017067,Darcy Wilmot,20,Gen Def,27,81.0939402274933,Rising Stars
2024,Brisbane Lions,1021108,James Tunstill,21,Mid-Fwd,4,31.5708077010095,Rising Stars
2024,Brisbane Lions,1023517,Will Ashcroft,20,Mid,13,88.6277374005505,Rising Stars
2024,Brisbane Lions,1023708,Jaspa Fletcher,20,Wing,27,64.0507279952021,Rising Stars
2024,Brisbane Lions,1028019,Logan Morris,19,Key Fwd,19,53.6162587481658,Rising Stars
2024,Brisbane Lions,1028105,Shadeau Brain,20,Gen Def,9,46.5937987881943,Rising Stars
2024,Brisbane Lions,261224,Dayne Zorko,35,Gen Def,27,110.271622652828,Old Timers
2024,Brisbane Lions,291548,Ryan Lester,32,Gen Def,27,71.8203830458344,Veterans
2024,Brisbane Lions,293535,Lachie Neale,31,Mid,26,117.819009638341,Veterans
2024,Brisbane Lions,293581,Lincoln McCarthy,30,Gen Fwd,8,72.145128499056,Veterans
2024,Brisbane Lions,293716,Jarryd Lyons,32,Mid,3,75.9874760780706,Veterans
2024,Brisbane Lions,294518,Joe Daniher,30,Key Fwd,27,84.8326330403533,Veterans
2024,Brisbane Lions,296269,Darcy Gardiner,28,Key Fwd,7,49.5374286829038,Prime
2024,Brisbane Lions,298211,Darcy Fort,31,Ruck,3,56.1752703346525,Veterans
2024,Brisbane Lions,298437,Callum Ah Chee,26,Gen Fwd,26,67.0076642949278,Prime
2024,Brisbane Lions,990609,Charlie Cameron,30,Gen Fwd,27,58.7170761070334,Veterans
2024,Brisbane Lions,993834,Josh Dunkley,27,Mid,27,109.576219505367,Prime
2024,Brisbane Lions,993953,Eric Hipwood,26,Key Fwd,24,61.3115145649207,Prime
2024,Brisbane Lions,996059,Harris Andrews,27,Key Def,26,82.9545901722945,Prime
2024,Brisbane Lions,997846,Conor McKenna,28,Gen Def,18,47.7718600625274,Prime
2024,Brisbane Lions,998133,Jarrod Berry,26,Wing,27,86.3476159092119,Prime
2024,Carlton,1000953,Harry McKay,26,Key Fwd,21,84.4942794119521,Prime
2024,Carlton,1001398,Matthew Kennedy,27,Mid-Fwd,24,75.1848160856499,Prime
2024,Carlton,1002228,Lachie Fogarty,25,Gen Fwd,15,61.3458116471363,Established Youth
2024,Carlton,1002239,Adam Cerra,24,Mid,13,82.5402124052292,Established Youth
2024,Carlton,1002795,Jordan Boyd,26,Gen Def,19,60.8341077877192,Prime
2024,Carlton,1004912,Tom De Koning,25,Ruck,18,99.062752041016,Established Youth
2024,Carlton,1006094,Sam Walsh,24,Mid,20,107.395453025133,Established Youth
2024,Carlton,1008154,Matthew Cottrell,24,Mid-Fwd,14,54.4707239017397,Established Youth
2024,Carlton,1008510,Corey Durdin,22,Gen Fwd,14,38.4061075733385,Established Youth
2024,Carlton,1009241,Brodie Kemp,23,Key Def,21,68.7584090450494,Established Youth
2024,Carlton,1012862,Elijah Hollands,22,Gen Fwd,22,74.9541377039909,Established Youth
2024,Carlton,1013233,Jack Carroll,21,Mid-Fwd,15,41.6095981655073,Rising Stars
2024,Carlton,1013973,Matthew Owies,27,Gen Fwd,23,53.531173730772,Prime
2024,Carlton,1016268,Alex Cincotta,27,Gen Def,16,48.7950792272405,Prime
2024,Carlton,1017700,Jesse Motlop,20,Gen Fwd,7,39.2121638042499,Rising Stars
2024,Carlton,1020097,Ashton Moir,19,Gen Fwd,2,28.4041070930073,Rising Stars
2024,Carlton,1021353,Lachlan Cowan,19,Gen Def,17,60.9403125134525,Rising Stars
2024,Carlton,1023495,Oliver Hollands,20,Wing,23,61.9907286486105,Rising Stars
2024,Carlton,1023533,Jaxon Binns,19,Wing,3,45.255323817356,Rising Stars
2024,Carlton,1032108,Cooper Lord,19,Mid,2,78.7123880200848,Rising Stars
2024,Carlton,294036,George Hewett,28,Mid,22,93.8918937571387,Prime
2024,Carlton,294685,Zac Williams,30,Gen Def,19,66.4001250764836,Veterans
2024,Carlton,295461,Adam Saad,30,Gen Def,18,85.2728909895316,Veterans
2024,Carlton,295518,Sam Docherty,30,Wing,2,41.6404714624434,Veterans
2024,Carlton,296190,Jack Martin,29,Gen Fwd,3,39.6699266603847,Prime
2024,Carlton,296294,Blake Acres,28,Wing,23,92.3313088822917,Prime
2024,Carlton,296334,Orazio Fantasia,28,Gen Fwd,15,40.3396891920325,Prime
2024,Carlton,297255,Mitch McGovern,29,Gen Def,18,76.5613550838464,Prime
2024,Carlton,297767,Sam Durdin,28,Key Def,1,32.8483628646917,Prime
2024,Carlton,297907,Nic Newman,31,Gen Def,24,101.776676512867,Veterans
2024,Carlton,298290,Marc Pittonet,28,Ruck,14,88.6178722277982,Prime
2024,Carlton,298302,Caleb Marchbank,27,Key Def,3,38.0711951043448,Prime
2024,Carlton,990704,Patrick Cripps,29,Mid,24,111.168243379082,Prime
2024,Carlton,993795,David Cuningham,27,Gen Fwd,5,49.5330370708992,Prime
2024,Carlton,993832,Jacob Weitering,26,Key Def,22,75.759879376779807,Prime
2024,Carlton,996731,Charlie Curnow,27,Key Fwd,21,82.6264380849297,Prime
2024,Carlton,997316,Lewis Young,25,Key Def,9,67.2644838876533,Established Youth
2024,Collingwood,1000072,John Noble,27,Gen Def,20,78.2107887250845,Prime
2024,Collingwood,1000860,Lachie Schultz,26,Gen Fwd,20,60.7833895344413,Prime
2024,Collingwood,1002922,Jack Bytel,24,Wing,7,38.0765753553779,Established Youth
2024,Collingwood,1003130,Patrick Lipinski,26,Mid-Fwd,23,75.6385165639252,Prime
2024,Collingwood,1004757,Beau McCreery,23,Gen Fwd,17,53.8049274545516,Established Youth
2024,Collingwood,1005054,Josh Daicos,25,Wing,23,89.6397093492178,Established Youth
2024,Collingwood,1006148,Bobby Hill,24,Gen Fwd,23,62.8080747599346,Established Youth
2024,Collingwood,1008089,Isaac Quaynor,24,Gen Def,23,58.5507907564245,Established Youth
2024,Collingwood,1008239,Joe Richards,24,Gen Fwd,9,64.3676929717446,Established Youth
2024,Collingwood,1009197,Charlie Dean,23,Key Def,8,55.041620244165,Established Youth
2024,Collingwood,1012828,Finlay Macrae,22,Mid-Fwd,9,44.0632480567577,Established Youth
2024,Collingwood,1012873,Wil Parker,22,Gen Def,5,41.9741891187553,Established Youth
2024,Collingwood,1013278,Reef McInnes,21,Key Fwd,9,37.2647685557374,Rising Stars
2024,Collingwood,1015332,Harvey Harrison,20,Gen Fwd,12,46.6107098285263,Rising Stars
2024,Collingwood,1017124,Ned Long,21,Mid,7,41.4440594108967,Rising Stars
2024,Collingwood,1022915,Edward Allan,20,Wing,2,60.1487768542022,Rising Stars
2024,Collingwood,1023261,Nick Daicos,21,Mid,23,117.205589397519,Rising Stars
2024,Collingwood,1032017,Tew Jiath,19,Gen Def,1,23.9418659249844,Rising Stars
2024,Collingwood,260257,Scott Pendlebury,36,Mid,20,86.4500838136715,Old Timers
2024,Collingwood,280965,Steele Sidebottom,33,Wing,22,75.2909289532204,Veterans
2024,Collingwood,291313,Jeremy Howe,34,Key Def,19,80.9815623021082,Old Timers
2024,Collingwood,291720,Will Hoskin-Elliott,30,Gen Fwd,20,65.7653127238912,Veterans
2024,Collingwood,291849,Brody Mihocek,31,Key Fwd,11,60.682185304103,Veterans
2024,Collingwood,291856,Tom Mitchell,31,Mid,6,81.4238446717181,Veterans
2024,Collingwood,293801,Jamie Elliott,32,Gen Fwd,15,63.5873398238542,Veterans
2024,Collingwood,293871,Jack Crisp,30,Mid,23,87.3389536166278,Veterans
2024,Collingwood,297504,Daniel McStay,29,Key Fwd,5,60.2551460700979,Prime
2024,Collingwood,298288,Darcy Moore,28,Key Def,23,74.9275343641877,Prime
2024,Collingwood,298358,Oleg Markov,28,Gen Def,12,46.9709897041582,Prime
2024,Collingwood,990291,Darcy Cameron,29,Ruck,23,105.15260204683,Prime
2024,Collingwood,991773,Billy Frampton,27,Key Def,18,50.9660027459005,Prime
2024,Collingwood,992010,Brayden Maynard,28,Gen Def,23,77.9682094220787,Prime
2024,Collingwood,994185,Jordan De Goey,28,Mid,13,81.9534329673179,Prime
2024,Collingwood,997254,Nathan Kreuger,25,Key Fwd,6,54.9786145478585,Established Youth
2024,Collingwood,997974,Ash Johnson,26,Key Fwd,3,17.7698782874007,Prime
2024,Collingwood,998480,Lachlan Sullivan,26,Mid,10,52.5080674570527,Prime
2024,Collingwood,998647,Mason Cox,33,Ruck,16,57.1650554179482,Veterans
2024,Essendon,1001026,Jordan Ridley,25,Key Def,9,102.5250964178,Established Youth
2024,Essendon,1002143,Ben McKay,26,Key Def,23,67.8048210695122,Prime
2024,Essendon,1005577,Sam Draper,25,Ruck,16,75.9241973310241,Established Youth
2024,Essendon,1006096,Xavier Duursma,24,Wing,15,78.3660071262183,Established Youth
2024,Essendon,1006103,Jye Caldwell,23,Mid,23,93.9951658279061,Established Youth
2024,Essendon,1011755,Harrison Jones,23,Key Fwd,21,56.9110772912534,Established Youth
2024,Essendon,1011954,Nick Bryan,22,Ruck,5,70.6680540211841,Established Youth
2024,Essendon,1012013,Nic Martin,23,Gen Def,23,104.898844594868,Established Youth
2024,Essendon,1012817,Zach Reid,22,Key Def,1,14.6504620323415,Established Youth
2024,Essendon,1013201,Jye Menzie,21,Gen Fwd,14,33.9553674048242,Rising Stars
2024,Essendon,1015810,Sam Durham,23,Mid,22,89.48617855969,Established Youth
2024,Essendon,1015827,Nik Cox,22,Wing,20,49.6660220617678,Established Youth
2024,Essendon,1015873,Archie Perkins,22,Mid,18,64.4590137348357,Established Youth
2024,Essendon,1017088,Ben Hobbs,20,Gen Fwd,12,49.0110118161505,Rising Stars
2024,Essendon,1017933,Alwyn Davey,20,Gen Fwd,10,27.3667045651498,Rising Stars
2024,Essendon,1023515,Archie Roberts,18,Gen Def,4,78.4962127473592,Rising Stars
2024,Essendon,1023785,Elijah Tsatas,19,Wing,7,39.3774482712568,Rising Stars
2024,Essendon,1027899,Nate Caddy,19,Key Fwd,10,51.7701637005454,Rising Stars
2024,Essendon,271129,Todd Goldstein,36,Ruck,14,69.9760138302865,Old Timers
2024,Essendon,290629,Dyson Heppell,32,Gen Def,18,87.7916542343599,Veterans
2024,Essendon,291783,Dylan Shiel,31,Mid,9,76.7722378912138,Veterans
2024,Essendon,293884,Jake Stringer,30,Gen Fwd,23,63.2163935227095,Veterans
2024,Essendon,297452,Nick Hind,30,Gen Fwd,15,51.2061384954192,Veterans
2024,Essendon,297473,Jake Kelly,29,Gen Def,20,62.9669272025546,Prime
2024,Essendon,298280,Jayden Laverde,28,Key Def,21,67.4280365720792,Prime
2024,Essendon,298289,Peter Wright,28,Key Fwd,14,70.1972468302471,Prime
2024,Essendon,298421,Jade Gresham,26,Gen Fwd,22,59.1090287857483,Prime
2024,Essendon,298630,Kyle Langford,27,Key Fwd,23,78.4532539800226,Prime
2024,Essendon,992016,Zach Merrett,28,Mid,23,115.382730045989,Prime
2024,Essendon,993806,Sam Weideman,27,Key Def,1,33.2386504219109,Prime
2024,Essendon,993817,Darcy Parish,27,Mid,12,89.6553620285255,Prime
2024,Essendon,996232,Matt Guelfi,27,Gen Fwd,13,71.4448707211805,Prime
2024,Essendon,997078,Mason Redman,26,Gen Def,21,88.3217281984153,Prime
2024,Essendon,998102,Andrew McGrath,26,Gen Def,23,95.4229636397325,Prime
2024,Essendon,998215,Will Setterfield,26,Mid,4,107.341347824579,Prime
2024,Fremantle,1002232,Andrew Brayshaw,24,Mid,23,110.152875944656,Established Youth
2024,Fremantle,1006152,Jordan Clark,23,Gen Def,23,104.488420278728,Established Youth
2024,Fremantle,1009256,Hayden Young,23,Mid,23,101.537246526189,Established Youth
2024,Fremantle,1009380,Jeremy Sharp,23,Wing,23,70.0566688117732,Established Youth
2024,Fremantle,1009399,Luke Jackson,22,Ruck,23,94.501282307993307,Established Youth
2024,Fremantle,1009410,Brandon Walker,21,Gen Def,19,61.154559191446,Rising Stars
2024,Fremantle,1009420,Caleb Serong,23,Mid,23,115.708351905495,Established Youth
2024,Fremantle,1012819,Josh Treacy,22,Key Fwd,20,84.3376005983148,Established Youth
2024,Fremantle,1013220,Nathan O'Driscoll,22,Wing,2,52.4665953212292,Established Youth
2024,Fremantle,1013224,Heath Chapman,22,Gen Def,16,70.7491562190807,Established Youth
2024,Fremantle,1013611,Sam Sturt,24,Gen Fwd,13,53.077835360426,Established Youth
2024,Fremantle,1016825,Matthew Johnson,21,Wing,19,63.4545105235543,Rising Stars
2024,Fremantle,1017754,Patrick Voss,21,Key Fwd,7,46.0909233987221,Rising Stars
2024,Fremantle,1020250,Neil Erasmus,20,Mid-Fwd,4,23.081826368726,Rising Stars
2024,Fremantle,1020594,Jye Amiss,21,Key Fwd,22,57.0152225682629,Rising Stars
2024,Fremantle,1020668,Joshua Draper,20,Key Def,20,49.533624386768,Rising Stars
2024,Fremantle,1020695,Tom Emmett,22,Gen Fwd,13,39.2679526323157,Established Youth
2024,Fremantle,1021015,Karl Worner,22,Gen Def,4,43.0005009291562,Established Youth
2024,Fremantle,1022927,Hugh Davies,19,Key Def,2,27.1376876137633,Rising Stars
2024,Fremantle,1023346,Liam Reidy,24,Ruck,2,40.8068414155373,Established Youth
2024,Fremantle,1027656,Cooper Simpson,19,Gen Fwd,2,37.1546093506236,Rising Stars
2024,Fremantle,281007,Michael Walters,33,Gen Fwd,17,44.0050098501743,Veterans
2024,Fremantle,291570,Nat Fyfe,32,Mid,22,69.2423065295899,Veterans
2024,Fremantle,293854,Matt Taberner,31,Key Fwd,5,37.7667992703198,Veterans
2024,Fremantle,294613,Jaeger O'Meara,30,Wing,22,64.9877630040672,Veterans
2024,Fremantle,295067,James Aish,28,Gen Def,20,61.875233948717,Prime
2024,Fremantle,298409,Alex Pearce,29,Key Def,15,68.3008760149467,Prime
2024,Fremantle,992059,Sam Switkowski,27,Gen Fwd,20,77.2885009628384,Prime
2024,Fremantle,992472,Oscar McDonald,28,Key Def,1,27.2995592025025,Prime
2024,Fremantle,993940,Corey Wagner,27,Gen Def,12,63.2920682727032,Prime
2024,Fremantle,996580,Ethan Hughes,29,Gen Def,6,52.5025195499258,Prime
2024,Fremantle,997033,Brennan Cox,26,Key Def,9,65.2990345138247,Prime
2024,Fremantle,998145,Sean Darcy,26,Ruck,12,98.0408813342603,Prime
2024,Fremantle,998180,Bailey Banfield,26,Gen Fwd,22,62.4733952444432,Prime
2024,Fremantle,998659,Luke Ryan,28,Gen Def,23,116.435830749982,Prime
2024,Fremantle,999321,Michael Frederick,24,Gen Fwd,20,50.3396305628196,Established Youth
2024,GWS GIANTS,1001396,Isaac Cumming,26,Wing,6,72.451159820995,Prime
2024,GWS GIANTS,1002251,Brent Daniels,25,Gen Fwd,24,88.1702220234176,Established Youth
2024,GWS GIANTS,1004530,Jacob Wehr,26,Wing,11,55.4155986649614,Prime
2024,GWS GIANTS,1005247,Sam Taylor,25,Key Def,18,71.2863434460514,Established Youth
2024,GWS GIANTS,1006013,James Peatling,24,Mid,19,67.3074568603995,Established Youth
2024,GWS GIANTS,1006135,Xavier O'Halloran,24,Mid-Fwd,19,51.920875844704,Established Youth
2024,GWS GIANTS,1008083,Connor Idun,24,Gen Def,25,85.4575890213645,Established Youth
2024,GWS GIANTS,1008123,Jake Riccardi,24,Key Fwd,19,57.3409992995489,Established Youth
2024,GWS GIANTS,1008139,Toby Bedford,24,Mid-Fwd,23,61.819729446102,Established Youth
2024,GWS GIANTS,1008436,Kieren Briggs,24,Ruck,24,94.8844352802733,Established Youth
2024,GWS GIANTS,1008691,Leek Aleer,22,Key Def,8,59.3547872367012,Established Youth
2024,GWS GIANTS,1009253,Lachie Ash,23,Gen Def,19,82.9382588608891,Established Youth
2024,GWS GIANTS,1009528,Tom Green,23,Mid,25,106.059646123947,Established Youth
2024,GWS GIANTS,1009708,Jack Buckley,26,Key Def,23,77.3187114345113,Prime
2024,GWS GIANTS,1014038,Callum Brown,24,Gen Fwd,13,49.2882089754214,Established Youth
2024,GWS GIANTS,1015777,Ryan Angwin,21,Wing,4,56.5014218109697,Rising Stars
2024,GWS GIANTS,1015862,Conor Stone,22,Gen Fwd,4,19.7005697349133,Established Youth
2024,GWS GIANTS,1019038,Aaron Cadman,20,Key Fwd,23,49.4699823320739,Rising Stars
2024,GWS GIANTS,1020650,Darcy Jones,20,Gen Fwd,14,64.1160024072137,Rising Stars
2024,GWS GIANTS,1023266,Finn Callaghan,21,Mid,24,80.1629208003293,Rising Stars
2024,GWS GIANTS,1027921,Max Gruzewski,20,Key Fwd,4,20.8210700792691,Rising Stars
2024,GWS GIANTS,1027925,Harvey Thomas,19,Gen Fwd,22,52.3474864732134,Rising Stars
2024,GWS GIANTS,1027971,Toby McMullin,20,Gen Fwd,14,42.3370229141653,Rising Stars
2024,GWS GIANTS,1032629,Joe Fonti,19,Gen Def,5,37.4309635520388,Rising Stars
2024,GWS GIANTS,280109,Callan Ward,34,Wing,20,79.757464709984,Old Timers
2024,GWS GIANTS,290314,Lachlan Keeffe,34,Ruck,5,56.1726456807407,Old Timers
2024,GWS GIANTS,291969,Stephen Coniglio,30,Mid,15,72.9042900486811,Veterans
2024,GWS GIANTS,294305,Lachie Whitfield,30,Gen Def,25,109.575305072447,Veterans
2024,GWS GIANTS,295265,Nick Haynes,32,Gen Def,8,69.6848741548219,Veterans
2024,GWS GIANTS,295344,Toby Greene,30,Gen Fwd,24,77.1091784121355,Veterans
2024,GWS GIANTS,296324,Jesse Hogan,29,Key Fwd,25,94.4186177947421,Prime
2024,GWS GIANTS,296347,Josh Kelly,29,Mid,17,96.5221549165307,Prime
2024,GWS GIANTS,993107,Harry Himmelberg,28,Gen Def,25,91.1433492448524,Prime
2024,GWS GIANTS,998205,Harry Perryman,25,Gen Def,21,75.5706605066832,Established Youth
2024,Geelong Cats,1000937,Jack Henry,26,Key Def,25,65.7937190868568,Prime
2024,Geelong Cats,1004870,Zach Guthrie,26,Gen Def,25,86.2032333260425,Prime
2024,Geelong Cats,1004938,Gryan Miers,25,Gen Fwd,25,84.6736679637124,Established Youth
2024,Geelong Cats,1007102,Mark O'Connor,27,Gen Def,13,56.691433320294,Prime
2024,Geelong Cats,1009229,Sam De Koning,23,Key Def,19,66.9686155002275,Established Youth
2024,Geelong Cats,1012805,Tanner Bruhn,22,Mid,17,72.243532988071,Established Youth
2024,Geelong Cats,1012860,Oliver Henry,22,Key Fwd,23,56.20652456648,Established Youth
2024,Geelong Cats,1013464,Lawson Humphries,21,Gen Def,11,83.8555318764677,Rising Stars
2024,Geelong Cats,1015889,Max Holmes,22,Gen Def,25,100.319543397834,Established Youth
2024,Geelong Cats,1016433,Shannon Neale,22,Key Fwd,15,55.0439547796056,Established Youth
2024,Geelong Cats,1017063,Toby Conway,21,Ruck,5,79.6362014521922,Rising Stars
2024,Geelong Cats,1021103,Mitch Knevitt,21,Wing,4,46.3969119959938,Rising Stars
2024,Geelong Cats,1023537,Jhye Clark,20,Mid,15,44.0256340761209,Rising Stars
2024,Geelong Cats,1023542,Ted Clohesy,20,Mid-Fwd,2,22.7631154246173,Rising Stars
2024,Geelong Cats,1024982,Oisin Mullin,24,Gen Def,12,41.6605999616135,Established Youth
2024,Geelong Cats,1025034,Oliver Dempsey,21,Wing,25,75.0139242165259,Rising Stars
2024,Geelong Cats,1027877,Connor O'Sullivan,19,Key Def,1,45.8230546939012,Rising Stars
2024,Geelong Cats,261510,Tom Hawkins,36,Key Fwd,12,55.725087316312,Old Timers
2024,Geelong Cats,270917,Patrick Dangerfield,34,Mid,16,84.3894026969794,Old Timers
2024,Geelong Cats,280317,Rhys Stanley,33,Ruck,14,69.5889791319187,Veterans
2024,Geelong Cats,281065,Mitch Duncan,33,Gen Def,22,75.8146602016824,Veterans
2024,Geelong Cats,290550,Cameron Guthrie,32,Mid,4,64.6702688955977,Veterans
2024,Geelong Cats,291357,Gary Rohan,33,Key Fwd,12,35.3395181065703,Veterans
2024,Geelong Cats,291800,Tom Stewart,31,Gen Def,23,97.3229061687874,Veterans
2024,Geelong Cats,292511,Zach Tuohy,34,Wing,18,63.0457665858026,Old Timers
2024,Geelong Cats,293845,Jeremy Cameron,31,Key Fwd,24,86.8564843876211,Veterans
2024,Geelong Cats,293883,Jed Bews,30,Gen Def,5,41.6987611665239,Veterans
2024,Geelong Cats,296291,Jake Kolodjashnij,29,Key Def,24,68.0111988040564,Prime
2024,Geelong Cats,296733,Mark Blicavs,33,Ruck,24,68.946922459165,Veterans
2024,Geelong Cats,298419,Brandan Parfitt,26,Mid,9,71.3345246339945,Prime
2024,Geelong Cats,993878,Shaun Mannagh,27,Gen Fwd,12,77.2069696698392,Prime
2024,Geelong Cats,994386,Tom Atkins,28,Mid,22,79.2553691258998,Prime
2024,Geelong Cats,997230,Tyson Stengle,25,Gen Fwd,25,72.4701550489264,Established Youth
2024,Geelong Cats,998260,Jack Bowes,26,Mid,22,82.7089213298805,Prime
2024,Geelong Cats,999326,Brad Close,26,Gen Fwd,25,60.9925485556601,Prime
2024,Gold Coast SUNS,1004095,Jack Lukosius,24,Gen Fwd,21,67.3984102428241,Established Youth
2024,Gold Coast SUNS,1005986,Malcolm Rosas,23,Gen Fwd,7,43.8582943301496,Established Youth
2024,Gold Coast SUNS,1005992,Joel Jeffrey,22,Gen Def,12,65.4746625388983,Established Youth
2024,Gold Coast SUNS,1006100,Thomas Berry,24,Gen Fwd,17,51.4766930117187,Established Youth
2024,Gold Coast SUNS,1006144,Ben King,24,Key Fwd,22,59.0643122354797,Established Youth
2024,Gold Coast SUNS,1007881,Wil Powell,24,Gen Def,18,88.5635249636567,Established Youth
2024,Gold Coast SUNS,1008454,Connor Budarick,23,Gen Def,8,63.5265369063199,Established Youth
2024,Gold Coast SUNS,1008882,Charlie Ballard,25,Key Def,23,63.5751587212377,Established Youth
2024,Gold Coast SUNS,1009199,Noah Anderson,23,Mid,23,107.037388305692,Established Youth
2024,Gold Coast SUNS,1009208,Matt Rowell,23,Mid,23,102.158432100351,Established Youth
2024,Gold Coast SUNS,1009260,Sam Flanders,23,Gen Def,22,119.009896445009,Established Youth
2024,Gold Coast SUNS,1013257,Sam Clohesy,21,Wing,20,69.7209403591313,Rising Stars
2024,Gold Coast SUNS,1013268,Alex Davies,22,Mid,7,68.8559889281897,Established Youth
2024,Gold Coast SUNS,1017396,Mac Andrew,20,Key Def,20,73.6830154614507,Rising Stars
2024,Gold Coast SUNS,1017665,Bodhi Uwland,21,Gen Def,21,72.8962326193933,Rising Stars
2024,Gold Coast SUNS,1018123,Jake Rogers,19,Gen Fwd,9,39.0206958448178,Rising Stars
2024,Gold Coast SUNS,1021013,Ned Moyle,22,Ruck,8,85.6658417815312,Established Youth
2024,Gold Coast SUNS,1023500,Bailey Humphrey,20,Gen Fwd,21,50.1225410092591,Rising Stars
2024,Gold Coast SUNS,1023736,Jed Walter,19,Key Fwd,14,35.3948099019331,Rising Stars
2024,Gold Coast SUNS,1024666,Lloyd Johnston,20,Gen Fwd,7,46.7544676181777,Rising Stars
2024,Gold Coast SUNS,1026960,Will Graham,19,Mid,17,63.5879880190779,Rising Stars
2024,Gold Coast SUNS,1027033,Ethan Read,19,Key Fwd,4,39.3474296232405,Rising Stars
2024,Gold Coast SUNS,281124,Levi Casboult,34,Key Fwd,3,47.4827216728066,Old Timers
2024,Gold Coast SUNS,290832,David Swallow,31,Gen Fwd,20,43.380214077917,Veterans
2024,Gold Coast SUNS,291753,Sam Day,32,Key Fwd,5,70.2275047633047,Veterans
2024,Gold Coast SUNS,291975,Jarrod Witts,32,Ruck,16,107.873572407997,Veterans
2024,Gold Coast SUNS,293713,Brandon Ellis,31,Wing,4,41.3400823599442,Veterans
2024,Gold Coast SUNS,294013,Sean Lemmens,29,Gen Def,3,55.1012238740829,Prime
2024,Gold Coast SUNS,294472,Rory Atkins,30,Gen Def,3,38.221853329017,Veterans
2024,Gold Coast SUNS,294643,Alex Sexton,30,Gen Def,15,74.6508329479288,Veterans
2024,Gold Coast SUNS,295446,Sam Collins,30,Key Def,23,78.8669380009524,Veterans
2024,Gold Coast SUNS,297456,Nick Holman,29,Mid-Fwd,21,53.9833901276026,Prime
2024,Gold Coast SUNS,298272,Touk Miller,28,Mid,18,102.555084517977,Prime
2024,Gold Coast SUNS,298524,Lachie Weller,28,Gen Def,6,62.2748338838217,Prime
2024,Gold Coast SUNS,993799,Brayden Fiorini,26,Wing,12,72.8993743306655,Prime
2024,Gold Coast SUNS,993917,Ben Long,26,Gen Fwd,17,59.0882892857919,Prime
2024,Gold Coast SUNS,996464,Darcy Macpherson,26,Wing,2,8.20567148274744,Prime
2024,Gold Coast SUNS,998130,Ben Ainsworth,26,Gen Fwd,17,66.0329659758411,Prime
2024,Hawthorn,1000887,Mitch Lewis,25,Key Fwd,4,41.4268926978512,Established Youth
2024,Hawthorn,1000963,Harry Morrison,25,Wing,12,61.6433941242197,Established Youth
2024,Hawthorn,1000980,Lloyd Meek,26,Ruck,21,104.438696283499,Prime
2024,Hawthorn,1001024,Ned Reeves,25,Ruck,4,56.8009256666225,Established Youth
2024,Hawthorn,1002222,James Worpel,25,Mid,25,86.4953964896139,Established Youth
2024,Hawthorn,1005052,Ethan Phillips,25,Key Def,1,63.6757063815303,Established Youth
2024,Hawthorn,1005144,Massimo D'Ambrosio,21,Wing,24,88.8262778997746,Rising Stars
2024,Hawthorn,1006314,Dylan Moore,25,Gen Fwd,25,96.4924274734986,Established Youth
2024,Hawthorn,1007124,Conor Nash,26,Mid,25,76.3029511752287,Prime
2024,Hawthorn,1008550,Will Day,23,Mid,16,91.1692175513977,Established Youth
2024,Hawthorn,1009421,Finn Maginness,23,Mid-Fwd,13,53.7161644074032,Established Youth
2024,Hawthorn,1010708,Sam Butler,21,Gen Fwd,2,23.8073655451612,Rising Stars
2024,Hawthorn,1012857,Jack Ginnivan,21,Gen Fwd,23,71.9915318657755,Rising Stars
2024,Hawthorn,1017091,Jai Serong,21,Key Def,5,45.1058017199464,Rising Stars
2024,Hawthorn,1017094,Connor Macdonald,21,Gen Fwd,25,74.5855800746487,Rising Stars
2024,Hawthorn,1017110,Josh Ward,21,Wing,12,56.4783694868062,Rising Stars
2024,Hawthorn,1018016,Seamus Mitchell,22,Gen Def,10,37.4074020228625,Established Youth
2024,Hawthorn,1020895,Jai Newcombe,23,Mid,25,101.729528083213,Established Youth
2024,Hawthorn,1023473,Nick Watson,19,Gen Fwd,18,67.4270230990438,Rising Stars
2024,Hawthorn,1023482,Cam Mackenzie,20,Wing,20,60.8339897384876,Rising Stars
2024,Hawthorn,1023680,Henry Hustwaite,20,Mid,4,25.0104836600432,Rising Stars
2024,Hawthorn,1027935,Josh Weddle,20,Key Def,25,72.7565256396197,Rising Stars
2024,Hawthorn,1027965,Max Ramsden,21,Key Fwd,3,34.0086143989323,Rising Stars
2024,Hawthorn,1032100,Calsher Dear,19,Key Fwd,17,52.4644355837426,Rising Stars
2024,Hawthorn,280744,Luke Breust,33,Gen Fwd,19,39.0867616895811,Veterans
2024,Hawthorn,291351,Jack Gunston,32,Key Fwd,18,55.0487203971323,Veterans
2024,Hawthorn,293738,Sam Frost,30,Key Def,24,48.7616093845124,Veterans
2024,Hawthorn,296254,Jarman Impey,29,Gen Def,25,81.7969762029747,Prime
2024,Hawthorn,297354,Karl Amon,29,Gen Def,25,91.5144284037522,Prime
2024,Hawthorn,297566,James Sicily,29,Key Def,22,100.207111998925,Prime
2024,Hawthorn,993794,Blake Hardwick,27,Gen Def,25,77.1150000319904,Prime
2024,Hawthorn,994077,Mabior Chol,27,Key Fwd,23,60.2869357154098,Prime
2024,Hawthorn,998114,Jack Scrimshaw,26,Key Def,24,83.8104021023819,Prime
2024,Hawthorn,998390,Changkuoth Jiath,25,Wing,11,57.7727731748827,Established Youth
2024,Melbourne,1001438,Bayley Fritsch,27,Key Fwd,23,54.5227928998686,Prime
2024,Melbourne,1002282,Charlie Spargo,24,Gen Fwd,1,35.7677716081308,Established Youth
2024,Melbourne,1005330,Kade Chandler,24,Gen Fwd,23,63.2209208358345,Established Youth
2024,Melbourne,1008541,Kysaiah Pickett,23,Gen Fwd,21,73.3857670895464,Established Youth
2024,Melbourne,1008893,Harrison Petty,24,Key Fwd,20,51.8775850620278,Established Youth
2024,Melbourne,1009378,Trent Rivers,23,Gen Def,23,85.8135243201008,Established Youth
2024,Melbourne,1012825,Jake Bowey,22,Gen Def,14,62.7233394002313,Established Youth
2024,Melbourne,1012826,Bailey Laurie,22,Mid-Fwd,6,31.4384647047801,Established Youth
2024,Melbourne,1013165,Andy Moniz-Wakefield,20,Gen Def,6,53.5104250429086,Rising Stars
2024,Melbourne,1017122,Blake Howes,21,Gen Def,16,58.1071012010821,Rising Stars
2024,Melbourne,1017703,Judd McVee,21,Gen Def,23,70.8537617520656,Rising Stars
2024,Melbourne,1017720,Jacob van Rooyen,21,Key Fwd,21,61.5073228135732,Rising Stars
2024,Melbourne,1018425,Taj Woewodin,21,Gen Def,16,28.5337269674765,Rising Stars
2024,Melbourne,1020959,Daniel Turner,22,Key Fwd,15,43.571048584614,Established Youth
2024,Melbourne,1023640,Koltyn Tholstrup,19,Gen Fwd,10,57.9780970768105,Rising Stars
2024,Melbourne,1027821,Caleb Windsor,19,Wing,19,59.7086657137853,Rising Stars
2024,Melbourne,1027949,Kynan Brown,19,Wing,2,18.21020767985,Rising Stars
2024,Melbourne,280824,Jake Melksham,32,Gen Fwd,8,51.0613590630248,Veterans
2024,Melbourne,281085,Steven May,32,Key Def,19,90.4124279662208,Veterans
2024,Melbourne,290528,Max Gawn,32,Ruck,21,124.14856729279,Veterans
2024,Melbourne,291533,Tom McDonald,32,Key Def,22,79.4328049335364,Veterans
2024,Melbourne,291819,Adam Tomlinson,31,Key Def,8,75.0209587000428,Veterans
2024,Melbourne,291867,Ben Brown,31,Key Fwd,6,37.9298672845266,Veterans
2024,Melbourne,291902,Jack Viney,30,Mid,23,88.1325049245287,Veterans
2024,Melbourne,294557,Lachie Hunter,29,Wing,2,38.9582643738807,Prime
2024,Melbourne,296351,Jack Billings,29,Mid-Fwd,16,57.6754340820998,Prime
2024,Melbourne,296359,Christian Salem,29,Gen Def,17,80.0250743423285,Prime
2024,Melbourne,296420,Alex Neal-Bullen,28,Mid-Fwd,23,85.0495535333211,Prime
2024,Melbourne,298210,Christian Petracca,28,Mid,13,103.228258659787,Prime
2024,Melbourne,298264,Ed Langdon,28,Wing,22,80.1898411948528,Prime
2024,Melbourne,298281,Jake Lever,28,Key Def,18,70.247169318429,Prime
2024,Melbourne,298470,Shane McAdam,29,Gen Fwd,3,42.0759711202544,Prime
2024,Melbourne,993841,Josh Schache,26,Key Fwd,1,27.048833431937,Prime
2024,Melbourne,996692,Marty Hore,28,Gen Def,6,51.4004506260203,Prime
2024,Melbourne,996701,Clayton Oliver,27,Mid,21,83.7606019413136,Prime
2024,Melbourne,999391,Tom Sparrow,24,Mid,21,64.6836231165012,Established Youth
2024,North Melbourne,1000061,Callum Coleman-Jones,25,Key Fwd,3,34.1631469766428,Established Youth
2024,North Melbourne,1001017,Nick Larkey,26,Key Fwd,23,60.9364928624216,Prime
2024,North Melbourne,1002138,Toby Pink,26,Key Fwd,15,38.8663209718566,Prime
2024,North Melbourne,1002240,Jaidyn Stephenson,25,Gen Fwd,12,53.0919738968828,Established Youth
2024,North Melbourne,1002267,Luke Davies-Uniacke,25,Mid,23,109.14248204139,Established Youth
2024,North Melbourne,1002947,Paul Curtis,21,Gen Fwd,23,58.937131032415,Rising Stars
2024,North Melbourne,1004848,Dylan Stephens,23,Wing,16,48.0387820603951,Established Youth
2024,North Melbourne,1004965,Tristan Xerri,25,Ruck,23,119.855143717081,Established Youth
2024,North Melbourne,1006058,Bailey Scott,24,Wing,23,73.6687945491144,Established Youth
2024,North Melbourne,1006137,Curtis Taylor,24,Mid-Fwd,8,51.6039631921314,Established Youth
2024,North Melbourne,1006193,Bigoa Nyuon,23,Key Def,3,60.3661566109256,Established Youth
2024,North Melbourne,1007591,Brynn Teakle,24,Key Fwd,11,45.3813823548665,Established Youth
2024,North Melbourne,1011659,Tom Powell,22,Mid,23,80.3010834201433,Established Youth
2024,North Melbourne,1012144,Kallan Dawson,26,Key Def,11,52.3865291608998,Prime
2024,North Melbourne,1012829,Will Phillips,22,Mid,11,62.5444047206917,Established Youth
2024,North Melbourne,1012833,Eddie Ford,22,Gen Fwd,18,52.7248139513155,Established Youth
2024,North Melbourne,1012852,Charlie Lazzaro,22,Mid-Fwd,9,38.501111723435,Established Youth
2024,North Melbourne,1015781,Charlie Comben,23,Key Def,19,76.2302514546784,Established Youth
2024,North Melbourne,1017095,Miller Bergman,21,Gen Def,3,32.1424832451267,Rising Stars
2024,North Melbourne,1017118,Josh Goater,21,Gen Def,1,41.8374801722054,Rising Stars
2024,North Melbourne,1020968,Jackson Archer,21,Gen Def,15,45.9592286942023,Rising Stars
2024,North Melbourne,1023144,Robert Hansen Jr,20,Gen Fwd,6,34.1333379378407,Rising Stars
2024,North Melbourne,1023475,Blake Drury,20,Gen Fwd,6,38.9490503965612,Rising Stars
2024,North Melbourne,1023477,George Wardlaw,20,Mid,18,85.6091184326026,Rising Stars
2024,North Melbourne,1023494,Zane Duursma,18,Gen Fwd,13,36.2815086878705,Rising Stars
2024,North Melbourne,1023518,Harry Sheezel,19,Gen Def,21,117.951272916444,Rising Stars
2024,North Melbourne,1023625,Riley Hardeman,19,Gen Def,3,44.630330318228,Rising Stars
2024,North Melbourne,1024272,Colby McKercher,19,Gen Def,16,88.4560265753663,Rising Stars
2024,North Melbourne,1028551,Wil Dawson,18,Key Def,3,56.9253482284326,Rising Stars
2024,North Melbourne,1031819,Tyler Sellers,22,Key Fwd,2,4.52497595801893,Established Youth
2024,North Melbourne,280737,Liam Shiels,33,Wing,17,47.2089359741099,Veterans
2024,North Melbourne,281091,Hugh Greenwood,32,Key Fwd,3,57.9639549928195,Veterans
2024,North Melbourne,294508,Aidan Corr,30,Key Def,23,64.2257278380709,Veterans
2024,North Melbourne,296355,Luke McDonald,29,Gen Def,22,66.3632081208298,Prime
2024,North Melbourne,993816,Darcy Tucker,27,Gen Def,23,65.9571233289976,Prime
2024,North Melbourne,993998,Jy Simpkin,26,Mid-Fwd,18,79.6482572691224,Prime
2024,North Melbourne,997933,Griffin Logue,26,Key Def,2,64.5698460038844,Prime
2024,North Melbourne,998484,Cameron Zurhaar,26,Gen Fwd,22,69.0398830252163,Prime
2024,North Melbourne,999827,Zac Fisher,26,Gen Def,18,84.9530456922587,Prime
2024,Port Adelaide,1000972,Willem Drew,25,Mid,26,90.3706754172886,Established Youth
2024,Port Adelaide,1001299,Connor Rozee,24,Mid,23,96.6495728079911,Established Youth
2024,Port Adelaide,1002220,Esava Ratugolea,26,Key Def,23,56.8313887727708,Prime
2024,Port Adelaide,1002253,Kane Farrell,25,Gen Def,22,82.5254645472643,Established Youth
2024,Port Adelaide,1004034,Brandon Zerk-Thatcher,26,Key Def,26,62.7748436883293,Prime
2024,Port Adelaide,1004819,Jed Mcentee,23,Gen Fwd,14,37.2953840347314,Established Youth
2024,Port Adelaide,1004998,Todd Marshall,25,Key Fwd,19,53.8614927635392,Established Youth
2024,Port Adelaide,1005326,Jackson Mead,22,Mid-Fwd,26,57.8924776645378,Established Youth
2024,Port Adelaide,1006121,Zak Butters,24,Mid,26,112.89393598609,Established Youth
2024,Port Adelaide,1009191,Miles Bergman,22,Gen Def,26,76.1884537843146,Established Youth
2024,Port Adelaide,1009195,Dylan Williams,23,Gen Def,5,42.7728097005293,Established Youth
2024,Port Adelaide,1010174,Mitch Georgiades,22,Key Fwd,20,69.5068157413664,Established Youth
2024,Port Adelaide,1011583,Lachie Jones,22,Gen Def,21,52.5600564040037,Established Youth
2024,Port Adelaide,1011640,Jason Horne-Francis,21,Mid-Fwd,24,98.1362175967291,Rising Stars
2024,Port Adelaide,1012881,Ollie Lord,22,Key Fwd,6,42.2514717133895,Established Youth
2024,Port Adelaide,1013462,Jase Burgoyne,21,Wing,23,81.8537174681658,Rising Stars
2024,Port Adelaide,1017078,Josh Sinn,21,Gen Def,6,52.5333132677467,Rising Stars
2024,Port Adelaide,1017128,Dante Visentini,21,Ruck,3,65.9061570480263,Rising Stars
2024,Port Adelaide,1017255,Francis Evans,22,Gen Fwd,17,39.3765343283811,Established Youth
2024,Port Adelaide,1019938,Logan Evans,18,Gen Def,13,67.4815821366747,Rising Stars
2024,Port Adelaide,1029262,Will Lorenz,19,Wing,2,22.3170112862861,Rising Stars
2024,Port Adelaide,250365,Travis Boak,36,Wing,23,78.4822763206813,Old Timers
2024,Port Adelaide,280711,Charlie Dixon,34,Key Fwd,18,71.7611223333002,Old Timers
2024,Port Adelaide,294318,Ollie Wines,29,Mid,25,98.0489407167249,Prime
2024,Port Adelaide,294469,Aliir Aliir,30,Key Def,25,76.6059585694768,Veterans
2024,Port Adelaide,296225,Willie Rioli,29,Gen Fwd,20,65.2662337008333,Prime
2024,Port Adelaide,298111,Jeremy Finlayson,28,Key Fwd,12,56.6688880885661,Prime
2024,Port Adelaide,991930,Darcy Byrne-Jones,28,Gen Fwd,26,63.357852867643,Prime
2024,Port Adelaide,992128,Ryan Burton,27,Gen Def,15,74.388360725867,Prime
2024,Port Adelaide,992330,Jordon Sweet,26,Ruck,17,88.9756395326768,Prime
2024,Port Adelaide,993979,Sam Powell-Pepper,26,Gen Fwd,3,52.3931098822658,Prime
2024,Port Adelaide,994295,Dan Houston,27,Gen Def,22,106.839682228734,Prime
2024,Port Adelaide,998529,Ivan Soldo,28,Ruck,8,82.5975439064395,Prime
2024,Port Adelaide,999824,Quinton Narkle,26,Gen Fwd,13,28.7756564610132,Prime
2024,Richmond,1000223,Liam Baker,26,Mid-Fwd,18,82.3336898579194,Prime
2024,Richmond,1000981,Daniel Rioli,27,Gen Def,23,93.0521182093151,Prime
2024,Richmond,1002245,Noah Balta,24,Key Def,19,62.1908571071652,Established Youth
2024,Richmond,1002403,Ben Miller,24,Key Def,21,72.678577837751,Established Youth
2024,Richmond,1006030,Jacob Koschitzke,24,Key Fwd,14,50.5503345486376,Established Youth
2024,Richmond,1006133,Jack Ross,24,Mid,7,63.7442621248754,Established Youth
2024,Richmond,1008478,Rhyan Mansell,24,Gen Fwd,21,59.7424602258784,Established Youth
2024,Richmond,1008616,Matthew Coulthard,23,Gen Fwd,2,12.7869275673148,Established Youth
2024,Richmond,1008747,Mykelti Lefau,26,Key Fwd,10,53.669754358816,Prime
2024,Richmond,1009226,Thomson Dow,22,Mid,17,59.5415376507221,Established Youth
2024,Richmond,1009308,Noah Cumberland,23,Gen Fwd,7,32.3873029467454,Established Youth
2024,Richmond,1009551,Maurice Rioli,22,Gen Fwd,9,54.7793904324033,Established Youth
2024,Richmond,1011985,Hugo Ralphsmith,22,Wing,18,52.7302143449872,Established Youth
2024,Richmond,1012386,Samson Ryan,23,Ruck,8,43.5596858842971,Established Youth
2024,Richmond,1013197,Sam Banks,21,Wing,15,46.8388546868661,Rising Stars
2024,Richmond,1013229,Jacob Blight,22,Key Def,3,65.5553062633627,Established Youth
2024,Richmond,1017043,Judson Clarke,20,Gen Fwd,1,8.28148513565587,Rising Stars
2024,Richmond,1017059,Josh Gibcus,21,Key Def,2,47.5401559644234,Rising Stars
2024,Richmond,1017086,Tom Brown,21,Gen Def,18,56.1251596422557,Rising Stars
2024,Richmond,1017114,Tyler Sonsie,21,Gen Fwd,14,39.5784018131011,Rising Stars
2024,Richmond,1018433,Tylar Young,26,Key Def,9,43.6639597492485,Prime
2024,Richmond,1019916,Kane McAuliffe,19,Mid,9,45.1794912440598,Rising Stars
2024,Richmond,1021152,Jacob Bauer,22,Key Fwd,3,57.3437764131889,Established Youth
2024,Richmond,1022999,Kaleb Smith,19,Gen Def,4,24.8955640346748,Rising Stars
2024,Richmond,1023056,Steely Green,20,Gen Fwd,6,37.6587189203528,Rising Stars
2024,Richmond,1023275,Seth Campbell,19,Gen Fwd,21,50.4293368727751,Rising Stars
2024,Richmond,1031829,James Trezise,22,Gen Def,7,56.5535605520699,Established Youth
2024,Richmond,280819,Dylan Grimes,33,Key Def,5,40.2785240935532,Veterans
2024,Richmond,290627,Dion Prestia,31,Mid,13,79.1951580022005,Veterans
2024,Richmond,290847,Dustin Martin,33,Gen Fwd,13,63.4119650828394,Veterans
2024,Richmond,293813,Tom Lynch,31,Key Fwd,4,42.4204802794829,Veterans
2024,Richmond,294592,Kamdyn McIntosh,30,Wing,22,45.934232839418,Veterans
2024,Richmond,294674,Nick Vlastuin,30,Gen Def,22,91.1711087163136,Veterans
2024,Richmond,295203,Nathan Broad,31,Gen Def,22,67.072121820293,Veterans
2024,Richmond,298144,Sam Naismith,32,Ruck,3,60.3424551507163,Veterans
2024,Richmond,298174,Toby Nankervis,30,Ruck,21,110.177116873804,Veterans
2024,Richmond,990827,Jack Graham,26,Mid-Fwd,14,69.6913219447687,Prime
2024,Richmond,992049,Jayden Short,28,Gen Def,22,82.1289970141114,Prime
2024,Richmond,993771,Marlion Pickett,32,Mid-Fwd,13,54.9878175313532,Veterans
2024,Richmond,993903,Jacob Hopper,27,Mid,12,80.8502816271624,Prime
2024,Richmond,993993,Shai Bolton,25,Mid-Fwd,22,77.1891556355406,Established Youth
2024,Richmond,998172,Tim Taranto,26,Mid,15,94.458795545709,Prime
2024,St Kilda,1002227,Jack Higgins,25,Gen Fwd,20,70.8768689343137,Established Youth
2024,St Kilda,1002256,Paddy Dow,24,Mid,10,60.6392340688996,Established Youth
2024,St Kilda,1002264,Hunter Clark,25,Mid,11,76.5677258907792,Established Youth
2024,St Kilda,1004985,Ben Paton,25,Gen Def,4,27.4930009531471,Established Youth
2024,St Kilda,1005988,Liam Henry,22,Gen Fwd,12,62.0186098145181,Established Youth
2024,St Kilda,1006143,Max King,24,Key Fwd,12,55.7335139001426,Established Youth
2024,St Kilda,1008312,Liam Stocker,24,Gen Def,16,52.6454984625979,Established Youth
2024,St Kilda,1011994,Ryan Byrnes,23,Wing,15,60.5361621760594,Established Youth
2024,St Kilda,1015507,Nasiah Wanganeen-Milera,21,Gen Def,22,100.889771802323,Rising Stars
2024,St Kilda,1017077,Angus McLennan,20,Gen Def,2,52.5875762374544,Rising Stars
2024,St Kilda,1017959,Lance Collard,19,Gen Fwd,3,6.56978555412251,Rising Stars
2024,St Kilda,1018018,Cooper Sharman,24,Key Fwd,18,56.202414787541,Established Youth
2024,St Kilda,1020137,Mattaes Phillipou,19,Mid-Fwd,13,58.3624876488685,Rising Stars
2024,St Kilda,1023270,Marcus Windhager,21,Mid,15,71.8048740196372,Rising Stars
2024,St Kilda,1023272,Mitch Owens,20,Gen Fwd,23,63.8186697208315,Rising Stars
2024,St Kilda,1023784,Anthony Caminiti,20,Key Fwd,15,53.5112137385035,Rising Stars
2024,St Kilda,1024279,Arie Schoenmaker,19,Gen Def,4,62.7511695105411,Rising Stars
2024,St Kilda,1027790,Hugo Garcia,19,Mid-Fwd,9,45.4747192227309,Rising Stars
2024,St Kilda,1027872,Angus Hastie,18,Wing,5,20.3085690197742,Rising Stars
2024,St Kilda,1027875,Darcy Wilson,19,Mid-Fwd,23,65.3505040565542,Rising Stars
2024,St Kilda,290246,Tom Campbell,32,Ruck,2,45.5047769810512,Veterans
2024,St Kilda,290757,Jimmy Webster,31,Gen Def,15,61.7637183738547,Veterans
2024,St Kilda,293846,Sebastian Ross,31,Mid,13,69.3257443730622,Veterans
2024,St Kilda,294307,Brad Crouch,30,Mid,1,55.7540314709749,Veterans
2024,St Kilda,294596,Tim Membrey,30,Key Fwd,19,63.4520377911023,Veterans
2024,St Kilda,295340,Mason Wood,30,Mid-Fwd,18,80.1266517479313,Veterans
2024,St Kilda,295584,Bradley Hill,31,Mid-Fwd,22,72.0172779492641,Veterans
2024,St Kilda,296205,Jack Steele,28,Mid,23,108.612038775314,Prime
2024,St Kilda,296422,Callum Wilkie,28,Key Def,23,91.9160645042473,Prime
2024,St Kilda,990840,Jack Hayes,28,Ruck,2,67.5856131701487,Prime
2024,St Kilda,991939,Zaine Cordy,27,Key Def,8,46.6567174289311,Prime
2024,St Kilda,991988,Zak Jones,29,Mid,13,60.9731252282621,Prime
2024,St Kilda,992374,Dan Butler,28,Gen Fwd,16,40.149317289864896,Prime
2024,St Kilda,992468,Rowan Marshall,28,Ruck,23,111.962427824084,Prime
2024,St Kilda,993480,Dougal Howard,28,Key Def,15,59.436055021844,Prime
2024,St Kilda,994389,Jack Sinclair,29,Gen Def,22,109.842622887672,Prime
2024,St Kilda,994599,Riley Bonner,27,Gen Def,19,75.3402432547639,Prime
2024,St Kilda,998134,Josh Battle,26,Key Def,23,84.0850618071064,Prime
2024,Sydney Swans,1003203,Hayden McLean,25,Key Fwd,26,66.2475954101378,Established Youth
2024,Sydney Swans,1006028,Nick Blakey,24,Gen Def,26,95.6045994439285,Established Youth
2024,Sydney Swans,1006126,James Rowbottom,24,Mid,24,95.0983506065302,Established Youth
2024,Sydney Swans,1006232,Sam Wicks,24,Gen Fwd,16,44.7542570577136,Established Youth
2024,Sydney Swans,1008091,Joel Amartey,24,Key Fwd,25,55.8047526682608,Established Youth
2024,Sydney Swans,1008198,Tom McCartin,24,Key Def,22,61.1300287140535,Established Youth
2024,Sydney Swans,1011936,Justin McInerney,24,Wing,20,77.4581339094564,Established Youth
2024,Sydney Swans,1012014,Chad Warner,23,Mid,25,103.271270830279,Established Youth
2024,Sydney Swans,1012210,Matt Roberts,21,Gen Def,23,79.3811978984167,Rising Stars
2024,Sydney Swans,1013128,Errol Gulden,22,Wing,26,106.31099126873,Established Youth
2024,Sydney Swans,1013133,Braeden Campbell,22,Wing,23,48.309576485915,Established Youth
2024,Sydney Swans,1013230,Logan McDonald,22,Key Fwd,26,61.0846055352171,Established Youth
2024,Sydney Swans,1013409,James Jordon,23,Mid-Fwd,26,66.5478249077164,Established Youth
2024,Sydney Swans,1018424,Corey Warner,20,Gen Fwd,6,30.9056847091815,Rising Stars
2024,Sydney Swans,1024057,Caiden Cleary,19,Gen Fwd,5,28.7989482869505,Rising Stars
2024,Sydney Swans,1024096,Caleb Mitchell,20,Wing,2,28.0295891356693,Rising Stars
2024,Sydney Swans,290307,Dane Rampe,34,Gen Def,21,59.7051292352595,Old Timers
2024,Sydney Swans,290778,Luke Parker,31,Mid-Fwd,10,64.0305092327806,Veterans
2024,Sydney Swans,291776,Taylor Adams,30,Mid-Fwd,19,68.6242498776671,Veterans
2024,Sydney Swans,291848,Robbie Fox,31,Gen Fwd,18,51.0794117879755,Veterans
2024,Sydney Swans,291978,Harry Cunningham,30,Gen Def,23,58.0883522665216,Veterans
2024,Sydney Swans,293957,Brodie Grundy,30,Ruck,26,106.163493970661,Veterans
2024,Sydney Swans,295342,Jake Lloyd,30,Wing,26,84.6354537192895,Veterans
2024,Sydney Swans,298539,Isaac Heeney,28,Mid,24,114.987805186207,Prime
2024,Sydney Swans,990816,Aaron Francis,27,Key Def,5,49.7144944509617,Prime
2024,Sydney Swans,993905,Callum Mills,27,Gen Def,7,74.4424820642685,Prime
2024,Sydney Swans,996743,Lewis Melican,27,Key Def,24,54.1674274810575,Prime
2024,Sydney Swans,996765,Tom Papley,28,Gen Fwd,21,78.5326143564134,Prime
2024,Sydney Swans,997100,Will Hayward,25,Gen Fwd,26,66.0509307062225,Established Youth
2024,Sydney Swans,997142,Peter Ladhams,26,Ruck,1,37.9925538188714,Prime
2024,Sydney Swans,998103,Oliver Florent,26,Gen Def,26,78.6060884918122,Prime
2024,West Coast Eagles,1004364,Liam Ryan,27,Gen Fwd,16,56.4731013729608,Prime
2024,West Coast Eagles,1004385,Oscar Allen,25,Key Fwd,11,55.4361513046317,Established Youth
2024,West Coast Eagles,1006114,Bailey J. Williams,24,Ruck,23,68.7739552462859,Established Youth
2024,West Coast Eagles,1006550,Jack Petruccelle,25,Gen Fwd,16,50.5608892847474,Established Youth
2024,West Coast Eagles,1006576,Luke Edwards,22,Mid-Fwd,12,42.4663789737082,Established Youth
2024,West Coast Eagles,1011243,Callum Jamieson,24,Key Def,4,59.0048625942871,Established Youth
2024,West Coast Eagles,1011437,Harry Edwards,23,Key Def,9,55.7725672316833,Established Youth
2024,West Coast Eagles,1011449,Zane Trew,22,Mid,7,48.5357564167877,Established Youth
2024,West Coast Eagles,1013511,Tyler Brockman,21,Gen Fwd,10,42.1103148136831,Rising Stars
2024,West Coast Eagles,1017057,Campbell Chesser,21,Wing,18,44.3017039042102,Rising Stars
2024,West Coast Eagles,1017718,Rhett Bazzo,20,Key Def,1,24.6406447526813,Rising Stars
2024,West Coast Eagles,1020032,Loch Rawlinson,19,Gen Fwd,1,11.0066982469159,Rising Stars
2024,West Coast Eagles,1020057,Harry Barnett,20,Ruck,1,22.3254153885744,Rising Stars
2024,West Coast Eagles,1020371,Jack Williams,20,Key Fwd,18,53.613556032217,Rising Stars
2024,West Coast Eagles,1020802,Jai Culley,21,Mid-Fwd,3,43.5229549537939,Rising Stars
2024,West Coast Eagles,1023025,Reuben Ginbey,20,Mid,23,69.365161095416,Rising Stars
2024,West Coast Eagles,1023142,Tyrell Dewar,20,Gen Fwd,7,34.3420563987065,Rising Stars
2024,West Coast Eagles,1023167,Brady Hough,21,Gen Def,23,62.5882832631338,Rising Stars
2024,West Coast Eagles,1023492,Harley Reid,19,Mid,20,80.4993746876519,Rising Stars
2024,West Coast Eagles,1023496,Noah Long,20,Gen Fwd,7,48.6506010625618,Rising Stars
2024,West Coast Eagles,1024188,Clay Hall,19,Wing,3,34.2428512176186,Rising Stars
2024,West Coast Eagles,1027969,Harvey Johnston,19,Gen Def,6,30.7404596709534,Rising Stars
2024,West Coast Eagles,1029416,Ryan Maric,20,Mid-Fwd,19,41.5305031023127,Rising Stars
2024,West Coast Eagles,1036098,Jack Hutchinson,22,Gen Fwd,7,48.3680956916985,Established Youth
2024,West Coast Eagles,290801,Andrew Gaff,32,Wing,5,52.7052524043473,Veterans
2024,West Coast Eagles,290826,Jamie Cripps,32,Gen Fwd,23,74.245584312013,Veterans
2024,West Coast Eagles,290838,Jack Darling,32,Key Fwd,21,55.4516174060336,Veterans
2024,West Coast Eagles,292128,Elliot Yeo,30,Mid,20,104.862307999064,Veterans
2024,West Coast Eagles,294859,Jeremy McGovern,32,Key Def,19,110.159939294386,Veterans
2024,West Coast Eagles,295898,Tim Kelly,30,Mid,20,95.3558072059729,Veterans
2024,West Coast Eagles,296296,Dom Sheed,29,Mid,8,44.2261038309222,Prime
2024,West Coast Eagles,298268,Liam Duggan,27,Gen Def,21,86.1284372894663,Prime
2024,West Coast Eagles,990290,Tom Barrass,28,Key Def,18,83.8124144556,Prime
2024,West Coast Eagles,993820,Tom Cole,27,Gen Def,23,67.1081739769904,Prime
2024,West Coast Eagles,993902,Matt Flynn,26,Ruck,4,61.0391383282614,Prime
2024,West Coast Eagles,994385,Jayden Hunt,29,Gen Def,20,66.6627641742224,Prime
2024,West Coast Eagles,996554,Jake Waterman,26,Key Fwd,20,83.0232551242497,Prime
2024,West Coast Eagles,997823,Josh Rotham,26,Gen Def,13,42.2693561266098,Prime
2024,West Coast Eagles,998128,Alex Witherden,26,Gen Def,18,69.0808876888409,Prime
2024,West Coast Eagles,998791,Jamaine Jones,25,Gen Fwd,11,46.9800596696684,Established Youth
2024,Western Bulldogs,1000864,Lachlan Bramble,26,Gen Def,24,72.0461829086151,Prime
2024,Western Bulldogs,1002404,Aaron Naughton,24,Key Fwd,20,69.1931294675035,Established Youth
2024,Western Bulldogs,1004592,Tim English,27,Ruck,23,106.982387951056,Prime
2024,Western Bulldogs,1005000,Laitham Vandermeer,25,Gen Fwd,24,48.8030269645348,Established Youth
2024,Western Bulldogs,1005717,Nick Coffield,24,Gen Def,8,40.477714895792,Established Youth
2024,Western Bulldogs,1006127,Rhylee West,24,Gen Fwd,21,65.049364752173,Established Youth
2024,Western Bulldogs,1006533,Riley Garcia,23,Gen Fwd,12,68.5138020592864,Established Youth
2024,Western Bulldogs,1008280,Ed Richards,25,Mid,21,97.1431148974676,Established Youth
2024,Western Bulldogs,1008855,Oskar Baker,26,Wing,6,52.7839339569283,Prime
2024,Western Bulldogs,1009015,Lachlan McNeil,22,Gen Fwd,12,60.7638425312443,Established Youth
2024,Western Bulldogs,1009301,Jamarra Ugle-Hagan,22,Key Fwd,22,63.9252714388715,Established Youth
2024,Western Bulldogs,1011589,Caleb Poulter,21,Wing,7,57.90440583061,Rising Stars
2024,Western Bulldogs,1011803,Cody Weightman,23,Gen Fwd,17,67.3253412724871,Established Youth
2024,Western Bulldogs,1015929,Luke Cleary,22,Gen Def,2,45.7433791166971,Established Youth
2024,Western Bulldogs,1017087,Harvey Gallagher,20,Wing,20,45.3607424633957,Rising Stars
2024,Western Bulldogs,1017126,Sam Darcy,21,Key Fwd,21,78.9523562345288,Rising Stars
2024,Western Bulldogs,1017939,Ryley Sanders,19,Mid-Fwd,14,63.1430175993591,Rising Stars
2024,Western Bulldogs,1020586,Arthur Jones,21,Gen Fwd,1,39.8540036914545,Rising Stars
2024,Western Bulldogs,1023787,Charlie Clarke,20,Gen Fwd,1,0.224038414313199,Rising Stars
2024,Western Bulldogs,1027704,Joel Freijah,18,Gen Def,13,69.110418563107,Rising Stars
2024,Western Bulldogs,1032966,James O'Donnell,22,Key Def,14,52.0827923893126,Established Youth
2024,Western Bulldogs,281078,Liam Jones,33,Key Def,21,68.4337554017769,Veterans
2024,Western Bulldogs,290085,Taylor Duryea,33,Gen Def,22,60.2031830859672,Veterans
2024,Western Bulldogs,290797,Alex Keath,32,Key Def,5,56.6221870019895,Veterans
2024,Western Bulldogs,290799,Tom Liberatore,32,Mid,18,102.625581521768,Veterans
2024,Western Bulldogs,291790,Adam Treloar,31,Mid,23,116.446683068792,Veterans
2024,Western Bulldogs,294101,Jason Johannisen,31,Gen Def,9,79.2182050470947,Veterans
2024,Western Bulldogs,295136,Caleb Daniel,28,Mid-Fwd,16,52.9015732712088,Prime
2024,Western Bulldogs,295467,Jack Macrae,30,Gen Fwd,19,69.8793605723861,Veterans
2024,Western Bulldogs,297373,Marcus Bontempelli,28,Mid,24,123.786034915558,Prime
2024,Western Bulldogs,297899,James Harmes,28,Mid-Fwd,9,67.5564727713493,Prime
2024,Western Bulldogs,990740,Rory Lobb,31,Key Def,16,71.9465139826879,Veterans
2024,Western Bulldogs,992048,Anthony Scott,29,Mid-Fwd,2,28.3693377571257,Prime
2024,Western Bulldogs,992351,Bailey Williams,26,Wing,24,76.0953221468705,Prime
2024,Western Bulldogs,996708,Bailey Dale,28,Gen Def,24,96.6435780188248,Prime
2024,Western Bulldogs,998782,Buku Khamis,24,Key Def,17,50.2564638315201,Established Youth
2025,Adelaide Crows,1000068,Chris Burgess,29,Key Fwd,1,41.3234201516055,Prime
2025,Adelaide Crows,1000998,Lachlan Murphy,26,Gen Fwd,5,31.1618599933137,Prime
2025,Adelaide Crows,1001195,Izak Rankine,25,Mid-Fwd,22,99.715443907573,Established Youth
2025,Adelaide Crows,1001396,Isaac Cumming,27,Wing,24,65.088142385671,Prime
2025,Adelaide Crows,1004863,Mitchell Hinge,27,Gen Def,24,72.3501010394686,Prime
2025,Adelaide Crows,1004995,Jordon Butts,25,Key Def,10,43.2708668756465,Established Youth
2025,Adelaide Crows,1006013,James Peatling,24,Mid,23,80.1857350164321,Established Youth
2025,Adelaide Crows,1006136,Lachlan Sholl,25,Wing,5,51.8599198292603,Established Youth
2025,Adelaide Crows,1006203,Chayce Jones,25,Wing,5,19.2299224672274,Established Youth
2025,Adelaide Crows,1008230,Nick Murray,24,Key Def,12,46.9280172396935,Established Youth
2025,Adelaide Crows,1008384,Riley Thilthorpe,23,Key Fwd,25,97.7400759999426,Established Youth
2025,Adelaide Crows,1008543,Harry Schoenberg,24,Mid,1,25.6311999866178,Established Youth
2025,Adelaide Crows,1009029,James Borlase,23,Key Def,2,40.9099117209584,Established Youth
2025,Adelaide Crows,1011981,Josh Worrell,24,Gen Def,25,91.7724425114674,Established Youth
2025,Adelaide Crows,1012218,Luke Pedlar,23,Gen Fwd,9,47.1143944501926,Established Youth
2025,Adelaide Crows,1012807,Sam Berry,23,Mid,19,68.4705829360839,Established Youth
2025,Adelaide Crows,1013974,Mark Keane,25,Key Def,25,77.6721279312994,Established Youth
2025,Adelaide Crows,1015329,Billy Dowling,21,Mid-Fwd,1,55.4551199589992,Rising Stars
2025,Adelaide Crows,1015370,Max Michalanney,21,Gen Def,21,61.1578244600596,Rising Stars
2025,Adelaide Crows,1017051,Josh Rachele,22,Gen Fwd,14,64.9235761138077,Established Youth
2025,Adelaide Crows,1017065,Zac Taylor,22,Gen Fwd,17,47.5043912039114,Established Youth
2025,Adelaide Crows,1017109,Jake Soligo,22,Mid,25,88.3840903809144,Established Youth
2025,Adelaide Crows,1018335,Brayden Cook,23,Mid-Fwd,3,36.6153900766737,Established Youth
2025,Adelaide Crows,1021031,Luke Nankervis,22,Wing,7,47.3983416808549,Established Youth
2025,Adelaide Crows,1022607,Sid Draper,19,Mid-Fwd,10,23.3788872530058,Rising Stars
2025,Adelaide Crows,1023534,Hugh Bond,20,Gen Def,5,43.9865083474427,Rising Stars
2025,Adelaide Crows,1024023,Daniel Curtin,20,Wing,25,72.8331148161172,Rising Stars
2025,Adelaide Crows,280506,Taylor Walker,35,Key Fwd,23,69.0585077742055,Old Timers
2025,Adelaide Crows,291748,Brodie Smith,33,Gen Def,11,61.6016176587,Veterans
2025,Adelaide Crows,293222,Rory Laird,31,Gen Def,22,105.163558443478,Veterans
2025,Adelaide Crows,296420,Alex Neal-Bullen,29,Gen Fwd,25,77.5658794510579,Prime
2025,Adelaide Crows,297401,Matt Crouch,30,Mid,6,86.7826157254876,Veterans
2025,Adelaide Crows,297523,Reilly O'Brien,30,Ruck,25,94.2631962873646,Veterans
2025,Adelaide Crows,990882,Wayne Milera,28,Gen Def,24,80.4521353512696,Prime
2025,Adelaide Crows,992242,Jordan Dawson,28,Mid,25,110.332387912227,Prime
2025,Adelaide Crows,993946,Ben Keays,28,Gen Fwd,25,80.6342841555513,Prime
2025,Adelaide Crows,999331,Darcy Fogarty,25,Key Fwd,24,61.0880219019726,Established Youth
2025,Brisbane Lions,1000932,Tom Doedee,28,Gen Def,1,50.2943383692622,Prime
2025,Brisbane Lions,1000978,Hugh McCluggage,27,Mid,27,117.062021729367,Prime
2025,Brisbane Lions,1002235,Cam Rayner,25,Gen Fwd,27,73.3131870504353,Established Youth
2025,Brisbane Lions,1002312,Zac Bailey,26,Mid-Fwd,26,88.5925579317647,Prime
2025,Brisbane Lions,1002347,Jack Payne,25,Key Def,13,65.750911043079,Established Youth
2025,Brisbane Lions,1002401,Brandon Starcevich,26,Gen Def,14,49.5581254156163,Prime
2025,Brisbane Lions,1005053,Noah Answerth,26,Gen Def,17,64.9239095300969,Prime
2025,Brisbane Lions,1005521,Oscar McInerney,31,Ruck,14,67.2824326359504,Veterans
2025,Brisbane Lions,1006059,Keidean Coleman,25,Gen Def,1,72.3865637210199,Established Youth
2025,Brisbane Lions,1008805,Luke Beecken,24,Wing,1,7.43890188309831,Established Youth
2025,Brisbane Lions,1009317,Bruce Reville,24,Wing,13,42.2921168820955,Established Youth
2025,Brisbane Lions,1009385,Deven Robertson,24,Gen Fwd,4,13.4293361136803,Established Youth
2025,Brisbane Lions,1014026,Kai Lohmann,22,Gen Fwd,18,52.5868008443239,Established Youth
2025,Brisbane Lions,1016189,Henry Smith,22,Key Fwd,2,45.3928465332457,Established Youth
2025,Brisbane Lions,1017067,Darcy Wilmot,21,Gen Def,27,86.9274669896567,Rising Stars
2025,Brisbane Lions,1021108,James Tunstill,22,Wing,3,37.3417511910562,Established Youth
2025,Brisbane Lions,1023517,Will Ashcroft,21,Mid,27,103.284103515637,Rising Stars
2025,Brisbane Lions,1023708,Jaspa Fletcher,21,Gen Def,27,88.1142487263774,Rising Stars
2025,Brisbane Lions,1028019,Logan Morris,20,Key Fwd,26,63.056472100905,Rising Stars
2025,Brisbane Lions,1028520,Sam Marshall,19,Wing,11,37.7632084800711,Rising Stars
2025,Brisbane Lions,1028560,Levi Ashcroft,18,Wing,27,72.8082616719826,Rising Stars
2025,Brisbane Lions,1029405,Will McLachlan,20,Gen Fwd,6,23.3326762075849,Rising Stars
2025,Brisbane Lions,1034411,Ty Gallop,19,Key Fwd,6,45.6754989173393,Rising Stars
2025,Brisbane Lions,261224,Dayne Zorko,36,Gen Def,27,104.394131554899,Old Timers
2025,Brisbane Lions,291548,Ryan Lester,32,Gen Def,26,65.4147512102542,Veterans
2025,Brisbane Lions,291753,Sam Day,32,Key Fwd,13,45.6439229717322,Veterans
2025,Brisbane Lions,293535,Lachie Neale,32,Mid,22,103.267517655793,Veterans
2025,Brisbane Lions,296269,Darcy Gardiner,30,Key Def,18,57.1225795134069,Veterans
2025,Brisbane Lions,298211,Darcy Fort,32,Ruck,21,79.3077385245061,Veterans
2025,Brisbane Lions,298437,Callum Ah Chee,27,Gen Fwd,26,65.6435688432999,Prime
2025,Brisbane Lions,990609,Charlie Cameron,31,Gen Fwd,25,57.5847992896697,Veterans
2025,Brisbane Lions,993834,Josh Dunkley,28,Mid,27,112.473613508805,Prime
2025,Brisbane Lions,993953,Eric Hipwood,28,Key Fwd,22,55.8191034797621,Prime
2025,Brisbane Lions,996059,Harris Andrews,28,Key Def,27,82.9463360469801,Prime
2025,Brisbane Lions,997846,Conor McKenna,29,Gen Fwd,5,27.9029112636704,Prime
2025,Brisbane Lions,998133,Jarrod Berry,27,Wing,24,83.4816386668616,Prime
2025,Carlton,1000953,Harry McKay,27,Key Fwd,12,86.250819155481,Prime
2025,Carlton,1001028,Jack Silvagni,27,Key Def,13,76.9376733499025,Prime
2025,Carlton,1002228,Lachie Fogarty,26,Gen Fwd,20,64.1065650228597,Prime
2025,Carlton,1002239,Adam Cerra,25,Mid,19,98.1772690823823,Established Youth
2025,Carlton,1002795,Jordan Boyd,26,Gen Def,3,43.6586651587394,Prime
2025,Carlton,1004912,Tom De Koning,26,Ruck,22,96.8682734550501,Prime
2025,Carlton,1006094,Sam Walsh,25,Mid,14,100.432639021265,Established Youth
2025,Carlton,1008154,Matthew Cottrell,25,Mid-Fwd,6,73.7061710218831,Established Youth
2025,Carlton,1008510,Corey Durdin,23,Gen Fwd,16,44.0555067240199,Established Youth
2025,Carlton,1009241,Brodie Kemp,24,Key Fwd,5,47.2522356928473,Established Youth
2025,Carlton,1012862,Elijah Hollands,23,Gen Fwd,5,64.5265476805494,Established Youth
2025,Carlton,1016268,Alex Cincotta,28,Gen Fwd,5,47.0477309223903,Prime
2025,Carlton,1017255,Francis Evans,24,Gen Fwd,10,64.7313799611596,Established Youth
2025,Carlton,1017700,Jesse Motlop,21,Gen Fwd,23,51.1661565616284,Rising Stars
2025,Carlton,1020097,Ashton Moir,20,Gen Fwd,9,45.4254527173935,Rising Stars
2025,Carlton,1020877,Flynn Young,23,Gen Fwd,8,38.753104547718,Established Youth
2025,Carlton,1021353,Lachlan Cowan,20,Gen Def,14,65.5739868895568,Rising Stars
2025,Carlton,1022452,Lucas Camporeale,19,Wing,3,40.9970346829264,Rising Stars
2025,Carlton,1023489,Hudson O'Keeffe,20,Key Fwd,5,48.5669740586688,Rising Stars
2025,Carlton,1023495,Oliver Hollands,21,Gen Def,23,75.2993091636717,Rising Stars
2025,Carlton,1023533,Jaxon Binns,20,Wing,5,52.2443037757095,Rising Stars
2025,Carlton,1027678,Billy Wilson,20,Gen Def,4,50.6215517233921,Rising Stars
2025,Carlton,1027713,Will White,21,Gen Fwd,14,39.7372120910482,Rising Stars
2025,Carlton,1027964,Matthew Carroll,19,Gen Def,17,53.8105887803797,Rising Stars
2025,Carlton,1028526,Harry O'Farrell,19,Key Def,6,55.7887044203742,Rising Stars
2025,Carlton,1032108,Cooper Lord,20,Wing,21,59.9214839066961,Rising Stars
2025,Carlton,294036,George Hewett,29,Mid,23,112.056184809955,Prime
2025,Carlton,294685,Zac Williams,30,Gen Fwd,19,68.8813045629172,Veterans
2025,Carlton,295265,Nick Haynes,33,Gen Def,23,79.9218034302064,Veterans
2025,Carlton,295461,Adam Saad,31,Gen Def,21,80.9265658063853,Veterans
2025,Carlton,295518,Sam Docherty,31,Wing,15,81.2071694133858,Veterans
2025,Carlton,296294,Blake Acres,29,Wing,19,69.8416807805335,Prime
2025,Carlton,296334,Orazio Fantasia,30,Gen Fwd,6,57.4594978190088,Veterans
2025,Carlton,297255,Mitch McGovern,30,Gen Def,17,68.0197227843695,Veterans
2025,Carlton,298290,Marc Pittonet,29,Ruck,7,83.6938123062723,Prime
2025,Carlton,990704,Patrick Cripps,30,Mid,23,97.5045678286486,Veterans
2025,Carlton,993832,Jacob Weitering,27,Key Def,23,77.7609711018091,Prime
2025,Carlton,996731,Charlie Curnow,28,Key Fwd,18,69.750533933091,Prime
2025,Carlton,997316,Lewis Young,26,Key Def,13,61.1086455990312,Prime
2025,Collingwood,1000860,Lachie Schultz,27,Gen Fwd,16,78.772751282929,Prime
2025,Collingwood,1003130,Patrick Lipinski,27,Mid-Fwd,23,73.2578020471991,Prime
2025,Collingwood,1004757,Beau McCreery,24,Gen Fwd,19,59.5279951095731,Established Youth
2025,Collingwood,1005054,Josh Daicos,26,Gen Def,25,96.8136289043356,Prime
2025,Collingwood,1006148,Bobby Hill,25,Gen Fwd,14,56.127767677254496,Established Youth
2025,Collingwood,1008089,Isaac Quaynor,25,Gen Def,25,68.0535957282788,Established Youth
2025,Collingwood,1009197,Charlie Dean,24,Key Def,4,45.85291249273,Established Youth
2025,Collingwood,1012873,Wil Parker,23,Gen Def,4,34.6463189707991,Established Youth
2025,Collingwood,1013278,Reef McInnes,22,Key Def,3,54.3911300934621,Established Youth
2025,Collingwood,1017124,Ned Long,22,Mid,25,78.8669816484171,Established Youth
2025,Collingwood,1022915,Edward Allan,21,Wing,13,51.2899274742768,Rising Stars
2025,Collingwood,1023261,Nick Daicos,22,Mid,25,116.516383044238,Established Youth
2025,Collingwood,1027382,Charlie West,19,Key Fwd,1,27.4357139247589,Rising Stars
2025,Collingwood,1027501,Roan Steele,23,Wing,5,35.6657260304105,Established Youth
2025,Collingwood,1032922,William Hayes,19,Gen Fwd,2,44.2011649418764,Rising Stars
2025,Collingwood,260257,Scott Pendlebury,37,Mid,22,94.2243629165752,Old Timers
2025,Collingwood,280965,Steele Sidebottom,34,Wing,23,92.4004766167915,Old Timers
2025,Collingwood,291313,Jeremy Howe,35,Gen Def,19,73.867901619171107,Old Timers
2025,Collingwood,291720,Will Hoskin-Elliott,32,Gen Fwd,18,47.5898218731876,Veterans
2025,Collingwood,291849,Brody Mihocek,32,Key Fwd,22,64.3852650001957,Veterans
2025,Collingwood,291856,Tom Mitchell,32,Mid,4,87.0620776270878,Veterans
2025,Collingwood,293801,Jamie Elliott,32,Gen Fwd,25,76.7425635168761,Veterans
2025,Collingwood,293871,Jack Crisp,31,Wing,25,90.5848122622325,Veterans
2025,Collingwood,294596,Tim Membrey,31,Key Fwd,23,57.7172998098869,Veterans
2025,Collingwood,297504,Daniel McStay,30,Key Fwd,18,64.5509904765652,Veterans
2025,Collingwood,298288,Darcy Moore,29,Key Def,22,66.8630538998033,Prime
2025,Collingwood,298358,Oleg Markov,29,Gen Def,8,30.3527042572985,Prime
2025,Collingwood,990291,Darcy Cameron,30,Ruck,25,109.61533360657,Veterans
2025,Collingwood,991773,Billy Frampton,28,Key Def,16,61.2516264192363,Prime
2025,Collingwood,992010,Brayden Maynard,28,Gen Def,20,78.1801868039279,Prime
2025,Collingwood,994185,Jordan De Goey,29,Mid-Fwd,11,63.2695112661359,Prime
2025,Collingwood,994295,Dan Houston,28,Gen Def,21,77.8791856925783,Prime
2025,Collingwood,998205,Harry Perryman,26,Gen Def,25,68.9046283427153,Prime
2025,Collingwood,998480,Lachlan Sullivan,27,Gen Fwd,14,45.6232496299155,Prime
2025,Collingwood,998647,Mason Cox,34,Key Fwd,10,43.4062018031133,Old Timers
2025,Essendon,1001026,Jordan Ridley,26,Gen Def,10,77.4691671003563,Prime
2025,Essendon,1002143,Ben McKay,27,Key Def,10,46.2660919287714,Prime
2025,Essendon,1005577,Sam Draper,26,Ruck,5,91.6198059662226,Prime
2025,Essendon,1006096,Xavier Duursma,25,Wing,22,80.2810812516223,Established Youth
2025,Essendon,1006103,Jye Caldwell,24,Mid,11,100.708782349902,Established Youth
2025,Essendon,1009386,Jaxon Prior,24,Gen Def,23,69.0055022487796,Established Youth
2025,Essendon,1011755,Harrison Jones,24,Mid-Fwd,7,49.1529406185952,Established Youth
2025,Essendon,1011954,Nick Bryan,23,Ruck,4,59.2950631890591,Established Youth
2025,Essendon,1012013,Nic Martin,24,Mid-Fwd,16,97.8251705595041,Established Youth
2025,Essendon,1012817,Zach Reid,23,Key Def,10,79.7587728830974,Established Youth
2025,Essendon,1012842,Liam McMahon,23,Key Fwd,7,42.033667358424204,Established Youth
2025,Essendon,1013201,Jye Menzie,22,Gen Fwd,10,36.1513714245315,Established Youth
2025,Essendon,1015810,Sam Durham,24,Mid,20,90.3554696298239,Established Youth
2025,Essendon,1015873,Archie Perkins,23,Gen Fwd,21,54.1195402713097,Established Youth
2025,Essendon,1015919,Saad El-Hawli,24,Wing,9,43.4952091208637,Established Youth
2025,Essendon,1017088,Ben Hobbs,22,Gen Fwd,18,55.4865106672145,Established Youth
2025,Essendon,1018323,Thomas Edwards,25,Key Fwd,2,29.0001559865709,Established Youth
2025,Essendon,1018987,Jayden Nguyen,19,Gen Def,5,39.2942055219916,Rising Stars
2025,Essendon,1023487,Lewis Hayes,20,Gen Def,1,63.8724143218263,Rising Stars
2025,Essendon,1023515,Archie Roberts,19,Gen Def,23,83.6930039275079,Rising Stars
2025,Essendon,1023785,Elijah Tsatas,20,Mid,5,51.7442266015301,Rising Stars
2025,Essendon,1027284,Angus Clarke,18,Gen Def,14,59.003229563747,Rising Stars
2025,Essendon,1027644,Oskar Smartt,19,Gen Fwd,4,24.6623186561523,Rising Stars
2025,Essendon,1027706,Luamon Lual,20,Wing,12,35.313926147498,Rising Stars
2025,Essendon,1027899,Nate Caddy,20,Key Fwd,17,52.9311668763918,Rising Stars
2025,Essendon,1027966,Vigo Visentini,20,Ruck,2,56.1229913573072,Rising Stars
2025,Essendon,1028196,Lachlan Blakiston,26,Key Def,11,53.8850467765028,Prime
2025,Essendon,1028519,Zak Johnson,18,Gen Def,9,50.3582450027609,Rising Stars
2025,Essendon,1028554,Isaac Kako,19,Gen Fwd,23,55.0924787318291,Rising Stars
2025,Essendon,1029084,Archer May,20,Key Fwd,7,55.6420480228159,Rising Stars
2025,Essendon,1029265,Archer Day-Wicks,19,Gen Fwd,5,27.1194704416715,Rising Stars
2025,Essendon,1032023,Rhys Unwin,18,Gen Fwd,3,21.9355782911927,Rising Stars
2025,Essendon,271129,Todd Goldstein,37,Ruck,16,71.8643096762564,Old Timers
2025,Essendon,291783,Dylan Shiel,32,Mid,14,73.8871568820602,Veterans
2025,Essendon,298280,Jayden Laverde,29,Key Def,14,64.9022173034658,Prime
2025,Essendon,298289,Peter Wright,28,Key Fwd,19,79.1941226067549,Prime
2025,Essendon,298421,Jade Gresham,28,Gen Fwd,19,54.9940169515415,Prime
2025,Essendon,298630,Kyle Langford,28,Key Fwd,9,52.4222748063086,Prime
2025,Essendon,992016,Zach Merrett,29,Mid,22,107.72729410727,Prime
2025,Essendon,993817,Darcy Parish,28,Mid,3,88.1984474733006,Prime
2025,Essendon,996232,Matt Guelfi,28,Gen Fwd,12,47.6215100415388,Prime
2025,Essendon,997078,Mason Redman,28,Gen Def,19,95.1569374979407,Prime
2025,Essendon,998102,Andrew McGrath,27,Gen Def,23,83.9243076090315,Prime
2025,Essendon,998215,Will Setterfield,27,Mid,13,90.1334678106673,Prime
2025,Fremantle,1002232,Andrew Brayshaw,25,Mid,24,114.540394793093,Established Youth
2025,Fremantle,1006152,Jordan Clark,24,Gen Def,24,103.962826047914,Established Youth
2025,Fremantle,1009256,Hayden Young,24,Mid,9,77.8689609190298,Established Youth
2025,Fremantle,1009380,Jeremy Sharp,24,Wing,14,50.2432952584929,Established Youth
2025,Fremantle,1009399,Luke Jackson,23,Ruck,21,113.427524595691,Established Youth
2025,Fremantle,1009410,Brandon Walker,22,Gen Def,2,44.8858919429406,Established Youth
2025,Fremantle,1009420,Caleb Serong,24,Mid,24,107.454464139307,Established Youth
2025,Fremantle,1011558,Isaiah Dudley,22,Gen Fwd,16,45.1982601535574,Established Youth
2025,Fremantle,1012819,Josh Treacy,23,Key Fwd,24,78.3974585387018,Established Youth
2025,Fremantle,1013220,Nathan O'Driscoll,23,Wing,14,63.1422756825063,Established Youth
2025,Fremantle,1013224,Heath Chapman,23,Gen Def,23,61.7382032537679,Established Youth
2025,Fremantle,1016825,Matthew Johnson,22,Wing,18,72.6932422118203,Established Youth
2025,Fremantle,1017754,Patrick Voss,22,Key Fwd,20,59.6245952802579,Established Youth
2025,Fremantle,1020250,Neil Erasmus,21,Mid,16,64.8556469807929,Rising Stars
2025,Fremantle,1020594,Jye Amiss,22,Key Fwd,24,47.4478700943925,Established Youth
2025,Fremantle,1020668,Joshua Draper,21,Key Def,11,47.7088557242256,Rising Stars
2025,Fremantle,1021015,Karl Worner,23,Gen Def,23,58.4193398316001,Established Youth
2025,Fremantle,1023346,Liam Reidy,25,Ruck,1,33.5666008502143,Established Youth
2025,Fremantle,1027656,Cooper Simpson,20,Gen Def,3,61.711613576206,Rising Stars
2025,Fremantle,1028513,Murphy Reid,19,Gen Fwd,24,68.8307327713643,Rising Stars
2025,Fremantle,291570,Nat Fyfe,34,Mid,8,24.9778132783019,Old Timers
2025,Fremantle,294613,Jaeger O'Meara,31,Wing,14,65.4207646879835,Veterans
2025,Fremantle,295067,James Aish,29,Gen Def,3,27.0606932215845,Prime
2025,Fremantle,298409,Alex Pearce,30,Key Def,16,70.0539552825309,Veterans
2025,Fremantle,992059,Sam Switkowski,28,Gen Fwd,17,67.1599019616593,Prime
2025,Fremantle,992472,Oscar McDonald,29,Key Def,7,55.7107812012599,Prime
2025,Fremantle,993940,Corey Wagner,28,Wing,17,71.0123144605878,Prime
2025,Fremantle,993993,Shai Bolton,26,Mid-Fwd,23,80.6627062035287,Prime
2025,Fremantle,997033,Brennan Cox,27,Key Def,24,58.7256882581883,Prime
2025,Fremantle,998145,Sean Darcy,27,Ruck,17,77.9944048509444,Prime
2025,Fremantle,998180,Bailey Banfield,27,Gen Def,21,59.1816224685191,Prime
2025,Fremantle,998659,Luke Ryan,29,Gen Def,24,94.2205947539604,Prime
2025,Fremantle,999321,Michael Frederick,25,Gen Fwd,24,58.515660074639,Established Youth
2025,Fremantle,999824,Quinton Narkle,27,Gen Fwd,2,27.220069960962,Prime
2025,GWS GIANTS,1002251,Brent Daniels,26,Gen Fwd,6,61.6536965070765,Prime
2025,GWS GIANTS,1004530,Jacob Wehr,27,Wing,14,57.9784075218826,Prime
2025,GWS GIANTS,1005247,Sam Taylor,26,Key Def,20,80.6477437547393,Prime
2025,GWS GIANTS,1006135,Xavier O'Halloran,25,Mid,23,60.3253702522766,Established Youth
2025,GWS GIANTS,1008083,Connor Idun,25,Gen Def,24,84.4042349749722,Established Youth
2025,GWS GIANTS,1008123,Jake Riccardi,25,Key Fwd,20,70.2326569072076,Established Youth
2025,GWS GIANTS,1008139,Toby Bedford,25,Mid-Fwd,23,61.8532441518816,Established Youth
2025,GWS GIANTS,1008436,Kieren Briggs,25,Ruck,20,81.3324641482248,Established Youth
2025,GWS GIANTS,1008691,Leek Aleer,24,Key Def,13,50.991575148139,Established Youth
2025,GWS GIANTS,1009253,Lachie Ash,24,Gen Def,24,107.807386133576,Established Youth
2025,GWS GIANTS,1009528,Tom Green,24,Mid,23,110.76689947988,Established Youth
2025,GWS GIANTS,1009708,Jack Buckley,27,Key Def,19,73.7850056977559,Prime
2025,GWS GIANTS,1014038,Callum Brown,25,Gen Fwd,22,66.1363907339168,Established Youth
2025,GWS GIANTS,1015777,Ryan Angwin,22,Wing,10,70.5520705409998,Established Youth
2025,GWS GIANTS,1015862,Conor Stone,23,Gen Def,7,48.2550991822592,Established Youth
2025,GWS GIANTS,1019038,Aaron Cadman,21,Key Fwd,24,65.3241579815673,Rising Stars
2025,GWS GIANTS,1020650,Darcy Jones,21,Gen Fwd,23,71.827782293852,Rising Stars
2025,GWS GIANTS,1021122,Harry Rowston,21,Mid,10,50.0912760095976,Rising Stars
2025,GWS GIANTS,1023266,Finn Callaghan,22,Mid,21,111.504338693811,Established Youth
2025,GWS GIANTS,1023743,Nicholas Madden,21,Ruck,3,85.9425368253099,Rising Stars
2025,GWS GIANTS,1027921,Max Gruzewski,21,Key Fwd,7,40.0816116570709,Rising Stars
2025,GWS GIANTS,1027925,Harvey Thomas,20,Gen Fwd,18,55.7203245785085,Rising Stars
2025,GWS GIANTS,1027971,Toby McMullin,21,Wing,11,42.8555164184881,Rising Stars
2025,GWS GIANTS,1029030,Josaia Delana,19,Gen Fwd,3,28.0725408558571,Rising Stars
2025,GWS GIANTS,1032119,James Leake,19,Gen Def,3,38.924603922505,Rising Stars
2025,GWS GIANTS,1032619,Cody Angove,19,Gen Fwd,4,37.0991426141311,Rising Stars
2025,GWS GIANTS,1032629,Joe Fonti,20,Gen Def,17,55.1985196402967,Rising Stars
2025,GWS GIANTS,280109,Callan Ward,35,Wing,12,60.6428877489262,Old Timers
2025,GWS GIANTS,290314,Lachlan Keeffe,35,Ruck,3,59.3905628642384,Old Timers
2025,GWS GIANTS,291969,Stephen Coniglio,31,Mid,10,59.1719020069961,Veterans
2025,GWS GIANTS,293884,Jake Stringer,31,Gen Fwd,15,60.5324032910248,Veterans
2025,GWS GIANTS,294305,Lachie Whitfield,31,Gen Def,23,111.6152629702,Veterans
2025,GWS GIANTS,295344,Toby Greene,31,Gen Fwd,22,79.5283858321324,Veterans
2025,GWS GIANTS,296324,Jesse Hogan,30,Key Fwd,16,76.65047497409,Veterans
2025,GWS GIANTS,296347,Josh Kelly,30,Wing,15,87.6359710397945,Veterans
2025,GWS GIANTS,993107,Harry Himmelberg,29,Gen Def,24,87.497735704505,Prime
2025,Geelong Cats,1000937,Jack Henry,26,Key Def,21,68.017866571877,Prime
2025,Geelong Cats,1004870,Zach Guthrie,27,Gen Def,26,80.7550037802854,Prime
2025,Geelong Cats,1004938,Gryan Miers,26,Gen Fwd,24,94.6362042951687,Prime
2025,Geelong Cats,1006130,Bailey Smith,24,Mid,23,116.346599059439,Established Youth
2025,Geelong Cats,1007102,Mark O'Connor,28,Gen Def,25,64.3986562660173,Prime
2025,Geelong Cats,1009229,Sam De Koning,24,Key Def,23,66.6694302539434,Established Youth
2025,Geelong Cats,1012860,Oliver Henry,23,Key Fwd,15,42.1016530728804,Established Youth
2025,Geelong Cats,1013464,Lawson Humphries,22,Gen Def,25,73.5441309179075,Established Youth
2025,Geelong Cats,1015889,Max Holmes,22,Mid,26,112.567984000278,Established Youth
2025,Geelong Cats,1016433,Shannon Neale,23,Key Fwd,25,64.3084482645925,Established Youth
2025,Geelong Cats,1020881,Oliver Wiltshire,22,Gen Fwd,2,34.6328397463542,Established Youth
2025,Geelong Cats,1021103,Mitch Knevitt,22,Mid,7,47.9680161851678,Established Youth
2025,Geelong Cats,1023537,Jhye Clark,21,Wing,10,36.0558007312171,Rising Stars
2025,Geelong Cats,1023542,Ted Clohesy,20,Mid-Fwd,9,36.2461638203313,Rising Stars
2025,Geelong Cats,1023681,George Stevens,20,Mid,2,62.1933419727658,Rising Stars
2025,Geelong Cats,1024982,Oisin Mullin,25,Gen Def,25,44.094342375381,Established Youth
2025,Geelong Cats,1025034,Oliver Dempsey,22,Wing,26,79.9669310215047,Established Youth
2025,Geelong Cats,1027877,Connor O'Sullivan,20,Key Def,25,64.3536790925879,Rising Stars
2025,Geelong Cats,270917,Patrick Dangerfield,35,Gen Fwd,23,82.5696555823088,Old Timers
2025,Geelong Cats,280317,Rhys Stanley,34,Ruck,19,64.2540182936925,Old Timers
2025,Geelong Cats,281065,Mitch Duncan,34,Gen Def,9,57.910030632416,Old Timers
2025,Geelong Cats,291800,Tom Stewart,32,Gen Def,20,90.8973889845531,Veterans
2025,Geelong Cats,293845,Jeremy Cameron,32,Key Fwd,26,88.5956958710327,Veterans
2025,Geelong Cats,293883,Jed Bews,31,Gen Def,4,68.457194845115,Veterans
2025,Geelong Cats,296190,Jack Martin,30,Gen Fwd,13,61.6075898571413,Veterans
2025,Geelong Cats,296733,Mark Blicavs,34,Ruck,25,81.4660902083848,Old Timers
2025,Geelong Cats,993878,Shaun Mannagh,28,Gen Fwd,23,83.9348933237072,Prime
2025,Geelong Cats,994386,Tom Atkins,30,Mid,26,98.8277688727229,Veterans
2025,Geelong Cats,997230,Tyson Stengle,26,Gen Fwd,24,66.5307419942556,Prime
2025,Geelong Cats,998260,Jack Bowes,27,Wing,21,67.1573035580498,Prime
2025,Geelong Cats,999326,Brad Close,27,Gen Fwd,26,62.8279660304934,Prime
2025,Gold Coast SUNS,1000072,John Noble,28,Gen Def,25,96.2340525442441,Prime
2025,Gold Coast SUNS,1000981,Daniel Rioli,28,Gen Def,20,81.6325147816467,Prime
2025,Gold Coast SUNS,1005986,Malcolm Rosas,24,Gen Fwd,4,33.4637516453762,Established Youth
2025,Gold Coast SUNS,1005992,Joel Jeffrey,23,Gen Def,25,82.6159028873056,Established Youth
2025,Gold Coast SUNS,1006144,Ben King,25,Key Fwd,25,64.7340109872384,Established Youth
2025,Gold Coast SUNS,1007881,Wil Powell,26,Gen Def,25,78.75777465933,Prime
2025,Gold Coast SUNS,1008454,Connor Budarick,24,Gen Fwd,19,46.5385597497644,Established Youth
2025,Gold Coast SUNS,1008882,Charlie Ballard,26,Key Def,1,47.6454095264382,Prime
2025,Gold Coast SUNS,1009199,Noah Anderson,24,Mid,25,113.499585690359,Established Youth
2025,Gold Coast SUNS,1009208,Matt Rowell,24,Mid,25,118.028552039595,Established Youth
2025,Gold Coast SUNS,1009260,Sam Flanders,24,Gen Fwd,23,72.2706631219221,Established Youth
2025,Gold Coast SUNS,1011950,Ben Jepson,23,Wing,1,36.4597782368198,Established Youth
2025,Gold Coast SUNS,1013257,Sam Clohesy,22,Wing,14,64.0560762991013,Established Youth
2025,Gold Coast SUNS,1013268,Alex Davies,23,Mid,8,77.5585938625644,Established Youth
2025,Gold Coast SUNS,1015515,Oscar Adams,22,Key Def,8,34.2921615326168,Established Youth
2025,Gold Coast SUNS,1017396,Mac Andrew,21,Key Def,24,70.0115817984489,Rising Stars
2025,Gold Coast SUNS,1017665,Bodhi Uwland,22,Gen Def,25,76.2572940420864,Established Youth
2025,Gold Coast SUNS,1018123,Jake Rogers,20,Gen Fwd,9,33.1943085886477,Rising Stars
2025,Gold Coast SUNS,1021013,Ned Moyle,23,Ruck,3,55.7972366392249,Established Youth
2025,Gold Coast SUNS,1023500,Bailey Humphrey,20,Mid-Fwd,23,79.8166337808591,Rising Stars
2025,Gold Coast SUNS,1023736,Jed Walter,20,Key Fwd,16,45.1495127888962,Rising Stars
2025,Gold Coast SUNS,1026960,Will Graham,20,Gen Fwd,8,64.1218238611953,Rising Stars
2025,Gold Coast SUNS,1027033,Ethan Read,20,Key Fwd,21,44.8577933902774,Rising Stars
2025,Gold Coast SUNS,1029301,Leonardo Lombard,18,Gen Fwd,4,19.2358002545689,Rising Stars
2025,Gold Coast SUNS,1029304,Lachlan Gulbin,18,Gen Fwd,1,48.8784001057521,Rising Stars
2025,Gold Coast SUNS,290832,David Swallow,32,Gen Fwd,9,35.8789132254151,Veterans
2025,Gold Coast SUNS,291975,Jarrod Witts,32,Ruck,24,103.726372250751,Veterans
2025,Gold Coast SUNS,294013,Sean Lemmens,30,Gen Def,1,45.3833527133565,Veterans
2025,Gold Coast SUNS,294643,Alex Sexton,31,Gen Fwd,5,17.3756971785971,Veterans
2025,Gold Coast SUNS,295446,Sam Collins,31,Key Def,22,71.9283335622778,Veterans
2025,Gold Coast SUNS,297456,Nick Holman,30,Mid-Fwd,16,39.3674568294353,Veterans
2025,Gold Coast SUNS,298272,Touk Miller,29,Mid,23,107.848677070905,Prime
2025,Gold Coast SUNS,298524,Lachie Weller,29,Wing,19,60.4553824840171,Prime
2025,Gold Coast SUNS,993799,Brayden Fiorini,28,Wing,18,91.1618328858006,Prime
2025,Gold Coast SUNS,993917,Ben Long,28,Gen Fwd,24,65.246753756148,Prime
2025,Gold Coast SUNS,998130,Ben Ainsworth,27,Gen Fwd,24,58.4539605376794,Prime
2025,Gold Coast SUNS,999715,Jy Farrar,28,Gen Fwd,8,64.8663332441375,Prime
2025,Hawthorn,1000887,Mitch Lewis,26,Key Fwd,8,53.4065319041,Prime
2025,Hawthorn,1000963,Harry Morrison,26,Wing,20,71.7435163400969,Prime
2025,Hawthorn,1000980,Lloyd Meek,27,Ruck,25,102.05057254548,Prime
2025,Hawthorn,1001024,Ned Reeves,26,Ruck,1,63.9287320395837,Prime
2025,Hawthorn,1002222,James Worpel,26,Mid,21,74.6313970512852,Prime
2025,Hawthorn,1005144,Massimo D'Ambrosio,22,Wing,26,70.5719969090327,Established Youth
2025,Hawthorn,1006314,Dylan Moore,26,Gen Fwd,26,87.6304693546885,Prime
2025,Hawthorn,1007124,Conor Nash,27,Mid,22,74.1003659033132,Prime
2025,Hawthorn,1008550,Will Day,24,Mid,6,99.1247645790003,Established Youth
2025,Hawthorn,1009421,Finn Maginness,24,Gen Fwd,13,45.16271302179,Established Youth
2025,Hawthorn,1010708,Sam Butler,22,Mid-Fwd,6,54.9383333607623,Established Youth
2025,Hawthorn,1012857,Jack Ginnivan,22,Gen Fwd,25,77.3961853180782,Established Youth
2025,Hawthorn,1017094,Connor Macdonald,22,Gen Fwd,24,70.1784415312918,Established Youth
2025,Hawthorn,1017110,Josh Ward,22,Mid,25,82.9300611555369,Established Youth
2025,Hawthorn,1018016,Seamus Mitchell,23,Gen Def,4,29.3746172456299,Established Youth
2025,Hawthorn,1020895,Jai Newcombe,24,Mid,26,96.7155327050096,Established Youth
2025,Hawthorn,1023473,Nick Watson,20,Gen Fwd,25,64.0671101752097,Rising Stars
2025,Hawthorn,1023482,Cam Mackenzie,21,Mid,12,67.1212603472909,Rising Stars
2025,Hawthorn,1023680,Henry Hustwaite,21,Mid,4,46.4099545347614,Rising Stars
2025,Hawthorn,1027935,Josh Weddle,21,Gen Def,18,77.599477092587,Rising Stars
2025,Hawthorn,1027965,Max Ramsden,22,Key Fwd,4,63.5026867470776,Established Youth
2025,Hawthorn,1029261,Bailey Macdonald,21,Gen Def,6,25.1308944778842,Rising Stars
2025,Hawthorn,1032100,Calsher Dear,20,Key Fwd,9,48.7923965831093,Rising Stars
2025,Hawthorn,280744,Luke Breust,34,Gen Fwd,8,32.2490201590711,Old Timers
2025,Hawthorn,291351,Jack Gunston,33,Key Fwd,23,88.1129409741901,Veterans
2025,Hawthorn,293738,Sam Frost,32,Key Def,2,17.1815371202531,Veterans
2025,Hawthorn,296254,Jarman Impey,30,Gen Def,24,83.1887672783857,Veterans
2025,Hawthorn,297354,Karl Amon,30,Gen Def,25,94.43645013392,Veterans
2025,Hawthorn,297566,James Sicily,30,Gen Def,23,88.3229315756359,Veterans
2025,Hawthorn,990290,Tom Barrass,29,Key Def,25,60.9120266352192,Prime
2025,Hawthorn,993794,Blake Hardwick,28,Gen Def,26,75.0338808493895,Prime
2025,Hawthorn,994077,Mabior Chol,28,Key Fwd,24,68.3208116881304,Prime
2025,Hawthorn,998114,Jack Scrimshaw,26,Gen Def,16,67.227348420733,Prime
2025,Hawthorn,998134,Josh Battle,26,Key Def,26,80.6679796044478,Prime
2025,Hawthorn,998390,Changkuoth Jiath,26,Gen Def,20,59.2170572745977,Prime
2025,Melbourne,1001438,Bayley Fritsch,28,Gen Fwd,22,67.6660862820301,Prime
2025,Melbourne,1002282,Charlie Spargo,25,Gen Fwd,10,42.3744703052249,Established Youth
2025,Melbourne,1005330,Kade Chandler,25,Gen Fwd,23,74.444828707955,Established Youth
2025,Melbourne,1007099,Harry Sharp,22,Gen Fwd,18,28.7897840955657,Established Youth
2025,Melbourne,1008183,Jack Henderson,25,Gen Fwd,5,42.73785666498,Established Youth
2025,Melbourne,1008541,Kysaiah Pickett,24,Mid-Fwd,20,91.4835563713142,Established Youth
2025,Melbourne,1008893,Harrison Petty,25,Key Fwd,19,54.5334943514866,Established Youth
2025,Melbourne,1009378,Trent Rivers,24,Gen Def,23,82.6546142831582,Established Youth
2025,Melbourne,1012825,Jake Bowey,22,Gen Def,23,92.38673242969,Established Youth
2025,Melbourne,1012826,Bailey Laurie,23,Gen Fwd,1,0.844129240925499,Established Youth
2025,Melbourne,1013532,Tom Fullarton,26,Key Fwd,2,30.8478478903632,Prime
2025,Melbourne,1017122,Blake Howes,22,Gen Def,12,49.7088245114024,Established Youth
2025,Melbourne,1017703,Judd McVee,22,Gen Def,17,57.4854574685446,Established Youth
2025,Melbourne,1017720,Jacob van Rooyen,22,Key Fwd,16,62.2140781911605,Established Youth
2025,Melbourne,1018425,Taj Woewodin,22,Wing,1,42.9568880898741,Established Youth
2025,Melbourne,1020802,Jai Culley,22,Wing,4,67.3681920385717,Established Youth
2025,Melbourne,1020959,Daniel Turner,23,Key Def,19,70.4528354894361,Established Youth
2025,Melbourne,1023174,Jed Adams,21,Key Def,1,36.101295302737,Rising Stars
2025,Melbourne,1023486,Matthew Jefferson,21,Key Fwd,7,30.7068239930833,Rising Stars
2025,Melbourne,1023640,Koltyn Tholstrup,20,Gen Fwd,9,33.9167933269043,Rising Stars
2025,Melbourne,1024173,Aidan Johnson,25,Key Fwd,5,37.8108484401176,Established Youth
2025,Melbourne,1027821,Caleb Windsor,20,Gen Def,17,52.27760316666,Rising Stars
2025,Melbourne,1028531,Xavier Lindsay,19,Wing,18,50.6444677314638,Rising Stars
2025,Melbourne,1028546,Harvey Langford,19,Wing,22,71.0792063696509,Rising Stars
2025,Melbourne,280824,Jake Melksham,34,Key Fwd,19,63.2100423264777,Old Timers
2025,Melbourne,281085,Steven May,33,Key Def,16,86.1842088633161,Veterans
2025,Melbourne,290528,Max Gawn,33,Ruck,23,127.549846007139,Veterans
2025,Melbourne,291533,Tom McDonald,32,Key Def,17,74.7783534850422,Veterans
2025,Melbourne,291902,Jack Viney,31,Mid,18,87.1394021972839,Veterans
2025,Melbourne,296351,Jack Billings,30,Wing,1,49.3165656882583,Veterans
2025,Melbourne,296359,Christian Salem,30,Gen Def,23,91.2586816349871,Veterans
2025,Melbourne,298210,Christian Petracca,29,Mid-Fwd,23,96.7230149486041,Prime
2025,Melbourne,298264,Ed Langdon,29,Mid-Fwd,23,71.9781080900894,Prime
2025,Melbourne,298281,Jake Lever,29,Gen Def,8,65.8539378024622,Prime
2025,Melbourne,996701,Clayton Oliver,28,Mid,22,92.3593293037277,Prime
2025,Melbourne,999391,Tom Sparrow,25,Gen Fwd,22,60.2517717169683,Established Youth
2025,North Melbourne,1000061,Callum Coleman-Jones,26,Ruck,1,1.17404747861166,Prime
2025,North Melbourne,1001017,Nick Larkey,27,Key Fwd,17,71.4825824021529,Prime
2025,North Melbourne,1002138,Toby Pink,27,Key Def,17,58.1493304690079,Prime
2025,North Melbourne,1002267,Luke Davies-Uniacke,26,Mid,22,97.3511417114401,Prime
2025,North Melbourne,1002947,Paul Curtis,22,Gen Fwd,19,77.9371283886205,Established Youth
2025,North Melbourne,1004848,Dylan Stephens,24,Wing,22,60.6161510679419,Established Youth
2025,North Melbourne,1004965,Tristan Xerri,26,Ruck,20,127.111604541077,Prime
2025,North Melbourne,1006058,Bailey Scott,25,Wing,12,45.9594041377429,Established Youth
2025,North Melbourne,1007591,Brynn Teakle,25,Ruck,4,70.1681018646309,Established Youth
2025,North Melbourne,1011659,Tom Powell,23,Mid,23,84.3342729826367,Established Youth
2025,North Melbourne,1012144,Kallan Dawson,27,Key Def,3,37.1261812962372,Prime
2025,North Melbourne,1012829,Will Phillips,23,Mid,7,62.8980126413317,Established Youth
2025,North Melbourne,1015781,Charlie Comben,24,Key Def,20,60.6033279081235,Established Youth
2025,North Melbourne,1020930,Zac Banch,22,Gen Fwd,4,28.8098295478613,Established Youth
2025,North Melbourne,1020968,Jackson Archer,22,Gen Def,3,34.4768809744081,Established Youth
2025,North Melbourne,1020979,Cooper Harvey,21,Gen Fwd,7,45.9845003900882,Rising Stars
2025,North Melbourne,1023144,Robert Hansen Jr,21,Mid-Fwd,12,34.2085700357231,Rising Stars
2025,North Melbourne,1023477,George Wardlaw,21,Mid,13,73.2543429175901,Rising Stars
2025,North Melbourne,1023494,Zane Duursma,20,Gen Fwd,10,31.4026597990524,Rising Stars
2025,North Melbourne,1023518,Harry Sheezel,20,Mid-Fwd,23,107.092076646862,Rising Stars
2025,North Melbourne,1023530,Jacob Konstanty,20,Gen Fwd,23,44.9830819757788,Rising Stars
2025,North Melbourne,1023625,Riley Hardeman,20,Gen Def,17,54.9149012307941,Rising Stars
2025,North Melbourne,1024272,Colby McKercher,20,Gen Def,23,83.5947982537082,Rising Stars
2025,North Melbourne,1027726,Geordie Payne,19,Gen Fwd,3,34.4646786411371,Rising Stars
2025,North Melbourne,1028495,Finn O'Sullivan,19,Gen Def,22,58.0632494505273,Rising Stars
2025,North Melbourne,1028547,Matt Whitlock,19,Key Def,2,21.5113767197402,Rising Stars
2025,North Melbourne,1028551,Wil Dawson,19,Key Def,5,44.7821813929621,Rising Stars
2025,North Melbourne,1031792,Finnbar Maley,22,Key Fwd,7,36.247101013759,Established Youth
2025,North Melbourne,1031988,Cooper Trembath,19,Key Fwd,3,71.6948666634484,Rising Stars
2025,North Melbourne,290778,Luke Parker,32,Mid,22,88.0863317693033,Veterans
2025,North Melbourne,290838,Jack Darling,33,Key Fwd,22,59.976751444771,Veterans
2025,North Melbourne,294508,Aidan Corr,31,Key Def,10,62.9197091303518,Veterans
2025,North Melbourne,295136,Caleb Daniel,29,Gen Def,23,93.6766529137637,Prime
2025,North Melbourne,296355,Luke McDonald,30,Gen Def,15,71.8309869343248,Veterans
2025,North Melbourne,993816,Darcy Tucker,28,Gen Def,7,47.6395673178975,Prime
2025,North Melbourne,993998,Jy Simpkin,27,Mid-Fwd,21,86.8968635758391,Prime
2025,North Melbourne,997933,Griffin Logue,27,Key Def,16,62.0290000525913,Prime
2025,North Melbourne,998484,Cameron Zurhaar,27,Gen Fwd,22,64.804579667425,Prime
2025,North Melbourne,999827,Zac Fisher,27,Gen Fwd,7,47.4518936039654,Prime
2025,Port Adelaide,1000972,Willem Drew,26,Mid,23,82.0202742699905,Prime
2025,Port Adelaide,1001299,Connor Rozee,25,Gen Def,21,104.950589530786,Established Youth
2025,Port Adelaide,1002220,Esava Ratugolea,27,Key Def,13,70.7372771931772,Prime
2025,Port Adelaide,1002253,Kane Farrell,26,Gen Def,21,88.058720537813,Prime
2025,Port Adelaide,1004034,Brandon Zerk-Thatcher,26,Key Def,13,59.1615983020331,Prime
2025,Port Adelaide,1004095,Jack Lukosius,25,Key Fwd,7,58.1158018552424,Established Youth
2025,Port Adelaide,1004819,Jed Mcentee,24,Gen Fwd,6,45.607657553521,Established Youth
2025,Port Adelaide,1005326,Jackson Mead,23,Wing,20,52.4027069911814,Established Youth
2025,Port Adelaide,1006121,Zak Butters,24,Mid,20,120.971339819677,Established Youth
2025,Port Adelaide,1008239,Joe Richards,25,Gen Fwd,22,69.8049230703256,Established Youth
2025,Port Adelaide,1008649,Mani Liddy,23,Wing,9,51.0436451794384,Established Youth
2025,Port Adelaide,1009191,Miles Bergman,23,Gen Def,19,82.7061917536463,Established Youth
2025,Port Adelaide,1009195,Dylan Williams,24,Gen Fwd,2,35.9226207634447,Established Youth
2025,Port Adelaide,1010174,Mitch Georgiades,23,Key Fwd,23,72.9737979686375,Established Youth
2025,Port Adelaide,1011583,Lachie Jones,23,Gen Def,18,56.8199501358041,Established Youth
2025,Port Adelaide,1011640,Jason Horne-Francis,22,Mid,15,94.5226491929856,Established Youth
2025,Port Adelaide,1012881,Ollie Lord,23,Key Fwd,15,42.9010630912325,Established Youth
2025,Port Adelaide,1013462,Jase Burgoyne,22,Wing,20,74.2195361861098,Established Youth
2025,Port Adelaide,1015330,Hugh Jackson,22,Mid-Fwd,9,40.8501632773115,Established Youth
2025,Port Adelaide,1017078,Josh Sinn,22,Gen Def,20,49.432021815473,Established Youth
2025,Port Adelaide,1017128,Dante Visentini,22,Ruck,8,63.5482510621389,Established Youth
2025,Port Adelaide,1019938,Logan Evans,19,Gen Def,10,57.4862446318195,Rising Stars
2025,Port Adelaide,1022371,Tom Cochrane,19,Gen Fwd,3,33.9403169448876,Rising Stars
2025,Port Adelaide,1027311,Harrison Ramm,18,Key Def,1,28.3355411606321,Rising Stars
2025,Port Adelaide,1027887,Ewan Mackinlay,22,Wing,1,79.5678625390512,Established Youth
2025,Port Adelaide,1028529,Joe Berry,19,Gen Fwd,12,39.3834876690806,Rising Stars
2025,Port Adelaide,1028563,Christian Moraes,18,Wing,14,46.8167707948829,Rising Stars
2025,Port Adelaide,1029262,Will Lorenz,20,Wing,6,58.373522168708,Rising Stars
2025,Port Adelaide,1032053,Jack Whitlock,19,Key Fwd,4,40.8361447185962,Rising Stars
2025,Port Adelaide,250365,Travis Boak,37,Wing,16,77.878299095067,Old Timers
2025,Port Adelaide,294318,Ollie Wines,30,Mid,20,92.7980426711781,Veterans
2025,Port Adelaide,294469,Aliir Aliir,30,Key Def,22,71.4621182145922,Veterans
2025,Port Adelaide,294472,Rory Atkins,31,Gen Def,3,50.0364137039524,Veterans
2025,Port Adelaide,296225,Willie Rioli,30,Gen Fwd,19,54.7615288673491,Veterans
2025,Port Adelaide,298111,Jeremy Finlayson,29,Key Fwd,8,46.9069182573632,Prime
2025,Port Adelaide,991930,Darcy Byrne-Jones,30,Gen Fwd,22,67.5178008904994,Veterans
2025,Port Adelaide,992128,Ryan Burton,28,Gen Def,8,72.4772929020482,Prime
2025,Port Adelaide,992330,Jordon Sweet,27,Ruck,19,87.122818346353,Prime
2025,Port Adelaide,993979,Sam Powell-Pepper,27,Gen Fwd,16,68.8773981307431,Prime
2025,Port Adelaide,998529,Ivan Soldo,29,Ruck,1,34.6943737105128,Prime
2025,Richmond,1002245,Noah Balta,25,Key Def,13,62.569877237669,Established Youth
2025,Richmond,1002403,Ben Miller,26,Key Def,23,70.1965945773078,Prime
2025,Richmond,1006030,Jacob Koschitzke,25,Key Fwd,2,37.5855091266235,Established Youth
2025,Richmond,1006133,Jack Ross,24,Mid-Fwd,23,78.4521048854014,Established Youth
2025,Richmond,1008478,Rhyan Mansell,25,Gen Fwd,20,58.2947407237026,Established Youth
2025,Richmond,1008747,Mykelti Lefau,27,Key Fwd,1,8.4777907525364,Prime
2025,Richmond,1009226,Thomson Dow,23,Mid,11,69.3213173902257,Established Youth
2025,Richmond,1009551,Maurice Rioli,22,Gen Fwd,13,49.1600802031884,Established Youth
2025,Richmond,1011985,Hugo Ralphsmith,23,Wing,12,67.0403302592685,Established Youth
2025,Richmond,1012386,Samson Ryan,24,Ruck,2,38.2319658977467,Established Youth
2025,Richmond,1013197,Sam Banks,22,Gen Def,22,80.8420892302935,Established Youth
2025,Richmond,1013229,Jacob Blight,23,Key Def,7,59.2328966777046,Established Youth
2025,Richmond,1017059,Josh Gibcus,22,Key Def,1,42.6103871004933,Established Youth
2025,Richmond,1017086,Tom Brown,22,Gen Def,23,64.1079730342204,Established Youth
2025,Richmond,1017114,Tyler Sonsie,22,Mid-Fwd,16,50.3210509264184,Established Youth
2025,Richmond,1018433,Tylar Young,26,Key Def,7,74.3810192264855,Prime
2025,Richmond,1018996,Tom Sims,19,Key Fwd,11,38.9925340317222,Rising Stars
2025,Richmond,1019916,Kane McAuliffe,20,Mid,5,81.5063217282043,Rising Stars
2025,Richmond,1021152,Jacob Bauer,23,Key Fwd,5,25.3503062354909,Established Youth
2025,Richmond,1022383,Liam Fawcett,20,Key Fwd,1,29.780437861149,Rising Stars
2025,Richmond,1022999,Kaleb Smith,20,Gen Def,8,40.0109467635719,Rising Stars
2025,Richmond,1023056,Steely Green,21,Gen Fwd,19,40.6926580370463,Rising Stars
2025,Richmond,1023275,Seth Campbell,20,Gen Fwd,22,65.8461030108529,Rising Stars
2025,Richmond,1028491,Sam Lalor,18,Gen Fwd,11,55.7280650178298,Rising Stars
2025,Richmond,1028498,Jonty Faull,19,Key Fwd,16,42.5344044732563,Rising Stars
2025,Richmond,1028521,Luke Trainor,19,Gen Def,21,52.6668523896935,Rising Stars
2025,Richmond,1028525,Harry Armstrong,19,Key Fwd,8,31.6569996740408,Rising Stars
2025,Richmond,1028537,Jasper Alger,18,Gen Fwd,4,22.916853494008,Rising Stars
2025,Richmond,1031829,James Trezise,23,Wing,16,53.0496764310542,Established Youth
2025,Richmond,1032106,Taj Hotton,19,Gen Fwd,7,54.9987252032679,Rising Stars
2025,Richmond,1036103,Campbell Gray,22,Key Def,3,64.4789880489876,Established Youth
2025,Richmond,290627,Dion Prestia,32,Mid,12,82.4393753650681,Veterans
2025,Richmond,293813,Tom Lynch,32,Key Fwd,16,56.2795253488623,Veterans
2025,Richmond,294592,Kamdyn McIntosh,31,Wing,23,58.4551292624213,Veterans
2025,Richmond,294674,Nick Vlastuin,31,Gen Def,22,89.0781256885827,Veterans
2025,Richmond,295203,Nathan Broad,32,Gen Def,22,66.6743245083177,Veterans
2025,Richmond,298174,Toby Nankervis,31,Ruck,22,97.8456913120543,Veterans
2025,Richmond,992049,Jayden Short,29,Gen Def,15,84.2385145197827,Prime
2025,Richmond,993903,Jacob Hopper,28,Mid,23,90.0003981962123,Prime
2025,Richmond,998172,Tim Taranto,27,Mid,21,98.3943056701581,Prime
2025,St Kilda,1000958,Harry Boyd,27,Ruck,1,62.5214208634838,Prime
2025,St Kilda,1002227,Jack Higgins,26,Gen Fwd,23,59.5721271994259,Prime
2025,St Kilda,1002264,Hunter Clark,26,Mid,13,60.8603672607438,Prime
2025,St Kilda,1005988,Liam Henry,24,Gen Fwd,6,32.8972420245634,Established Youth
2025,St Kilda,1008312,Liam Stocker,25,Gen Def,17,53.7582173109256,Established Youth
2025,St Kilda,1011994,Ryan Byrnes,24,Gen Def,17,63.5477222004529,Established Youth
2025,St Kilda,1013233,Jack Carroll,22,Mid,3,37.4566994618017,Established Youth
2025,St Kilda,1015323,Isaac Keeler,21,Key Fwd,11,40.3297842197372,Rising Stars
2025,St Kilda,1015507,Nasiah Wanganeen-Milera,22,Gen Def,23,115.054705575283,Established Youth
2025,St Kilda,1015886,Max Heath,22,Key Fwd,4,45.5212883833089,Established Youth
2025,St Kilda,1017077,Angus McLennan,22,Gen Def,1,29.5836314643078,Established Youth
2025,St Kilda,1017959,Lance Collard,20,Gen Fwd,12,33.5394022388909,Rising Stars
2025,St Kilda,1018018,Cooper Sharman,25,Key Fwd,21,70.1293488763704,Established Youth
2025,St Kilda,1020137,Mattaes Phillipou,20,Gen Fwd,7,34.6306074498129,Rising Stars
2025,St Kilda,1020855,Max Hall,23,Gen Fwd,23,75.1148128412997,Established Youth
2025,St Kilda,1023270,Marcus Windhager,22,Mid,23,82.0757543740636,Established Youth
2025,St Kilda,1023272,Mitch Owens,22,Key Fwd,19,65.6677752136242,Established Youth
2025,St Kilda,1023784,Anthony Caminiti,21,Key Def,23,66.3008673766381,Rising Stars
2025,St Kilda,1024279,Arie Schoenmaker,20,Gen Def,3,58.3879832085519,Rising Stars
2025,St Kilda,1027011,Alex Dodson,19,Key Fwd,1,12.9668060541589,Rising Stars
2025,St Kilda,1027790,Hugo Garcia,20,Mid,17,65.4938216092902,Rising Stars
2025,St Kilda,1027872,Angus Hastie,20,Gen Def,9,35.7610134516356,Rising Stars
2025,St Kilda,1027875,Darcy Wilson,20,Mid-Fwd,18,62.0282972338173,Rising Stars
2025,St Kilda,1028538,Tobie Travaglia,18,Gen Def,12,43.1467148305352,Rising Stars
2025,St Kilda,1029148,Hugh Boxshall,19,Wing,11,58.1598377741679,Rising Stars
2025,St Kilda,1030433,Alix Tauru,18,Key Def,10,51.6504935648162,Rising Stars
2025,St Kilda,1035198,Liam O'Connell,22,Gen Def,7,35.6653189733193,Established Youth
2025,St Kilda,290757,Jimmy Webster,32,Gen Def,15,54.3721720302642,Veterans
2025,St Kilda,295340,Mason Wood,32,Mid-Fwd,21,71.7927477456858,Veterans
2025,St Kilda,295467,Jack Macrae,31,Mid,21,100.933800470429,Veterans
2025,St Kilda,295584,Bradley Hill,32,Mid-Fwd,22,72.3601456597435,Veterans
2025,St Kilda,296205,Jack Steele,29,Mid,21,94.2622068850018,Prime
2025,St Kilda,296422,Callum Wilkie,29,Key Def,23,92.4490469315326,Prime
2025,St Kilda,991939,Zaine Cordy,28,Key Def,1,30.9689716629517,Prime
2025,St Kilda,991988,Zak Jones,30,Mid,15,57.593273173476,Veterans
2025,St Kilda,992374,Dan Butler,29,Gen Fwd,6,37.2991579815798,Prime
2025,St Kilda,992468,Rowan Marshall,29,Ruck,23,105.837438984863,Prime
2025,St Kilda,993480,Dougal Howard,29,Key Def,3,64.1469766888831,Prime
2025,St Kilda,994389,Jack Sinclair,30,Gen Def,23,112.10573967128,Veterans
2025,Sydney Swans,1003203,Hayden McLean,26,Key Fwd,19,64.6394594147029,Prime
2025,Sydney Swans,1004985,Ben Paton,26,Gen Def,4,37.9390318188687,Prime
2025,Sydney Swans,1006028,Nick Blakey,25,Gen Def,23,101.377101893844,Established Youth
2025,Sydney Swans,1006126,James Rowbottom,24,Mid,23,81.5304815644777,Established Youth
2025,Sydney Swans,1006232,Sam Wicks,26,Gen Def,21,56.2367863460552,Prime
2025,Sydney Swans,1008091,Joel Amartey,26,Key Fwd,8,55.9815509746975,Prime
2025,Sydney Swans,1008198,Tom McCartin,25,Key Def,20,69.8454732960875,Established Youth
2025,Sydney Swans,1008224,Riley Bice,24,Gen Def,16,62.1640082429713,Established Youth
2025,Sydney Swans,1009392,Jack Buller,24,Key Fwd,9,52.5940709574749,Established Youth
2025,Sydney Swans,1011936,Justin McInerney,25,Mid-Fwd,17,88.0695492942975,Established Youth
2025,Sydney Swans,1012014,Chad Warner,24,Mid,23,93.2806384823733,Established Youth
2025,Sydney Swans,1012210,Matt Roberts,22,Gen Def,18,86.7519223762005,Established Youth
2025,Sydney Swans,1013128,Errol Gulden,23,Wing,10,104.657594381323,Established Youth
2025,Sydney Swans,1013133,Braeden Campbell,23,Gen Fwd,23,59.4527151227408,Established Youth
2025,Sydney Swans,1013409,James Jordon,24,Mid,23,62.6653112472667,Established Youth
2025,Sydney Swans,1018424,Corey Warner,21,Mid-Fwd,14,48.6379667062793,Rising Stars
2025,Sydney Swans,1020339,Angus Sheldrick,21,Mid,20,65.9066270940858,Rising Stars
2025,Sydney Swans,1024057,Caiden Cleary,20,Gen Fwd,12,44.9140489413778,Rising Stars
2025,Sydney Swans,1024096,Caleb Mitchell,21,Gen Def,1,49.0580664043294,Rising Stars
2025,Sydney Swans,1027687,Tom Hanily,20,Gen Fwd,8,34.2756441683378,Rising Stars
2025,Sydney Swans,1029589,Jesse Dattoli,19,Gen Fwd,3,34.9535996770982,Rising Stars
2025,Sydney Swans,290307,Dane Rampe,35,Gen Def,21,62.1671057948888,Old Timers
2025,Sydney Swans,291776,Taylor Adams,32,Gen Fwd,4,27.1177623348409,Veterans
2025,Sydney Swans,291978,Harry Cunningham,31,Gen Def,11,58.0573863934702,Veterans
2025,Sydney Swans,293957,Brodie Grundy,31,Ruck,22,125.346949878175,Veterans
2025,Sydney Swans,295222,Joel Hamling,32,Key Def,14,48.0372017674929,Veterans
2025,Sydney Swans,295342,Jake Lloyd,32,Wing,22,80.026297894281,Veterans
2025,Sydney Swans,298539,Isaac Heeney,29,Mid,23,109.547376958856,Prime
2025,Sydney Swans,990816,Aaron Francis,28,Key Fwd,10,43.6751485596389,Prime
2025,Sydney Swans,993905,Callum Mills,28,Gen Def,12,99.6148427310689,Prime
2025,Sydney Swans,996743,Lewis Melican,28,Key Def,17,56.9599863338045,Prime
2025,Sydney Swans,996765,Tom Papley,29,Gen Fwd,11,66.1553611260779,Prime
2025,Sydney Swans,997100,Will Hayward,26,Gen Fwd,21,68.2218448295753,Prime
2025,Sydney Swans,997142,Peter Ladhams,27,Ruck,10,49.1464471873077,Prime
2025,Sydney Swans,998103,Oliver Florent,27,Wing,16,60.5083364849915,Prime
2025,West Coast Eagles,1000223,Liam Baker,27,Gen Def,23,91.6718574981684,Prime
2025,West Coast Eagles,1004364,Liam Ryan,28,Gen Fwd,20,62.2447088894939,Prime
2025,West Coast Eagles,1004385,Oscar Allen,26,Key Fwd,12,58.6559820541118,Prime
2025,West Coast Eagles,1006114,Bailey J. Williams,25,Ruck,16,52.1136732597748,Established Youth
2025,West Coast Eagles,1006550,Jack Petruccelle,26,Gen Fwd,2,19.9880616815193,Prime
2025,West Coast Eagles,1011437,Harry Edwards,24,Key Def,16,61.2289955449035,Established Youth
2025,West Coast Eagles,1013315,Sandy Brock,22,Key Def,14,62.4888868085054,Established Youth
2025,West Coast Eagles,1013511,Tyler Brockman,22,Gen Fwd,20,53.0474263613909,Established Youth
2025,West Coast Eagles,1013973,Matthew Owies,28,Gen Fwd,16,43.1084080381752,Prime
2025,West Coast Eagles,1017057,Campbell Chesser,22,Wing,4,63.3077383643046,Established Youth
2025,West Coast Eagles,1017718,Rhett Bazzo,21,Key Def,7,53.2172123787201,Rising Stars
2025,West Coast Eagles,1018992,Lucca Grego,18,Gen Def,1,58.4558436590154,Rising Stars
2025,West Coast Eagles,1020371,Jack Williams,21,Key Fwd,13,55.6950979383377,Rising Stars
2025,West Coast Eagles,1020670,Elijah Hewett,21,Mid,20,63.8824866473823,Rising Stars
2025,West Coast Eagles,1022486,Jacob Newton,19,Key Fwd,2,25.4870387305257,Rising Stars
2025,West Coast Eagles,1023025,Reuben Ginbey,20,Gen Def,23,70.8395558465736,Rising Stars
2025,West Coast Eagles,1023142,Tyrell Dewar,21,Wing,16,44.3397270118249,Rising Stars
2025,West Coast Eagles,1023167,Brady Hough,22,Mid,22,68.3356337942568,Established Youth
2025,West Coast Eagles,1023492,Harley Reid,20,Mid,19,70.4034705252179,Rising Stars
2025,West Coast Eagles,1023496,Noah Long,20,Gen Fwd,10,35.0002193103277,Rising Stars
2025,West Coast Eagles,1024188,Clay Hall,20,Mid,13,66.7988754052006,Rising Stars
2025,West Coast Eagles,1027693,Archer Reid,20,Key Fwd,14,45.1900304859174,Rising Stars
2025,West Coast Eagles,1028449,Bo Allan,19,Gen Def,6,37.59619176656,Rising Stars
2025,West Coast Eagles,1028561,Tom Gross,18,Mid-Fwd,8,36.2328815916556,Rising Stars
2025,West Coast Eagles,1029136,Malakai Champion,19,Gen Fwd,2,19.2475088202047,Rising Stars
2025,West Coast Eagles,1029416,Ryan Maric,20,Gen Def,22,85.1755207626671,Rising Stars
2025,West Coast Eagles,1031913,Jobe Shanahan,19,Key Fwd,9,50.0787723304224,Rising Stars
2025,West Coast Eagles,1032624,Hamish Davis,19,Wing,8,40.3550631767875,Rising Stars
2025,West Coast Eagles,1036098,Jack Hutchinson,23,Wing,16,57.030619904995,Established Youth
2025,West Coast Eagles,1036124,Tom McCarthy,25,Gen Def,10,93.3020516813653,Established Youth
2025,West Coast Eagles,290826,Jamie Cripps,33,Gen Fwd,21,60.6878970053686,Veterans
2025,West Coast Eagles,294859,Jeremy McGovern,33,Key Def,6,89.1879710671602,Veterans
2025,West Coast Eagles,295898,Tim Kelly,31,Mid-Fwd,20,74.1256767974996,Veterans
2025,West Coast Eagles,298268,Liam Duggan,28,Gen Def,21,79.6585552682216,Prime
2025,West Coast Eagles,990827,Jack Graham,27,Mid-Fwd,18,87.9492361635079,Prime
2025,West Coast Eagles,993820,Tom Cole,28,Gen Def,18,76.6859114347445,Prime
2025,West Coast Eagles,993902,Matt Flynn,28,Ruck,18,82.6053536913626,Prime
2025,West Coast Eagles,994385,Jayden Hunt,30,Wing,15,47.5540395846024,Veterans
2025,West Coast Eagles,996554,Jake Waterman,27,Key Fwd,8,63.3870746004539,Prime
2025,Western Bulldogs,1000864,Lachlan Bramble,27,Gen Def,23,66.12443994302,Prime
2025,Western Bulldogs,1001398,Matthew Kennedy,28,Mid,23,95.2747390583928,Prime
2025,Western Bulldogs,1002404,Aaron Naughton,25,Key Fwd,23,80.0781954404139,Established Youth
2025,Western Bulldogs,1004592,Tim English,28,Ruck,23,111.230752473757,Prime
2025,Western Bulldogs,1005000,Laitham Vandermeer,26,Gen Fwd,19,46.773729167247,Prime
2025,Western Bulldogs,1005717,Nick Coffield,25,Gen Def,4,48.9849301559431,Established Youth
2025,Western Bulldogs,1006127,Rhylee West,25,Gen Fwd,23,70.9405202657252,Established Youth
2025,Western Bulldogs,1006533,Riley Garcia,24,Mid-Fwd,8,61.5908797394725,Established Youth
2025,Western Bulldogs,1008280,Ed Richards,26,Mid,23,111.32147540811,Prime
2025,Western Bulldogs,1008855,Oskar Baker,27,Wing,9,61.6082784107965,Prime
2025,Western Bulldogs,1009015,Lachlan McNeil,24,Gen Fwd,21,47.9638197562838,Established Youth
2025,Western Bulldogs,1011589,Caleb Poulter,22,Gen Fwd,7,42.3357573022247,Established Youth
2025,Western Bulldogs,1013996,Jordan Croft,20,Key Fwd,2,64.8730486551667,Rising Stars
2025,Western Bulldogs,1015929,Luke Cleary,23,Gen Def,16,57.7270224351645,Established Youth
2025,Western Bulldogs,1017087,Harvey Gallagher,21,Gen Def,5,35.8693491624896,Rising Stars
2025,Western Bulldogs,1017126,Sam Darcy,22,Key Fwd,17,95.5572323328099,Established Youth
2025,Western Bulldogs,1017939,Ryley Sanders,20,Mid-Fwd,21,70.4682472415544,Rising Stars
2025,Western Bulldogs,1020586,Arthur Jones,22,Mid-Fwd,4,21.5820445454203,Established Youth
2025,Western Bulldogs,1023017,Jedd Busslinger,21,Key Def,7,44.096222283957196,Rising Stars
2025,Western Bulldogs,1027704,Joel Freijah,19,Mid-Fwd,23,79.2984355413083,Rising Stars
2025,Western Bulldogs,1029456,Cooper Hynes,19,Gen Fwd,8,27.6632001323755,Rising Stars
2025,Western Bulldogs,1032966,James O'Donnell,22,Key Def,22,56.2031068749499,Established Youth
2025,Western Bulldogs,1034235,Josh Dolan,18,Gen Fwd,11,27.4562101728281,Rising Stars
2025,Western Bulldogs,1036123,Sam Davidson,23,Wing,19,63.8569921726118,Established Youth
2025,Western Bulldogs,281078,Liam Jones,34,Key Def,5,49.3016999959419,Old Timers
2025,Western Bulldogs,290085,Taylor Duryea,34,Gen Def,5,39.0319586063749,Old Timers
2025,Western Bulldogs,290799,Tom Liberatore,33,Mid,23,110.99189440451,Veterans
2025,Western Bulldogs,291790,Adam Treloar,32,Mid-Fwd,4,71.8280108807667,Veterans
2025,Western Bulldogs,294101,Jason Johannisen,32,Gen Def,16,65.5771294146604,Veterans
2025,Western Bulldogs,297373,Marcus Bontempelli,29,Mid,18,130.608221704021,Prime
2025,Western Bulldogs,297899,James Harmes,29,Wing,13,75.5432142591414,Prime
2025,Western Bulldogs,990740,Rory Lobb,32,Key Def,23,66.3569049968953,Veterans
2025,Western Bulldogs,992351,Bailey Williams,27,Wing,23,79.8709052695571,Prime
2025,Western Bulldogs,996708,Bailey Dale,29,Gen Def,23,102.390665173617,Prime
2025,Western Bulldogs,997501,Ryan Gardner,28,Key Def,1,25.653504926264,Prime
2025,Western Bulldogs,998782,Buku Khamis,25,Key Fwd,14,53.3926906009247,Established Youth
2026,Adelaide Crows,1001195,Izak Rankine,26,Gen Fwd,2,55.6837724447728,Prime
2026,Adelaide Crows,1001396,Isaac Cumming,28,Wing,3,62.5193850836697,Prime
2026,Adelaide Crows,1004995,Jordon Butts,26,Key Def,3,64.440934164342,Prime
2026,Adelaide Crows,1006013,James Peatling,26,Mid,3,74.7872915369612,Prime
2026,Adelaide Crows,1006203,Chayce Jones,26,Gen Def,2,62.1077395200215,Prime
2026,Adelaide Crows,1008230,Nick Murray,25,Key Def,3,86.0935538545541,Established Youth
2026,Adelaide Crows,1008384,Riley Thilthorpe,24,Key Fwd,3,78.9829440403728,Established Youth
2026,Adelaide Crows,1011981,Josh Worrell,25,Gen Def,3,111.827084977501,Established Youth
2026,Adelaide Crows,1012218,Luke Pedlar,24,Gen Fwd,3,28.6241251472277,Established Youth
2026,Adelaide Crows,1012807,Sam Berry,24,Mid,3,95.5425088171589,Established Youth
2026,Adelaide Crows,1015370,Max Michalanney,22,Gen Def,3,66.5807977483057,Established Youth
2026,Adelaide Crows,1017051,Josh Rachele,23,Mid-Fwd,3,88.2438315443869,Established Youth
2026,Adelaide Crows,1017065,Zac Taylor,23,Gen Fwd,1,63.7186313731598,Established Youth
2026,Adelaide Crows,1017109,Jake Soligo,23,Mid,3,79.3424421473338,Established Youth
2026,Adelaide Crows,1018335,Brayden Cook,24,Wing,3,78.1168158353055,Established Youth
2026,Adelaide Crows,1020950,Toby Murray,22,Ruck,1,12.0558102005374,Established Youth
2026,Adelaide Crows,1021031,Luke Nankervis,23,Wing,1,39.4908116392896,Established Youth
2026,Adelaide Crows,1021200,Lachlan McAndrew,26,Ruck,3,78.4396377379973,Prime
2026,Adelaide Crows,1023534,Hugh Bond,21,Gen Def,2,67.4068681512416,Rising Stars
2026,Adelaide Crows,1031792,Finnbar Maley,23,Key Fwd,1,41.472329803893,Established Youth
2026,Adelaide Crows,280506,Taylor Walker,36,Key Fwd,2,79.2247352629476,Old Timers
2026,Adelaide Crows,293222,Rory Laird,32,Gen Def,2,76.8716022857194,Veterans
2026,Adelaide Crows,296420,Alex Neal-Bullen,30,Gen Fwd,3,65.2682184418115,Veterans
2026,Adelaide Crows,298437,Callum Ah Chee,28,Mid-Fwd,2,44.8318572349318,Prime
2026,Adelaide Crows,990882,Wayne Milera,28,Gen Def,3,86.8119789529773,Prime
2026,Adelaide Crows,992242,Jordan Dawson,29,Mid,2,97.0962736765019,Prime
2026,Adelaide Crows,993946,Ben Keays,29,Gen Fwd,3,50.6392718940523,Prime
2026,Adelaide Crows,999331,Darcy Fogarty,26,Key Fwd,3,42.7890871375722,Prime
2026,Brisbane Lions,1000978,Hugh McCluggage,28,Mid,1,12.9323277144518,Prime
2026,Brisbane Lions,1002235,Cam Rayner,26,Gen Fwd,3,56.4002965472689,Prime
2026,Brisbane Lions,1002312,Zac Bailey,26,Mid-Fwd,2,95.3288520217428,Prime
2026,Brisbane Lions,1004385,Oscar Allen,27,Key Fwd,3,45.6485810360237,Prime
2026,Brisbane Lions,1005053,Noah Answerth,27,Gen Def,2,35.614955916995,Prime
2026,Brisbane Lions,1005577,Sam Draper,27,Ruck,2,39.2632202550622,Prime
2026,Brisbane Lions,1006059,Keidean Coleman,26,Gen Def,3,70.1352431264935,Prime
2026,Brisbane Lions,1009317,Bruce Reville,25,Wing,3,76.954004925473,Established Youth
2026,Brisbane Lions,1014026,Kai Lohmann,23,Gen Fwd,3,64.2478503817039,Established Youth
2026,Brisbane Lions,1017067,Darcy Wilmot,22,Gen Def,3,78.6817347537533,Established Youth
2026,Brisbane Lions,1021108,James Tunstill,23,Gen Fwd,1,52.6156187899137,Established Youth
2026,Brisbane Lions,1023517,Will Ashcroft,22,Mid,3,84.6802198165435,Established Youth
2026,Brisbane Lions,1023708,Jaspa Fletcher,22,Gen Def,3,75.5206262963046,Established Youth
2026,Brisbane Lions,1028019,Logan Morris,21,Key Fwd,2,71.6972260529048,Rising Stars
2026,Brisbane Lions,1028560,Levi Ashcroft,19,Wing,3,80.0971782614723,Rising Stars
2026,Brisbane Lions,1029326,Daniel Annable,19,Wing,1,40.0351139298316,Rising Stars
2026,Brisbane Lions,1032650,Zane Zakostelsky,20,Key Def,2,58.9093916053744,Rising Stars
2026,Brisbane Lions,1034411,Ty Gallop,20,Key Fwd,3,34.4158578629529,Rising Stars
2026,Brisbane Lions,261224,Dayne Zorko,37,Gen Def,3,109.557159240391,Old Timers
2026,Brisbane Lions,291548,Ryan Lester,34,Key Def,3,82.0073193766771,Old Timers
2026,Brisbane Lions,293535,Lachie Neale,33,Mid,3,95.8622359894357,Veterans
2026,Brisbane Lions,293581,Lincoln McCarthy,32,Gen Fwd,2,57.5602224915236,Veterans
2026,Brisbane Lions,296269,Darcy Gardiner,30,Key Def,2,43.1511531172851,Veterans
2026,Brisbane Lions,298211,Darcy Fort,33,Ruck,3,80.8265832603321,Veterans
2026,Brisbane Lions,990609,Charlie Cameron,32,Gen Fwd,3,72.3856277697162,Veterans
2026,Brisbane Lions,993834,Josh Dunkley,29,Mid,3,95.8899425694453,Prime
2026,Brisbane Lions,996059,Harris Andrews,29,Key Def,1,88.6913700647712,Prime
2026,Brisbane Lions,998133,Jarrod Berry,28,Wing,3,94.0672135119102,Prime
2026,Carlton,1000953,Harry McKay,28,Key Fwd,3,66.2915552349536,Prime
2026,Carlton,1002228,Lachie Fogarty,27,Gen Fwd,2,47.1161147458218,Prime
2026,Carlton,1006094,Sam Walsh,26,Mid,3,104.014132607202,Prime
2026,Carlton,1009241,Brodie Kemp,25,Key Fwd,3,49.5707281622579,Established Youth
2026,Carlton,1012862,Elijah Hollands,24,Gen Fwd,3,78.8684743034044,Established Youth
2026,Carlton,1017057,Campbell Chesser,23,Wing,3,62.708265021062,Established Youth
2026,Carlton,1017255,Francis Evans,24,Mid-Fwd,1,49.4140508975308,Established Youth
2026,Carlton,1020097,Ashton Moir,21,Gen Fwd,1,57.1987506621974,Rising Stars
2026,Carlton,1021353,Lachlan Cowan,21,Gen Def,2,45.115630256684,Rising Stars
2026,Carlton,1023346,Liam Reidy,26,Ruck,1,30.6169095808773,Prime
2026,Carlton,1023489,Hudson O'Keeffe,21,Ruck,2,22.0207745337582,Rising Stars
2026,Carlton,1023495,Oliver Hollands,22,Gen Def,3,76.8257268304845,Established Youth
2026,Carlton,1027964,Matthew Carroll,20,Wing,2,64.0533377297021,Rising Stars
2026,Carlton,1028515,Jagga Smith,20,Mid,3,88.660649149967,Rising Stars
2026,Carlton,1032108,Cooper Lord,21,Wing,2,80.3256804297101,Rising Stars
2026,Carlton,1033084,Harry Dean,18,Gen Def,3,52.8216134585275,Rising Stars
2026,Carlton,1036426,Talor Byrne,18,Gen Fwd,1,52.4112835551892,Rising Stars
2026,Carlton,294036,George Hewett,30,Mid,3,87.3782292829621,Veterans
2026,Carlton,294685,Zac Williams,32,Gen Def,3,78.7925040891075,Veterans
2026,Carlton,295461,Adam Saad,32,Gen Def,1,83.3927129294405,Veterans
2026,Carlton,297255,Mitch McGovern,31,Gen Fwd,3,82.9361749111641,Veterans
2026,Carlton,298290,Marc Pittonet,30,Ruck,3,89.0594621247077,Veterans
2026,Carlton,990704,Patrick Cripps,31,Mid,3,88.8327418033814,Veterans
2026,Carlton,993832,Jacob Weitering,28,Key Def,3,80.0023234664797,Prime
2026,Carlton,997100,Will Hayward,27,Gen Fwd,3,60.8359150273493,Prime
2026,Carlton,997316,Lewis Young,27,Key Def,3,61.1142557267336,Prime
2026,Carlton,998103,Oliver Florent,28,Gen Def,3,93.2736786069708,Prime
2026,Carlton,998130,Ben Ainsworth,28,Gen Fwd,3,60.1524839464917,Prime
2026,Collingwood,1000860,Lachie Schultz,28,Gen Fwd,3,90.8521963573152,Prime
2026,Collingwood,1003130,Patrick Lipinski,28,Mid-Fwd,3,66.6715091671989,Prime
2026,Collingwood,1004757,Beau McCreery,25,Gen Fwd,3,63.9822298398802,Established Youth
2026,Collingwood,1005054,Josh Daicos,27,Gen Def,3,115.074665072592,Prime
2026,Collingwood,1008089,Isaac Quaynor,26,Gen Def,3,80.6203633508593,Prime
2026,Collingwood,1009392,Jack Buller,25,Key Fwd,2,19.9134788710678,Established Youth
2026,Collingwood,1012873,Wil Parker,24,Gen Def,2,39.0224014537458,Established Youth
2026,Collingwood,1017124,Ned Long,23,Mid,3,74.5889613755529,Established Youth
2026,Collingwood,1022844,Oscar Steene,22,Ruck,1,82.7297026382745,Established Youth
2026,Collingwood,1022915,Edward Allan,22,Wing,2,38.0958477739205,Established Youth
2026,Collingwood,1023261,Nick Daicos,23,Mid,3,130.976110700378,Established Youth
2026,Collingwood,1027501,Roan Steele,24,Wing,3,46.9588096045849,Established Youth
2026,Collingwood,260257,Scott Pendlebury,38,Mid,3,75.8512900107555,Old Timers
2026,Collingwood,280965,Steele Sidebottom,35,Mid-Fwd,3,72.6878023392999,Old Timers
2026,Collingwood,291313,Jeremy Howe,36,Gen Def,1,36.6490329515565,Old Timers
2026,Collingwood,293801,Jamie Elliott,34,Gen Fwd,3,43.1309810976322,Old Timers
2026,Collingwood,293871,Jack Crisp,32,Wing,3,101.499661893298,Veterans
2026,Collingwood,294596,Tim Membrey,32,Key Fwd,3,50.201600550192,Veterans
2026,Collingwood,297504,Daniel McStay,31,Key Fwd,3,44.6293410862869,Veterans
2026,Collingwood,298288,Darcy Moore,30,Key Def,1,29.3044727251376,Veterans
2026,Collingwood,990291,Darcy Cameron,31,Ruck,3,84.1063915799968,Veterans
2026,Collingwood,991773,Billy Frampton,29,Key Def,3,61.3186915318238,Prime
2026,Collingwood,992010,Brayden Maynard,30,Key Def,3,96.04740297751,Veterans
2026,Collingwood,994185,Jordan De Goey,30,Mid-Fwd,3,69.7145311347046,Veterans
2026,Collingwood,994295,Dan Houston,29,Gen Def,3,95.5719422703299,Prime
2026,Collingwood,998205,Harry Perryman,27,Gen Def,3,59.5766341788007,Prime
2026,Essendon,1002143,Ben McKay,28,Key Def,3,51.5168239245285,Prime
2026,Essendon,1006096,Xavier Duursma,26,Wing,3,55.2167125888841,Prime
2026,Essendon,1006103,Jye Caldwell,25,Mid,3,93.3419102880442,Established Youth
2026,Essendon,1009386,Jaxon Prior,25,Gen Def,3,77.8484382062598,Established Youth
2026,Essendon,1012817,Zach Reid,24,Key Def,3,48.0220534523444,Established Youth
2026,Essendon,1015810,Sam Durham,25,Mid,3,78.9273627806997,Established Youth
2026,Essendon,1015873,Archie Perkins,24,Gen Fwd,3,51.2996328615184,Established Youth
2026,Essendon,1015919,Saad El-Hawli,25,Wing,1,58.213446434376,Established Youth
2026,Essendon,1018987,Jayden Nguyen,20,Gen Def,2,36.9030539280466,Rising Stars
2026,Essendon,1023515,Archie Roberts,20,Mid,3,85.2165453521812,Rising Stars
2026,Essendon,1027168,Dyson Sharp,19,Gen Fwd,2,35.1255614165225,Rising Stars
2026,Essendon,1027899,Nate Caddy,21,Key Fwd,3,50.6729830019946,Rising Stars
2026,Essendon,1028196,Lachlan Blakiston,28,Ruck,3,62.2452101007023,Prime
2026,Essendon,1028519,Zak Johnson,19,Gen Def,3,49.7651700905643,Rising Stars
2026,Essendon,1028554,Isaac Kako,20,Gen Fwd,2,50.5798816988595,Rising Stars
2026,Essendon,1029084,Archer May,22,Key Fwd,2,34.6508400381813,Established Youth
2026,Essendon,1029265,Archer Day-Wicks,20,Gen Fwd,1,40.3086929049942,Rising Stars
2026,Essendon,1030308,Hussien El Achkar,19,Gen Fwd,2,31.8976941614939,Rising Stars
2026,Essendon,1034305,Jacob Farrow,18,Gen Def,1,48.6581498827509,Rising Stars
2026,Essendon,1036584,Max Kondogiannis,18,Gen Def,2,50.1690018221867,Rising Stars
2026,Essendon,298289,Peter Wright,30,Key Fwd,3,88.4868240623389,Veterans
2026,Essendon,298421,Jade Gresham,28,Gen Fwd,1,49.481426005806,Prime
2026,Essendon,298630,Kyle Langford,29,Key Fwd,3,45.5636305819421,Prime
2026,Essendon,992016,Zach Merrett,30,Mid,3,111.033038832491,Veterans
2026,Essendon,993799,Brayden Fiorini,28,Wing,2,57.6313679063516,Prime
2026,Essendon,993817,Darcy Parish,29,Mid,3,75.4503121387488,Prime
2026,Essendon,996232,Matt Guelfi,29,Gen Fwd,1,50.1582306580822,Prime
2026,Essendon,997078,Mason Redman,28,Gen Def,2,73.7949972730974,Prime
2026,Essendon,998102,Andrew McGrath,28,Gen Def,3,81.9856077499928,Prime
2026,Fremantle,1002232,Andrew Brayshaw,26,Mid,3,88.1912820223405,Prime
2026,Fremantle,1006152,Jordan Clark,25,Gen Def,3,107.910854420979,Established Youth
2026,Fremantle,1009256,Hayden Young,25,Mid-Fwd,1,79.5868714225002,Established Youth
2026,Fremantle,1009399,Luke Jackson,24,Ruck,3,120.769184004103,Established Youth
2026,Fremantle,1009410,Brandon Walker,23,Gen Def,1,37.7497469875142,Established Youth
2026,Fremantle,1009420,Caleb Serong,25,Mid,3,117.638243276078,Established Youth
2026,Fremantle,1011558,Isaiah Dudley,23,Gen Fwd,3,79.708038623371,Established Youth
2026,Fremantle,1012819,Josh Treacy,24,Key Fwd,3,113.120048713131,Established Youth
2026,Fremantle,1013220,Nathan O'Driscoll,24,Wing,2,72.0468001729982,Established Youth
2026,Fremantle,1013224,Heath Chapman,24,Gen Def,3,73.8997936904987,Established Youth
2026,Fremantle,1016825,Matthew Johnson,23,Wing,3,76.061389684274,Established Youth
2026,Fremantle,1017703,Judd McVee,23,Gen Def,3,54.6898926469616,Established Youth
2026,Fremantle,1017754,Patrick Voss,23,Key Fwd,3,68.8696729029017,Established Youth
2026,Fremantle,1020250,Neil Erasmus,22,Wing,3,53.720631796939,Established Youth
2026,Fremantle,1020594,Jye Amiss,23,Key Fwd,3,52.5587475891373,Established Youth
2026,Fremantle,1021015,Karl Worner,24,Gen Def,3,74.9347651417922,Established Youth
2026,Fremantle,1028513,Murphy Reid,20,Gen Fwd,3,80.4885179006468,Rising Stars
2026,Fremantle,1040573,Christopher Scerri,20,Gen Fwd,2,52.1390255512354,Rising Stars
2026,Fremantle,294613,Jaeger O'Meara,32,Mid-Fwd,1,91.621949037495,Veterans
2026,Fremantle,298409,Alex Pearce,31,Key Def,3,38.3217917638507,Veterans
2026,Fremantle,992059,Sam Switkowski,29,Gen Fwd,3,43.6286685473915,Prime
2026,Fremantle,992472,Oscar McDonald,30,Key Def,2,56.1477039520949,Veterans
2026,Fremantle,993940,Corey Wagner,29,Wing,3,71.7867263882472,Prime
2026,Fremantle,993993,Shai Bolton,27,Mid-Fwd,3,113.308896147697,Prime
2026,Fremantle,997033,Brennan Cox,28,Key Def,1,85.1832186921114,Prime
2026,Fremantle,998145,Sean Darcy,28,Ruck,3,65.0597400967198,Prime
2026,Fremantle,998659,Luke Ryan,30,Gen Def,2,80.02444562196,Veterans
2026,GWS GIANTS,1006135,Xavier O'Halloran,26,Mid-Fwd,4,44.224473808347,Prime
2026,GWS GIANTS,1008083,Connor Idun,26,Gen Def,4,93.1657253169764,Prime
2026,GWS GIANTS,1008123,Jake Riccardi,26,Ruck,4,84.4589893101688,Prime
2026,GWS GIANTS,1008436,Kieren Briggs,26,Ruck,4,69.1925490233193,Prime
2026,GWS GIANTS,1009253,Lachie Ash,25,Gen Def,4,110.042330320993,Established Youth
2026,GWS GIANTS,1009708,Jack Buckley,28,Key Def,3,67.6920682680987,Prime
2026,GWS GIANTS,1014038,Callum Brown,26,Gen Fwd,4,35.2786275250667,Prime
2026,GWS GIANTS,1015777,Ryan Angwin,23,Wing,4,78.0076854010623,Established Youth
2026,GWS GIANTS,1021122,Harry Rowston,22,Mid,3,54.0849044258313,Established Youth
2026,GWS GIANTS,1023266,Finn Callaghan,23,Mid,4,104.907879982347,Established Youth
2026,GWS GIANTS,1027921,Max Gruzewski,22,Key Fwd,4,42.0933439905667,Established Youth
2026,GWS GIANTS,1027925,Harvey Thomas,21,Wing,4,95.0261336857933,Rising Stars
2026,GWS GIANTS,1028485,Oliver Hannaford,20,Gen Fwd,1,15.7012895021182,Rising Stars
2026,GWS GIANTS,1029030,Josaia Delana,20,Gen Fwd,4,36.4805484409012,Rising Stars
2026,GWS GIANTS,1032042,Phoenix Gothard,20,Gen Fwd,4,58.3800322109519,Rising Stars
2026,GWS GIANTS,1032119,James Leake,20,Gen Def,1,55.7266969377838,Rising Stars
2026,GWS GIANTS,1032629,Joe Fonti,21,Gen Def,4,89.8230291835752,Rising Stars
2026,GWS GIANTS,291969,Stephen Coniglio,32,Mid-Fwd,4,81.4726596594528,Veterans
2026,GWS GIANTS,293884,Jake Stringer,32,Key Fwd,4,67.4306264342421,Veterans
2026,GWS GIANTS,294305,Lachie Whitfield,32,Gen Def,4,99.2608522391542,Veterans
2026,GWS GIANTS,295344,Toby Greene,32,Mid,4,77.1730509866636,Veterans
2026,GWS GIANTS,296324,Jesse Hogan,31,Key Fwd,4,52.8406743403099,Veterans
2026,GWS GIANTS,298280,Jayden Laverde,30,Key Def,4,74.2969688660268,Veterans
2026,GWS GIANTS,993107,Harry Himmelberg,30,Gen Def,4,65.9746449188498,Veterans
2026,GWS GIANTS,996701,Clayton Oliver,29,Mid,4,104.505095860599,Prime
2026,Geelong Cats,1000937,Jack Henry,28,Key Def,3,70.8022384155271,Prime
2026,Geelong Cats,1002222,James Worpel,27,Mid,1,77.6890213328012,Prime
2026,Geelong Cats,1004870,Zach Guthrie,28,Gen Def,3,61.6411246376106,Prime
2026,Geelong Cats,1004938,Gryan Miers,27,Gen Fwd,3,98.525873838903,Prime
2026,Geelong Cats,1006130,Bailey Smith,25,Mid,3,118.72645303125,Established Youth
2026,Geelong Cats,1007102,Mark O'Connor,29,Wing,3,62.8703273391362,Prime
2026,Geelong Cats,1009229,Sam De Koning,25,Key Def,3,63.6420693607319,Established Youth
2026,Geelong Cats,1012805,Tanner Bruhn,24,Wing,3,82.2829643757559,Established Youth
2026,Geelong Cats,1012860,Oliver Henry,24,Key Fwd,2,42.4470831907412,Established Youth
2026,Geelong Cats,1013464,Lawson Humphries,23,Gen Def,3,70.9556648646767,Established Youth
2026,Geelong Cats,1015889,Max Holmes,24,Mid,3,121.605208786298,Established Youth
2026,Geelong Cats,1016433,Shannon Neale,24,Key Fwd,3,84.3045023003161,Established Youth
2026,Geelong Cats,1020881,Oliver Wiltshire,24,Gen Fwd,1,39.1658336447885,Established Youth
2026,Geelong Cats,1021103,Mitch Knevitt,23,Key Fwd,1,46.3343200343322,Established Youth
2026,Geelong Cats,1023537,Jhye Clark,22,Mid-Fwd,3,46.48726556018,Established Youth
2026,Geelong Cats,1024304,Mitchell Edwards,21,Ruck,2,37.1686009711494,Rising Stars
2026,Geelong Cats,1024982,Oisin Mullin,26,Gen Def,3,43.8561003589708,Prime
2026,Geelong Cats,1025034,Oliver Dempsey,23,Wing,3,82.1826383574366,Established Youth
2026,Geelong Cats,1027877,Connor O'Sullivan,21,Key Def,3,80.0238628830982,Rising Stars
2026,Geelong Cats,270917,Patrick Dangerfield,36,Gen Fwd,1,33.0295765024839,Old Timers
2026,Geelong Cats,291800,Tom Stewart,33,Gen Def,3,118.902956574198,Veterans
2026,Geelong Cats,293845,Jeremy Cameron,33,Key Fwd,2,75.8259474484129,Veterans
2026,Geelong Cats,296190,Jack Martin,31,Gen Fwd,3,72.0344008311082,Veterans
2026,Geelong Cats,296733,Mark Blicavs,35,Ruck,3,70.699987527038,Old Timers
2026,Geelong Cats,993878,Shaun Mannagh,29,Gen Fwd,3,85.3280981789343,Prime
2026,Geelong Cats,994386,Tom Atkins,30,Mid,3,89.5247171370033,Veterans
2026,Geelong Cats,999326,Brad Close,28,Gen Fwd,2,20.8255734564447,Prime
2026,Gold Coast SUNS,1000072,John Noble,29,Gen Def,3,93.0715498316719,Prime
2026,Gold Coast SUNS,1000981,Daniel Rioli,29,Gen Def,3,73.9628875225434,Prime
2026,Gold Coast SUNS,1005992,Joel Jeffrey,24,Gen Def,3,102.38881916381,Established Youth
2026,Gold Coast SUNS,1006144,Ben King,26,Key Fwd,3,80.2640259257741,Prime
2026,Gold Coast SUNS,1007881,Wil Powell,26,Mid,3,88.7886300716323,Prime
2026,Gold Coast SUNS,1008882,Charlie Ballard,27,Gen Def,1,71.7627364897952,Prime
2026,Gold Coast SUNS,1009199,Noah Anderson,25,Mid,3,109.035890939724,Established Youth
2026,Gold Coast SUNS,1013257,Sam Clohesy,23,Wing,3,75.8677588741532,Established Youth
2026,Gold Coast SUNS,1013268,Alex Davies,24,Mid,3,73.9938404051691,Established Youth
2026,Gold Coast SUNS,1015515,Oscar Adams,23,Key Def,2,37.1663279355028,Established Youth
2026,Gold Coast SUNS,1017396,Mac Andrew,22,Key Def,3,76.6352182841164,Established Youth
2026,Gold Coast SUNS,1017665,Bodhi Uwland,23,Gen Def,3,96.123497538056,Established Youth
2026,Gold Coast SUNS,1018123,Jake Rogers,21,Gen Fwd,2,82.9424241564524,Rising Stars
2026,Gold Coast SUNS,1023500,Bailey Humphrey,22,Gen Fwd,2,84.7429349320776,Established Youth
2026,Gold Coast SUNS,1026960,Will Graham,21,Gen Fwd,3,60.4629218740756,Rising Stars
2026,Gold Coast SUNS,1027033,Ethan Read,21,Key Fwd,3,59.0819975077858,Rising Stars
2026,Gold Coast SUNS,1029297,Zeke Uwland,19,Wing,3,38.2409487848505,Rising Stars
2026,Gold Coast SUNS,1029301,Leonardo Lombard,19,Gen Fwd,3,48.0711671890951,Rising Stars
2026,Gold Coast SUNS,291975,Jarrod Witts,34,Ruck,3,99.5616883398573,Old Timers
2026,Gold Coast SUNS,295446,Sam Collins,32,Key Def,3,80.702727783517,Veterans
2026,Gold Coast SUNS,298210,Christian Petracca,30,Mid-Fwd,3,136.007695137148,Veterans
2026,Gold Coast SUNS,298272,Touk Miller,30,Mid-Fwd,3,112.819398114487,Veterans
2026,Gold Coast SUNS,298524,Lachie Weller,30,Wing,3,63.4578430036336,Veterans
2026,Gold Coast SUNS,993917,Ben Long,28,Gen Fwd,3,60.8636674468739,Prime
2026,Gold Coast SUNS,999715,Jy Farrar,29,Gen Fwd,2,31.7152615112586,Prime
2026,Hawthorn,1000887,Mitch Lewis,27,Key Fwd,3,66.6867815905121,Prime
2026,Hawthorn,1000963,Harry Morrison,27,Wing,1,39.4203630030387,Prime
2026,Hawthorn,1000980,Lloyd Meek,28,Ruck,3,67.9400744076465,Prime
2026,Hawthorn,1001024,Ned Reeves,27,Ruck,2,94.3875909155898,Prime
2026,Hawthorn,1005144,Massimo D'Ambrosio,23,Wing,3,60.1752264692577,Established Youth
2026,Hawthorn,1006314,Dylan Moore,27,Gen Fwd,3,84.2887573661494,Prime
2026,Hawthorn,1007124,Conor Nash,28,Mid,3,84.2893311402778,Prime
2026,Hawthorn,1009421,Finn Maginness,25,Gen Fwd,1,31.8735096877806,Established Youth
2026,Hawthorn,1010708,Sam Butler,23,Mid-Fwd,3,51.5415792626228,Established Youth
2026,Hawthorn,1012857,Jack Ginnivan,23,Gen Fwd,3,75.1784148078112,Established Youth
2026,Hawthorn,1017094,Connor Macdonald,23,Gen Fwd,3,91.2093167236661,Established Youth
2026,Hawthorn,1017110,Josh Ward,23,Mid,3,80.8197321122524,Established Youth
2026,Hawthorn,1020895,Jai Newcombe,25,Mid,3,89.7666466840479,Established Youth
2026,Hawthorn,1023473,Nick Watson,21,Gen Fwd,3,91.5182574258584,Rising Stars
2026,Hawthorn,1023482,Cam Mackenzie,22,Mid,2,83.4575148350559,Established Youth
2026,Hawthorn,1027935,Josh Weddle,22,Wing,3,76.7984469405482,Established Youth
2026,Hawthorn,291351,Jack Gunston,34,Key Fwd,3,92.1671506157402,Old Timers
2026,Hawthorn,296254,Jarman Impey,31,Gen Def,3,71.2394596713069,Veterans
2026,Hawthorn,297354,Karl Amon,30,Gen Def,3,71.0633830141835,Veterans
2026,Hawthorn,297566,James Sicily,31,Key Def,3,107.749947054918,Veterans
2026,Hawthorn,990290,Tom Barrass,30,Key Def,3,55.4481125629625,Veterans
2026,Hawthorn,993794,Blake Hardwick,29,Gen Def,3,76.9236642266757,Prime
2026,Hawthorn,994077,Mabior Chol,29,Key Fwd,3,65.2728513259534,Prime
2026,Hawthorn,998114,Jack Scrimshaw,28,Key Def,3,68.9809814142067,Prime
2026,Hawthorn,998134,Josh Battle,28,Key Def,3,81.308673362902,Prime
2026,Melbourne,1001438,Bayley Fritsch,29,Gen Fwd,3,84.0967088966258,Prime
2026,Melbourne,1005330,Kade Chandler,26,Gen Fwd,3,79.4159833567072,Prime
2026,Melbourne,1007099,Harry Sharp,23,Gen Fwd,3,63.3536779915024,Established Youth
2026,Melbourne,1008541,Kysaiah Pickett,25,Mid,3,98.1608458254411,Established Youth
2026,Melbourne,1008893,Harrison Petty,26,Key Def,3,40.2054864753708,Prime
2026,Melbourne,1009378,Trent Rivers,25,Gen Def,2,64.2184779802269,Established Youth
2026,Melbourne,1017122,Blake Howes,23,Gen Def,3,53.373808777206,Established Youth
2026,Melbourne,1017720,Jacob van Rooyen,23,Key Fwd,3,57.7946020045693,Established Youth
2026,Melbourne,1020802,Jai Culley,23,Mid-Fwd,3,70.1715898972814,Established Youth
2026,Melbourne,1020887,Paddy Cross,23,Gen Fwd,1,35.8309572715014,Established Youth
2026,Melbourne,1020959,Daniel Turner,24,Key Def,2,53.8522117663717,Established Youth
2026,Melbourne,1022677,Latrelle Pickett,20,Gen Fwd,3,30.2364217446431,Rising Stars
2026,Melbourne,1023640,Koltyn Tholstrup,21,Gen Def,3,49.8779460690111,Rising Stars
2026,Melbourne,1027821,Caleb Windsor,21,Mid,3,64.6438164610021,Rising Stars
2026,Melbourne,1028531,Xavier Lindsay,20,Gen Def,3,69.9170973303136,Rising Stars
2026,Melbourne,1028546,Harvey Langford,20,Wing,3,50.0292495703197,Rising Stars
2026,Melbourne,290528,Max Gawn,34,Ruck,3,131.449258944752,Old Timers
2026,Melbourne,291533,Tom McDonald,34,Key Def,1,88.0636246817138,Old Timers
2026,Melbourne,291849,Brody Mihocek,33,Key Fwd,3,43.2485720422032,Veterans
2026,Melbourne,296205,Jack Steele,30,Mid,3,103.612150954446,Veterans
2026,Melbourne,296359,Christian Salem,31,Gen Def,3,82.009638382744,Veterans
2026,Melbourne,298264,Ed Langdon,30,Mid-Fwd,3,72.0042987870104,Veterans
2026,Melbourne,298281,Jake Lever,30,Key Def,3,80.6328589223858,Veterans
2026,Melbourne,998390,Changkuoth Jiath,27,Gen Def,3,55.8234411901531,Prime
2026,Melbourne,999391,Tom Sparrow,26,Mid,3,68.1713824015215,Prime
2026,North Melbourne,1000061,Callum Coleman-Jones,27,Ruck,1,23.4349287791638,Prime
2026,North Melbourne,1001017,Nick Larkey,28,Key Fwd,3,86.5916389091736,Prime
2026,North Melbourne,1002138,Toby Pink,28,Key Def,3,72.062342222262,Prime
2026,North Melbourne,1002267,Luke Davies-Uniacke,27,Mid,3,115.292100787104,Prime
2026,North Melbourne,1002947,Paul Curtis,23,Gen Fwd,3,56.0068140789602,Established Youth
2026,North Melbourne,1004848,Dylan Stephens,25,Wing,3,91.5572025314727,Established Youth
2026,North Melbourne,1004965,Tristan Xerri,27,Ruck,3,131.843195409929,Prime
2026,North Melbourne,1011659,Tom Powell,24,Mid-Fwd,3,82.4773236542362,Established Youth
2026,North Melbourne,1015781,Charlie Comben,25,Key Def,3,85.1905255501506,Established Youth
2026,North Melbourne,1015883,Tom Blamires,24,Gen Def,3,78.1472069141648,Established Youth
2026,North Melbourne,1023477,George Wardlaw,22,Mid,1,68.1253341316663,Established Youth
2026,North Melbourne,1023494,Zane Duursma,20,Gen Fwd,3,47.2346892069784,Rising Stars
2026,North Melbourne,1023518,Harry Sheezel,21,Mid,3,134.265733939297,Rising Stars
2026,North Melbourne,1023530,Jacob Konstanty,21,Gen Fwd,2,33.438269290336,Rising Stars
2026,North Melbourne,1024272,Colby McKercher,21,Gen Def,3,85.3002047812768,Rising Stars
2026,North Melbourne,1028495,Finn O'Sullivan,20,Mid,3,89.5720417703137,Rising Stars
2026,North Melbourne,1031988,Cooper Trembath,20,Key Fwd,3,63.5726337417488,Rising Stars
2026,North Melbourne,1033060,Lachy Dovaston,19,Gen Fwd,3,40.2596142031673,Rising Stars
2026,North Melbourne,290778,Luke Parker,33,Gen Def,3,121.682251294682,Veterans
2026,North Melbourne,290838,Jack Darling,34,Key Fwd,2,59.7041857327914,Old Timers
2026,North Melbourne,294508,Aidan Corr,32,Key Def,1,19.2541486444026,Veterans
2026,North Melbourne,295136,Caleb Daniel,30,Gen Def,3,94.9272224137935,Veterans
2026,North Melbourne,296355,Luke McDonald,31,Gen Def,3,69.6155093611329,Veterans
2026,North Melbourne,993998,Jy Simpkin,28,Wing,3,77.619930746051,Prime
2026,North Melbourne,997933,Griffin Logue,28,Key Def,2,33.2162480662973,Prime
2026,North Melbourne,998484,Cameron Zurhaar,28,Gen Fwd,3,54.6501151437767,Prime
2026,Port Adelaide,1000972,Willem Drew,27,Mid,3,90.0920649247628,Prime
2026,Port Adelaide,1001299,Connor Rozee,26,Mid,2,80.4228272696314,Prime
2026,Port Adelaide,1002220,Esava Ratugolea,28,Key Def,3,55.0523509296126,Prime
2026,Port Adelaide,1002253,Kane Farrell,27,Gen Def,3,99.0336575584779,Prime
2026,Port Adelaide,1004095,Jack Lukosius,26,Key Fwd,2,102.462012518927,Prime
2026,Port Adelaide,1004530,Jacob Wehr,28,Wing,3,47.0873097326162,Prime
2026,Port Adelaide,1004998,Todd Marshall,27,Gen Def,2,81.3687674725585,Prime
2026,Port Adelaide,1005326,Jackson Mead,24,Gen Def,2,54.0353985421747,Established Youth
2026,Port Adelaide,1006121,Zak Butters,26,Mid,3,118.445468044371,Prime
2026,Port Adelaide,1008239,Joe Richards,26,Gen Fwd,3,83.9943888704542,Prime
2026,Port Adelaide,1008510,Corey Durdin,24,Gen Fwd,3,53.4698679085685,Established Youth
2026,Port Adelaide,1009191,Miles Bergman,24,Gen Def,2,50.5014730996788,Established Youth
2026,Port Adelaide,1010174,Mitch Georgiades,24,Key Fwd,3,74.6047719709008,Established Youth
2026,Port Adelaide,1011583,Lachie Jones,24,Gen Def,2,54.5537655509185,Established Youth
2026,Port Adelaide,1011640,Jason Horne-Francis,23,Mid-Fwd,3,89.6112458795362,Established Youth
2026,Port Adelaide,1012002,Jack Watkins,25,Mid,3,62.7688583739361,Established Youth
2026,Port Adelaide,1012881,Ollie Lord,24,Key Fwd,1,40.7867358298319,Established Youth
2026,Port Adelaide,1013462,Jase Burgoyne,23,Wing,3,91.9485243935268,Established Youth
2026,Port Adelaide,1017128,Dante Visentini,23,Ruck,1,61.6283429845857,Established Youth
2026,Port Adelaide,1019938,Logan Evans,20,Gen Def,3,73.114576717894,Rising Stars
2026,Port Adelaide,1027887,Ewan Mackinlay,23,Wing,3,52.9919414548172,Established Youth
2026,Port Adelaide,1028529,Joe Berry,20,Gen Fwd,3,49.2018969924929,Rising Stars
2026,Port Adelaide,1032053,Jack Whitlock,20,Key Fwd,3,58.8891666408168,Rising Stars
2026,Port Adelaide,1040300,Josh Lai,20,Gen Def,1,52.2170921570633,Rising Stars
2026,Port Adelaide,294469,Aliir Aliir,32,Key Def,3,79.4107638478187,Veterans
2026,Port Adelaide,991930,Darcy Byrne-Jones,30,Gen Fwd,3,55.06309037507,Veterans
2026,Port Adelaide,992330,Jordon Sweet,28,Ruck,2,107.456966092105,Prime
2026,Port Adelaide,998129,Will Brodie,28,Mid,1,66.854215400668,Prime
2026,Richmond,1002245,Noah Balta,26,Key Def,3,52.091083250177,Prime
2026,Richmond,1002403,Ben Miller,26,Key Def,3,65.2831441082264,Prime
2026,Richmond,1006133,Jack Ross,26,Mid,3,93.9626564963522,Prime
2026,Richmond,1008478,Rhyan Mansell,26,Gen Fwd,1,84.9894653937582,Prime
2026,Richmond,1008747,Mykelti Lefau,28,Ruck,2,58.11376860171,Prime
2026,Richmond,1009551,Maurice Rioli,24,Gen Fwd,3,46.8281214504971,Established Youth
2026,Richmond,1011985,Hugo Ralphsmith,24,Wing,3,44.696305441293,Established Youth
2026,Richmond,1013197,Sam Banks,23,Gen Def,3,73.7992292517429,Established Youth
2026,Richmond,1017059,Josh Gibcus,23,Key Def,1,56.2291516809068,Established Youth
2026,Richmond,1017086,Tom Brown,23,Gen Def,2,34.3347440768685,Established Youth
2026,Richmond,1017114,Tyler Sonsie,23,Mid-Fwd,2,72.7097839332144,Established Youth
2026,Richmond,1019916,Kane McAuliffe,21,Wing,1,51.7601097598436,Rising Stars
2026,Richmond,1023056,Steely Green,22,Gen Fwd,3,60.6230086472114,Established Youth
2026,Richmond,1023275,Seth Campbell,21,Gen Fwd,3,59.9470168337814,Rising Stars
2026,Richmond,1028491,Sam Lalor,20,Mid,3,77.4114187151804,Rising Stars
2026,Richmond,1028498,Jonty Faull,20,Key Fwd,2,48.5919848762207,Rising Stars
2026,Richmond,1028521,Luke Trainor,20,Gen Def,1,102.432652197417,Rising Stars
2026,Richmond,1028525,Harry Armstrong,20,Key Fwd,3,19.2244986606597,Rising Stars
2026,Richmond,1028537,Jasper Alger,19,Gen Fwd,1,16.2264158997954,Rising Stars
2026,Richmond,1031829,James Trezise,24,Wing,2,53.7053157191042,Established Youth
2026,Richmond,1036103,Campbell Gray,23,Ruck,2,6.58372705818059,Established Youth
2026,Richmond,1036579,Sam Grlj,19,Gen Def,3,61.5398660849974,Rising Stars
2026,Richmond,290627,Dion Prestia,33,Mid-Fwd,2,78.508416508235,Veterans
2026,Richmond,293813,Tom Lynch,33,Key Fwd,2,54.2739964942495,Veterans
2026,Richmond,294674,Nick Vlastuin,32,Gen Def,2,73.004928232384,Veterans
2026,Richmond,295203,Nathan Broad,33,Gen Def,2,65.0555094940301,Veterans
2026,Richmond,298174,Toby Nankervis,32,Ruck,2,110.219494026572,Veterans
2026,Richmond,992049,Jayden Short,30,Gen Def,3,102.17321780341,Veterans
2026,Richmond,993903,Jacob Hopper,29,Mid,3,51.9365527730309,Prime
2026,Richmond,998172,Tim Taranto,28,Mid,3,119.505841654291,Prime
2026,St Kilda,1001028,Jack Silvagni,28,Key Def,4,66.1184516496728,Prime
2026,St Kilda,1002227,Jack Higgins,27,Gen Fwd,4,67.3083989777876,Prime
2026,St Kilda,1004364,Liam Ryan,29,Gen Fwd,4,39.0910717926875,Prime
2026,St Kilda,1004912,Tom De Koning,27,Ruck,4,77.9211224269891,Prime
2026,St Kilda,1008312,Liam Stocker,26,Key Def,2,51.7467072854976,Prime
2026,St Kilda,1009260,Sam Flanders,25,Mid,4,88.885275922001,Established Youth
2026,St Kilda,1013233,Jack Carroll,23,Gen Def,4,49.4870107118686,Established Youth
2026,St Kilda,1015323,Isaac Keeler,22,Key Fwd,1,48.9628574046918,Established Youth
2026,St Kilda,1015507,Nasiah Wanganeen-Milera,23,Mid,4,93.1359230388962,Established Youth
2026,St Kilda,1018018,Cooper Sharman,26,Key Fwd,4,58.5736919070982,Prime
2026,St Kilda,1020137,Mattaes Phillipou,21,Mid,4,50.9852663208718,Rising Stars
2026,St Kilda,1020855,Max Hall,24,Gen Fwd,4,90.1554983161333,Established Youth
2026,St Kilda,1023270,Marcus Windhager,23,Gen Def,4,88.8491723383779,Established Youth
2026,St Kilda,1023272,Mitch Owens,22,Key Fwd,4,71.894914725645,Established Youth
2026,St Kilda,1023784,Anthony Caminiti,22,Key Def,3,39.4930085896694,Established Youth
2026,St Kilda,1027790,Hugo Garcia,21,Mid,4,72.5834416034429,Rising Stars
2026,St Kilda,1027875,Darcy Wilson,20,Gen Fwd,4,71.6375109056691,Rising Stars
2026,St Kilda,1029148,Hugh Boxshall,20,Wing,3,47.158148338341,Rising Stars
2026,St Kilda,1030433,Alix Tauru,19,Key Def,4,32.4337365950222,Rising Stars
2026,St Kilda,295340,Mason Wood,32,Wing,4,76.0380999464236,Veterans
2026,St Kilda,295467,Jack Macrae,32,Mid,2,67.1945884998788,Veterans
2026,St Kilda,295584,Bradley Hill,33,Wing,4,82.662584893772,Veterans
2026,St Kilda,296422,Callum Wilkie,30,Key Def,4,112.083955323558,Veterans
2026,St Kilda,992374,Dan Butler,30,Mid-Fwd,1,35.5172268807073,Veterans
2026,St Kilda,992468,Rowan Marshall,30,Ruck,3,49.0789922146462,Veterans
2026,St Kilda,993480,Dougal Howard,30,Key Def,1,65.4511408087747,Veterans
2026,St Kilda,994389,Jack Sinclair,31,Gen Def,4,124.612260776948,Veterans
2026,Sydney Swans,1005986,Malcolm Rosas,25,Gen Fwd,3,53.6489299179326,Established Youth
2026,Sydney Swans,1006028,Nick Blakey,26,Gen Def,3,92.1251586038082,Prime
2026,Sydney Swans,1006126,James Rowbottom,26,Mid,3,89.519967898469,Prime
2026,Sydney Swans,1006232,Sam Wicks,26,Gen Def,3,33.0877870765934,Prime
2026,Sydney Swans,1008091,Joel Amartey,26,Key Fwd,3,70.3629192579995,Prime
2026,Sydney Swans,1008198,Tom McCartin,26,Key Def,3,74.5892164085315,Prime
2026,Sydney Swans,1008224,Riley Bice,25,Gen Def,3,90.6142661001194,Established Youth
2026,Sydney Swans,1011936,Justin McInerney,26,Mid-Fwd,3,103.231590787745,Prime
2026,Sydney Swans,1012014,Chad Warner,25,Mid-Fwd,3,83.0532375702457,Established Youth
2026,Sydney Swans,1012210,Matt Roberts,23,Wing,3,83.0802504367175,Established Youth
2026,Sydney Swans,1013128,Errol Gulden,24,Mid-Fwd,2,112.739436410012,Established Youth
2026,Sydney Swans,1013230,Logan McDonald,24,Key Fwd,3,80.5079794752257,Established Youth
2026,Sydney Swans,1013409,James Jordon,25,Gen Fwd,3,51.1893932864348,Established Youth
2026,Sydney Swans,1017091,Jai Serong,23,Wing,3,59.6577450496242,Established Youth
2026,Sydney Swans,1018424,Corey Warner,22,Gen Fwd,1,33.8176348772292,Established Youth
2026,Sydney Swans,1020339,Angus Sheldrick,22,Mid,3,65.9425835745861,Established Youth
2026,Sydney Swans,1024057,Caiden Cleary,21,Gen Fwd,1,18.7366757341035,Rising Stars
2026,Sydney Swans,290307,Dane Rampe,36,Gen Def,3,68.2394430704725,Old Timers
2026,Sydney Swans,293957,Brodie Grundy,32,Ruck,3,111.873640937612,Veterans
2026,Sydney Swans,295342,Jake Lloyd,32,Mid-Fwd,3,56.6849647256919,Veterans
2026,Sydney Swans,298539,Isaac Heeney,30,Mid,2,93.2688582509818,Veterans
2026,Sydney Swans,993905,Callum Mills,29,Gen Def,3,90.9714012138036,Prime
2026,Sydney Swans,996731,Charlie Curnow,29,Key Fwd,3,47.3944785508903,Prime
2026,Sydney Swans,996743,Lewis Melican,29,Key Def,3,43.1447722986796,Prime
2026,Sydney Swans,996765,Tom Papley,30,Gen Fwd,3,54.042549193605,Veterans
2026,West Coast Eagles,1000223,Liam Baker,28,Gen Def,2,67.5914246811522,Prime
2026,West Coast Eagles,1005972,Milan Murdock,26,Gen Fwd,2,101.032543197866,Prime
2026,West Coast Eagles,1008543,Harry Schoenberg,25,Gen Fwd,1,58.9029843145735,Established Youth
2026,West Coast Eagles,1009385,Deven Robertson,25,Mid,3,84.5062677960203,Established Youth
2026,West Coast Eagles,1011437,Harry Edwards,25,Key Def,1,6.71363657437755,Established Youth
2026,West Coast Eagles,1018433,Tylar Young,28,Key Def,3,59.8468969915353,Prime
2026,West Coast Eagles,1022486,Jacob Newton,20,Gen Fwd,3,27.4994414549028,Rising Stars
2026,West Coast Eagles,1023025,Reuben Ginbey,22,Key Def,3,70.5631932422983,Established Youth
2026,West Coast Eagles,1023167,Brady Hough,23,Gen Def,3,56.5290066699249,Established Youth
2026,West Coast Eagles,1023492,Harley Reid,21,Mid,3,90.3805701354935,Rising Stars
2026,West Coast Eagles,1027693,Archer Reid,20,Key Fwd,3,42.5262827198089,Rising Stars
2026,West Coast Eagles,1028449,Bo Allan,20,Gen Def,3,65.7378550268204,Rising Stars
2026,West Coast Eagles,1028725,Cooper Duff-Tytler,18,Key Fwd,3,59.3275222225029,Rising Stars
2026,West Coast Eagles,1029416,Ryan Maric,22,Gen Def,1,74.2630395669688,Established Youth
2026,West Coast Eagles,1031913,Jobe Shanahan,20,Key Fwd,3,65.306426581948,Rising Stars
2026,West Coast Eagles,1032624,Hamish Davis,20,Wing,3,56.6761014864584,Rising Stars
2026,West Coast Eagles,1033078,Josh Lindsay,19,Gen Def,2,65.134842856621,Rising Stars
2026,West Coast Eagles,1033115,Willem Duursma,19,Wing,3,90.2251853584012,Rising Stars
2026,West Coast Eagles,1036124,Tom McCarthy,26,Gen Def,3,86.494579416034,Prime
2026,West Coast Eagles,290826,Jamie Cripps,34,Gen Fwd,3,51.8237543706216,Old Timers
2026,West Coast Eagles,292128,Elliot Yeo,32,Mid-Fwd,3,74.2404389257502,Veterans
2026,West Coast Eagles,295898,Tim Kelly,32,Mid,2,104.589087589182,Veterans
2026,West Coast Eagles,298268,Liam Duggan,29,Gen Def,3,81.677521924549,Prime
2026,West Coast Eagles,990827,Jack Graham,28,Mid,3,78.6733638099676,Prime
2026,West Coast Eagles,993820,Tom Cole,29,Gen Def,1,50.8244825957639,Prime
2026,West Coast Eagles,993902,Matt Flynn,28,Ruck,3,83.6266660088504,Prime
2026,West Coast Eagles,996554,Jake Waterman,28,Key Fwd,3,77.2929985062318,Prime
2026,Western Bulldogs,1000864,Lachlan Bramble,28,Mid-Fwd,3,59.5321018801324,Prime
2026,Western Bulldogs,1001398,Matthew Kennedy,29,Mid,3,98.6166150244735,Prime
2026,Western Bulldogs,1002404,Aaron Naughton,26,Key Fwd,3,85.9491627798712,Prime
2026,Western Bulldogs,1004592,Tim English,29,Ruck,3,119.485163494268,Prime
2026,Western Bulldogs,1006127,Rhylee West,26,Gen Fwd,3,57.7962408416262,Prime
2026,Western Bulldogs,1008280,Ed Richards,27,Mid,3,108.604064856339,Prime
2026,Western Bulldogs,1008454,Connor Budarick,25,Gen Def,3,80.9115547001879,Established Youth
2026,Western Bulldogs,1008855,Oskar Baker,28,Gen Fwd,3,61.4045422620858,Prime
2026,Western Bulldogs,1013996,Jordan Croft,21,Key Fwd,2,25.0315459033625,Rising Stars
2026,Western Bulldogs,1017126,Sam Darcy,23,Key Fwd,3,73.7052027999434,Established Youth
2026,Western Bulldogs,1017939,Ryley Sanders,21,Mid-Fwd,2,66.5480836303529,Rising Stars
2026,Western Bulldogs,1020586,Arthur Jones,23,Gen Fwd,1,21.0360316808061,Established Youth
2026,Western Bulldogs,1020621,Michael Sellwood,22,Gen Def,3,56.385916320127,Established Youth
2026,Western Bulldogs,1027704,Joel Freijah,20,Mid-Fwd,3,78.0708768732078,Rising Stars
2026,Western Bulldogs,1028493,Lachie Jaques,20,Gen Def,3,78.126175465503,Rising Stars
2026,Western Bulldogs,1029456,Cooper Hynes,20,Gen Fwd,3,36.0573859951975,Rising Stars
2026,Western Bulldogs,1032966,James O'Donnell,24,Key Def,3,53.1850350800451,Established Youth
2026,Western Bulldogs,1036104,Will Lewis,27,Key Fwd,1,18.4103738260795,Prime
2026,Western Bulldogs,1036123,Sam Davidson,24,Mid-Fwd,3,46.9854987124115,Established Youth
2026,Western Bulldogs,290799,Tom Liberatore,34,Mid,3,105.749407114786,Old Timers
2026,Western Bulldogs,297373,Marcus Bontempelli,30,Mid,3,138.066120484808,Veterans
2026,Western Bulldogs,990740,Rory Lobb,33,Key Def,3,62.204351849996,Veterans
2026,Western Bulldogs,992351,Bailey Williams,28,Mid-Fwd,3,92.6813040626992,Prime
2026,Western Bulldogs,996708,Bailey Dale,30,Gen Def,3,65.0934672515062,Veterans
2026,Western Bulldogs,998782,Buku Khamis,26,Gen Def,3,55.4628573624603,Prime
